"Patienten ID";"Altersgruppe";"Geschlecht";"körperliche Aktivität";"Body-Mass-Index";"Nüchternblutzucker";"Diabetes bekannt";"Glukose-Toleranz-Test";"Insulinspiegel";"Geschlecht_cat";"körperliche Aktivität_cat";"Diabetes_bekannt_cat";"Body-Mass-Index_cat";"Nüchternblutzucker_cat";"Glukose-Toleranz-Test_cat";"Insulinspiegel_cat"
"73564";"Adult";"2";"2";35,7;110;"2";150;14,91;"weiblich";"nein";"nein";"überdurch..";"überdurch.";"überdurch.";"überdurch."
"73568";"Adult";"2";"2";20,3;89;"2";80;3,8499999999999996;"weiblich";"nein";"nein";"unterdurch.";"unterdurch.";"unterdurch.";"unterdurch."
"73576";"Adult";"1";"2";23,2;89;"2";68;6,139999999999999;"männlich";"nein";"nein";"unterdurch.";"unterdurch.";"unterdurch.";"unterdurch."
"73577";"Adult";"1";"2";28,9;104,00000000000001;"2";84;16,15;"männlich";"nein";"nein";"überdurch..";"überdurch.";"unterdurch.";"überdurch."
"73580";"Adult";"2";"1";35,9;103,00000000000001;"2";81;10,92;"weiblich";"ja";"nein";"überdurch..";"überdurch.";"unterdurch.";"unterdurch."
"73581";"Adult";"1";"2";23,6;110;"2";100;6,079999999999999;"männlich";"nein";"nein";"unterdurch.";"überdurch.";"unterdurch.";"unterdurch."
"73587";"Adult";"1";"2";38,7;94;"2";202;21,11;"männlich";"nein";"nein";"überdurch..";"unterdurch.";"überdurch.";"überdurch."
"73596";"Adult";"2";"2";38,3;107,00000000000001;"2";164;20,93;"weiblich";"nein";"nein";"überdurch..";"überdurch.";"überdurch.";"überdurch."
"73607";"Senior";"1";"2";38,89999999999999;89;"2";112,99999999999999;17,47;"männlich";"nein";"nein";"überdurch..";"unterdurch.";"unterdurch.";"überdurch."
"73610";"Adult";"1";"1";28,9;90,00000000000001;"2";95,00000000000001;3,24;"männlich";"ja";"nein";"überdurch..";"unterdurch.";"unterdurch.";"unterdurch."
"73618";"Adult";"2";"2";32,7;98,00000000000001;"2";80;7,159999999999999;"weiblich";"nein";"nein";"überdurch..";"unterdurch.";"unterdurch.";"unterdurch."
"73619";"Adult";"2";"1";27,3;85,00000000000001;"2";91;9,86;"weiblich";"ja";"nein";"unterdurch.";"unterdurch.";"unterdurch.";"unterdurch."
"73621";"Senior";"1";"2";24,6;100,00000000000001;"2";97;4,33;"männlich";"nein";"nein";"unterdurch.";"überdurch.";"unterdurch.";"unterdurch."
"73633";"Adult";"2";"2";30,499999999999996;102,00000000000001;"2";124;12,06;"weiblich";"nein";"nein";"überdurch..";"überdurch.";"überdurch.";"überdurch."
"73639";"Senior";"1";"2";30,3;133;"2";295;22,92;"männlich";"nein";"nein";"überdurch..";"überdurch.";"überdurch.";"überdurch."
"73640";"Senior";"2";"1";22,1;114,00000000000001;"2";150;10,09;"weiblich";"ja";"nein";"unterdurch.";"überdurch.";"überdurch.";"unterdurch."
"73642";"Adult";"2";"2";37,8;96,00000000000001;"2";119,99999999999999;9,61;"weiblich";"nein";"nein";"überdurch..";"unterdurch.";"überdurch.";"unterdurch."
"73656";"Adult";"1";"2";27,999999999999996;89;"2";82;8,39;"männlich";"nein";"nein";"überdurch..";"unterdurch.";"unterdurch.";"unterdurch."
"73659";"Senior";"2";"2";46,1;139;"2";154;42,669999999999995;"weiblich";"nein";"nein";"überdurch..";"überdurch.";"überdurch.";"überdurch."
"73661";"Adult";"1";"2";21;86,00000000000001;"2";84;4,469999999999999;"männlich";"nein";"nein";"unterdurch.";"unterdurch.";"unterdurch.";"unterdurch."
"73663";"Adult";"1";"2";33;108,00000000000001;"2";77;8,02;"männlich";"nein";"nein";"überdurch..";"überdurch.";"unterdurch.";"unterdurch."
"73667";"Adult";"1";"2";29,099999999999998;99,00000000000001;"2";95,00000000000001;6,119999999999999;"männlich";"nein";"nein";"überdurch..";"unterdurch.";"unterdurch.";"unterdurch."
"73668";"Adult";"2";"2";32,3;108,00000000000001;"2";160;6,759999999999999;"weiblich";"nein";"nein";"überdurch..";"überdurch.";"überdurch.";"unterdurch."
"73676";"Adult";"1";"1";37,599999999999994;105,00000000000001;"2";72;15,98;"männlich";"ja";"nein";"überdurch..";"überdurch.";"unterdurch.";"überdurch."
"73677";"Adult";"2";"2";36,39999999999999;86,00000000000001;"2";76;15,42;"weiblich";"nein";"nein";"überdurch..";"unterdurch.";"unterdurch.";"überdurch."
"73680";"Adult";"1";"2";18;96,00000000000001;"2";83;10,8;"männlich";"nein";"nein";"unterdurch.";"unterdurch.";"unterdurch.";"unterdurch."
"73688";"Adult";"1";"2";33,6;105,00000000000001;"2";158;16,009999999999998;"männlich";"nein";"nein";"überdurch..";"überdurch.";"überdurch.";"überdurch."
"73690";"Senior";"2";"2";21,4;90,00000000000001;"2";76;3,469999999999999;"weiblich";"nein";"nein";"unterdurch.";"unterdurch.";"unterdurch.";"unterdurch."
"73691";"Adult";"1";"2";18,9;86,00000000000001;"2";78;4,06;"männlich";"nein";"nein";"unterdurch.";"unterdurch.";"unterdurch.";"unterdurch."
"73714";"Adult";"2";"2";26,4;87,00000000000001;"2";67;6,43;"weiblich";"nein";"nein";"unterdurch.";"unterdurch.";"unterdurch.";"unterdurch."
"73718";"Adult";"1";"2";26,5;95,00000000000001;"2";142;15,579999999999998;"männlich";"nein";"nein";"unterdurch.";"unterdurch.";"überdurch.";"überdurch."
"73724";"Adult";"1";"1";19,2;89;"2";145;2,969999999999999;"männlich";"ja";"nein";"unterdurch.";"unterdurch.";"überdurch.";"unterdurch."
"73729";"Adult";"1";"2";36,2;96,00000000000001;"2";184;12,359999999999998;"männlich";"nein";"nein";"überdurch..";"unterdurch.";"überdurch.";"überdurch."
"73730";"Adult";"1";"2";26,4;105,00000000000001;"2";79;11,73;"männlich";"nein";"nein";"unterdurch.";"überdurch.";"unterdurch.";"unterdurch."
"73732";"Senior";"1";"2";22,5;102,00000000000001;"2";171;3,2299999999999986;"männlich";"nein";"nein";"unterdurch.";"überdurch.";"überdurch.";"unterdurch."
"73739";"Adult";"2";"2";27,5;90,00000000000001;"2";93;8,119999999999997;"weiblich";"nein";"nein";"unterdurch.";"unterdurch.";"unterdurch.";"unterdurch."
"73756";"Adult";"1";"1";25,6;94;"2";105,99999999999999;2,8499999999999996;"männlich";"ja";"nein";"unterdurch.";"unterdurch.";"unterdurch.";"unterdurch."
"73757";"Adult";"2";"2";37,5;88,00000000000001;"2";78;19,2;"weiblich";"nein";"nein";"überdurch..";"unterdurch.";"unterdurch.";"überdurch."
"73758";"Adult";"2";"2";26,5;94;"2";82;9,36;"weiblich";"nein";"nein";"unterdurch.";"unterdurch.";"unterdurch.";"unterdurch."
"73763";"Adult";"2";"1";39,7;96,00000000000001;"2";122;26,39;"weiblich";"ja";"nein";"überdurch..";"unterdurch.";"überdurch.";"überdurch."
"73764";"Adult";"1";"2";21,1;111,00000000000001;"2";170;10,88;"männlich";"nein";"nein";"unterdurch.";"überdurch.";"überdurch.";"unterdurch."
"73767";"Adult";"2";"2";19;93,00000000000001;"2";86;3,24;"weiblich";"nein";"nein";"unterdurch.";"unterdurch.";"unterdurch.";"unterdurch."
"73772";"Adult";"2";"2";27,3;90,00000000000001;"2";185;14,5;"weiblich";"nein";"nein";"unterdurch.";"unterdurch.";"überdurch.";"überdurch."
"73773";"Adult";"2";"2";23,4;83;"2";119,99999999999999;1,629999999999999;"weiblich";"nein";"nein";"unterdurch.";"unterdurch.";"überdurch.";"unterdurch."
"73775";"Adult";"2";"2";20,6;69,00000000000001;"2";74;19,12;"weiblich";"nein";"nein";"unterdurch.";"unterdurch.";"unterdurch.";"überdurch."
"73779";"Adult";"1";"2";18,1;98,00000000000001;"2";85;6,6899999999999995;"männlich";"nein";"nein";"unterdurch.";"unterdurch.";"unterdurch.";"unterdurch."
"73781";"Adult";"2";"2";30,2;103,00000000000001;"2";98;10,16;"weiblich";"nein";"nein";"überdurch..";"überdurch.";"unterdurch.";"unterdurch."
"73783";"Adult";"1";"1";24,899999999999995;88,00000000000001;"2";96;4,02;"männlich";"ja";"nein";"unterdurch.";"unterdurch.";"unterdurch.";"unterdurch."
"73790";"Adult";"1";"2";30,2;104,00000000000001;"2";138;9,989999999999998;"männlich";"nein";"nein";"überdurch..";"überdurch.";"überdurch.";"unterdurch."
"73801";"Adult";"2";"2";23;83;"2";82;7,639999999999999;"weiblich";"nein";"nein";"unterdurch.";"unterdurch.";"unterdurch.";"unterdurch."
"73805";"Adult";"2";"1";49,89999999999999;105,00000000000001;"2";121;23,65;"weiblich";"ja";"nein";"überdurch..";"überdurch.";"überdurch.";"überdurch."
"73806";"Adult";"1";"2";32,2;112,00000000000001;"2";88;10,179999999999998;"männlich";"nein";"nein";"überdurch..";"überdurch.";"unterdurch.";"unterdurch."
"73807";"Adult";"2";"2";27,8;107,00000000000001;"2";108,99999999999999;8,369999999999997;"weiblich";"nein";"nein";"unterdurch.";"überdurch.";"unterdurch.";"unterdurch."
"73813";"Adult";"2";"2";26,3;87,00000000000001;"2";155;4,72;"weiblich";"nein";"nein";"unterdurch.";"unterdurch.";"überdurch.";"unterdurch."
"73815";"Senior";"2";"2";25;86,00000000000001;"2";86;10,699999999999998;"weiblich";"nein";"nein";"unterdurch.";"unterdurch.";"unterdurch.";"unterdurch."
"73816";"Adult";"1";"2";27,8;129;"2";203;15,489999999999998;"männlich";"nein";"nein";"unterdurch.";"überdurch.";"überdurch.";"überdurch."
"73820";"Adult";"1";"2";28,6;107,00000000000001;"2";136;8,82;"männlich";"nein";"nein";"überdurch..";"überdurch.";"überdurch.";"unterdurch."
"73826";"Adult";"2";"2";19,7;90,00000000000001;"2";100;18,18;"weiblich";"nein";"nein";"unterdurch.";"unterdurch.";"unterdurch.";"überdurch."
"73837";"Adult";"1";"2";28,6;79;"2";55;4,769999999999998;"männlich";"nein";"nein";"überdurch..";"unterdurch.";"unterdurch.";"unterdurch."
"73841";"Adult";"1";"2";22,6;103,00000000000001;"2";134;16,92;"männlich";"nein";"nein";"unterdurch.";"überdurch.";"überdurch.";"überdurch."
"73848";"Senior";"2";"2";41,1;119,00000000000001;"2";145;35,49;"weiblich";"nein";"nein";"überdurch..";"überdurch.";"überdurch.";"überdurch."
"73849";"Adult";"2";"2";19,5;86,00000000000001;"2";76;4,26;"weiblich";"nein";"nein";"unterdurch.";"unterdurch.";"unterdurch.";"unterdurch."
"73860";"Adult";"1";"1";22,6;103,00000000000001;"2";112,99999999999999;2,6999999999999993;"männlich";"ja";"nein";"unterdurch.";"überdurch.";"unterdurch.";"unterdurch."
"73866";"Adult";"2";"2";50,9;120;"2";159;29,879999999999995;"weiblich";"nein";"nein";"überdurch..";"überdurch.";"überdurch.";"überdurch."
"73872";"Adult";"2";"2";28,099999999999998;110;"2";192;14,159999999999998;"weiblich";"nein";"nein";"überdurch..";"überdurch.";"überdurch.";"überdurch."
"73884";"Adult";"1";"2";30,700000000000003;107,00000000000001;"2";96;9,59;"männlich";"nein";"nein";"überdurch..";"überdurch.";"unterdurch.";"unterdurch."
"73887";"Adult";"1";"2";30,799999999999997;102,00000000000001;"2";108;12,73;"männlich";"nein";"nein";"überdurch..";"überdurch.";"unterdurch.";"überdurch."
"73890";"Adult";"1";"2";42,1;95,00000000000001;"2";76;41,309999999999995;"männlich";"nein";"nein";"überdurch..";"unterdurch.";"unterdurch.";"überdurch."
"73892";"Adult";"1";"2";21,5;96,00000000000001;"2";90;16,85;"männlich";"nein";"nein";"unterdurch.";"unterdurch.";"unterdurch.";"überdurch."
"73900";"Senior";"1";"2";26,6;92,00000000000001;"2";103;17,82;"männlich";"nein";"nein";"unterdurch.";"unterdurch.";"unterdurch.";"überdurch."
"73910";"Adult";"1";"2";22,2;99,00000000000001;"2";96;3,8099999999999987;"männlich";"nein";"nein";"unterdurch.";"unterdurch.";"unterdurch.";"unterdurch."
"73915";"Adult";"2";"2";29,4;89;"2";98;21,35;"weiblich";"nein";"nein";"überdurch..";"unterdurch.";"unterdurch.";"überdurch."
"73916";"Adult";"1";"1";32,4;105,00000000000001;"2";108;6,409999999999999;"männlich";"ja";"nein";"überdurch..";"überdurch.";"unterdurch.";"unterdurch."
"73926";"Adult";"1";"2";30,9;104,00000000000001;"2";117;11,289999999999997;"männlich";"nein";"nein";"überdurch..";"überdurch.";"überdurch.";"unterdurch."
"73931";"Adult";"2";"2";32;93,00000000000001;"2";85;15,149999999999999;"weiblich";"nein";"nein";"überdurch..";"unterdurch.";"unterdurch.";"überdurch."
"73934";"Adult";"1";"1";29,699999999999996;118,00000000000001;"2";137;14,12;"männlich";"ja";"nein";"überdurch..";"überdurch.";"überdurch.";"überdurch."
"73935";"Adult";"1";"2";24,2;115;"2";122;6,929999999999999;"männlich";"nein";"nein";"unterdurch.";"überdurch.";"überdurch.";"unterdurch."
"73937";"Adult";"2";"2";22,4;100,00000000000001;"2";122,99999999999999;11,06;"weiblich";"nein";"nein";"unterdurch.";"überdurch.";"überdurch.";"unterdurch."
"73938";"Adult";"2";"2";26,799999999999997;119,00000000000001;"2";103;17,14;"weiblich";"nein";"nein";"unterdurch.";"überdurch.";"unterdurch.";"überdurch."
"73952";"Adult";"1";"2";39,2;101,00000000000001;"2";76;22,6;"männlich";"nein";"nein";"überdurch..";"überdurch.";"unterdurch.";"überdurch."
"73962";"Adult";"1";"1";31,9;90,00000000000001;"2";89;37,67;"männlich";"ja";"nein";"überdurch..";"unterdurch.";"unterdurch.";"überdurch."
"73974";"Adult";"1";"2";31,199999999999996;101,00000000000001;"2";84;13,55;"männlich";"nein";"nein";"überdurch..";"überdurch.";"unterdurch.";"überdurch."
"73975";"Adult";"2";"2";25,4;90,00000000000001;"2";214,99999999999997;2,0999999999999996;"weiblich";"nein";"nein";"unterdurch.";"unterdurch.";"überdurch.";"unterdurch."
"73977";"Adult";"1";"2";24,5;85,00000000000001;"2";155;4,539999999999999;"männlich";"nein";"nein";"unterdurch.";"unterdurch.";"überdurch.";"unterdurch."
"73981";"Adult";"2";"2";27,999999999999996;103,00000000000001;"2";103;9,92;"weiblich";"nein";"nein";"überdurch..";"überdurch.";"unterdurch.";"unterdurch."
"73982";"Adult";"1";"2";26,4;98,00000000000001;"2";96;8,89;"männlich";"nein";"nein";"unterdurch.";"unterdurch.";"unterdurch.";"unterdurch."
"73992";"Adult";"1";"2";18,4;81,00000000000001;"2";76;4,689999999999999;"männlich";"nein";"nein";"unterdurch.";"unterdurch.";"unterdurch.";"unterdurch."
"73995";"Adult";"2";"2";23,5;100,00000000000001;"2";98;4,739999999999999;"weiblich";"nein";"nein";"unterdurch.";"überdurch.";"unterdurch.";"unterdurch."
"73999";"Senior";"1";"2";26,199999999999996;95,00000000000001;"2";81;4,679999999999999;"männlich";"nein";"nein";"unterdurch.";"unterdurch.";"unterdurch.";"unterdurch."
"74002";"Adult";"1";"1";39;107,00000000000001;"2";143;18,95;"männlich";"ja";"nein";"überdurch..";"überdurch.";"überdurch.";"überdurch."
"74006";"Adult";"2";"2";35,7;115;"2";171;41,3;"weiblich";"nein";"nein";"überdurch..";"überdurch.";"überdurch.";"überdurch."
"74018";"Adult";"1";"2";35;101,00000000000001;"2";105,99999999999999;8,419999999999998;"männlich";"nein";"nein";"überdurch..";"überdurch.";"unterdurch.";"unterdurch."
"74019";"Adult";"2";"2";19,2;106,00000000000001;"2";100;15,439999999999998;"weiblich";"nein";"nein";"unterdurch.";"überdurch.";"unterdurch.";"überdurch."
"74033";"Senior";"1";"2";24,2;142,00000000000003;"2";214,99999999999997;3,619999999999999;"männlich";"nein";"nein";"unterdurch.";"überdurch.";"überdurch.";"unterdurch."
"74036";"Adult";"1";"1";35,6;111,00000000000001;"2";101;9,469999999999999;"männlich";"ja";"nein";"überdurch..";"überdurch.";"unterdurch.";"unterdurch."
"74045";"Adult";"1";"2";42,7;125;"2";147;29,61;"männlich";"nein";"nein";"überdurch..";"überdurch.";"überdurch.";"überdurch."
"74046";"Adult";"2";"2";23,699999999999996;98,00000000000001;"2";100;3,619999999999999;"weiblich";"nein";"nein";"unterdurch.";"unterdurch.";"unterdurch.";"unterdurch."
"74047";"Adult";"2";"2";26,4;107,00000000000001;"2";103;11,09;"weiblich";"nein";"nein";"unterdurch.";"überdurch.";"unterdurch.";"unterdurch."
"74048";"Senior";"1";"1";26,4;94;"2";110;7,339999999999999;"männlich";"ja";"nein";"unterdurch.";"unterdurch.";"unterdurch.";"unterdurch."
"74054";"Adult";"2";"2";23,9;109,00000000000001;"2";97;6,009999999999999;"weiblich";"nein";"nein";"unterdurch.";"überdurch.";"unterdurch.";"unterdurch."
"74056";"Adult";"1";"1";29,9;103,00000000000001;"2";92;8,07;"männlich";"ja";"nein";"überdurch..";"überdurch.";"unterdurch.";"unterdurch."
"74057";"Adult";"2";"2";47,2;91,00000000000001;"2";93;11,979999999999999;"weiblich";"nein";"nein";"überdurch..";"unterdurch.";"unterdurch.";"überdurch."
"74058";"Adult";"2";"2";34,2;97,00000000000001;"2";178;12,25;"weiblich";"nein";"nein";"überdurch..";"unterdurch.";"überdurch.";"überdurch."
"74065";"Senior";"2";"2";23;106,00000000000001;"2";103;9,11;"weiblich";"nein";"nein";"unterdurch.";"überdurch.";"unterdurch.";"unterdurch."
"74070";"Adult";"2";"2";40,7;95,00000000000001;"2";64;15,789999999999997;"weiblich";"nein";"nein";"überdurch..";"unterdurch.";"unterdurch.";"überdurch."
"74072";"Adult";"1";"2";24,3;97,00000000000001;"2";68;6,549999999999999;"männlich";"nein";"nein";"unterdurch.";"unterdurch.";"unterdurch.";"unterdurch."
"74077";"Adult";"1";"2";27,3;84;"2";105,99999999999999;3,2699999999999996;"männlich";"nein";"nein";"unterdurch.";"unterdurch.";"unterdurch.";"unterdurch."
"74078";"Adult";"1";"1";23,9;99,00000000000001;"2";119;5,999999999999999;"männlich";"ja";"nein";"unterdurch.";"unterdurch.";"überdurch.";"unterdurch."
"74097";"Adult";"2";"2";37;90,00000000000001;"2";81;6,23;"weiblich";"nein";"nein";"überdurch..";"unterdurch.";"unterdurch.";"unterdurch."
"74099";"Adult";"1";"1";28,7;107,00000000000001;"2";67;3,7799999999999994;"männlich";"ja";"nein";"überdurch..";"überdurch.";"unterdurch.";"unterdurch."
"74110";"Adult";"1";"2";24,3;97,00000000000001;"2";108;6,409999999999999;"männlich";"nein";"nein";"unterdurch.";"unterdurch.";"unterdurch.";"unterdurch."
"74118";"Adult";"2";"2";27,3;92,00000000000001;"2";85;9,889999999999999;"weiblich";"nein";"nein";"unterdurch.";"unterdurch.";"unterdurch.";"unterdurch."
"74119";"Adult";"2";"2";36,1;98,00000000000001;"2";92;16,55;"weiblich";"nein";"nein";"überdurch..";"unterdurch.";"unterdurch.";"überdurch."
"74120";"Senior";"1";"2";31,199999999999996;119,00000000000001;"2";200,99999999999997;16,36;"männlich";"nein";"nein";"überdurch..";"überdurch.";"überdurch.";"überdurch."
"74124";"Adult";"2";"2";23;90,00000000000001;"2";134;12,39;"weiblich";"nein";"nein";"unterdurch.";"unterdurch.";"überdurch.";"überdurch."
"74128";"Senior";"2";"2";26,9;83;"2";98;5,1499999999999995;"weiblich";"nein";"nein";"unterdurch.";"unterdurch.";"unterdurch.";"unterdurch."
"74130";"Adult";"1";"2";14,499999999999998;85,00000000000001;"2";91;10,859999999999998;"männlich";"nein";"nein";"unterdurch.";"unterdurch.";"unterdurch.";"unterdurch."
"74131";"Adult";"2";"2";29,5;96,00000000000001;"2";67;6,539999999999999;"weiblich";"nein";"nein";"überdurch..";"unterdurch.";"unterdurch.";"unterdurch."
"74134";"Adult";"2";"2";21,299999999999997;96,00000000000001;"2";103;11,859999999999998;"weiblich";"nein";"nein";"unterdurch.";"unterdurch.";"unterdurch.";"überdurch."
"74147";"Senior";"2";"2";36,2;103,00000000000001;"2";152;11,3;"weiblich";"nein";"nein";"überdurch..";"überdurch.";"überdurch.";"unterdurch."
"74150";"Adult";"2";"2";21,9;82,00000000000001;"2";82;2,539999999999999;"weiblich";"nein";"nein";"unterdurch.";"unterdurch.";"unterdurch.";"unterdurch."
"74154";"Adult";"2";"1";49,2;97,00000000000001;"2";119,99999999999999;9,839999999999998;"weiblich";"ja";"nein";"überdurch..";"unterdurch.";"überdurch.";"unterdurch."
"74159";"Adult";"1";"2";30,6;104,00000000000001;"2";71;16,22;"männlich";"nein";"nein";"überdurch..";"überdurch.";"unterdurch.";"überdurch."
"74160";"Senior";"2";"2";33,3;108,00000000000001;"1";176;10,009999999999998;"weiblich";"nein";"ja";"überdurch..";"überdurch.";"überdurch.";"unterdurch."
"74168";"Adult";"1";"2";19,7;106,00000000000001;"2";94;11;"männlich";"nein";"nein";"unterdurch.";"überdurch.";"unterdurch.";"unterdurch."
"74170";"Adult";"1";"2";31,599999999999998;111,00000000000001;"2";193;9,61;"männlich";"nein";"nein";"überdurch..";"überdurch.";"überdurch.";"unterdurch."
"74173";"Adult";"2";"2";19,8;86,00000000000001;"2";117;6,259999999999999;"weiblich";"nein";"nein";"unterdurch.";"unterdurch.";"überdurch.";"unterdurch."
"74176";"Adult";"2";"2";21;105,00000000000001;"2";131;7,609999999999999;"weiblich";"nein";"nein";"unterdurch.";"überdurch.";"überdurch.";"unterdurch."
"74180";"Adult";"2";"2";31,8;96,00000000000001;"2";97;8,9;"weiblich";"nein";"nein";"überdurch..";"unterdurch.";"unterdurch.";"unterdurch."
"74186";"Adult";"2";"2";16,800000000000004;96,00000000000001;"2";86;6,259999999999999;"weiblich";"nein";"nein";"unterdurch.";"unterdurch.";"unterdurch.";"unterdurch."
"74187";"Adult";"2";"2";28,2;92,00000000000001;"2";96;15,54;"weiblich";"nein";"nein";"überdurch..";"unterdurch.";"unterdurch.";"überdurch."
"74190";"Adult";"2";"2";27,3;92,00000000000001;"2";83;7,9399999999999995;"weiblich";"nein";"nein";"unterdurch.";"unterdurch.";"unterdurch.";"unterdurch."
"74191";"Adult";"2";"1";27,3;91,00000000000001;"2";90;4,619999999999999;"weiblich";"ja";"nein";"unterdurch.";"unterdurch.";"unterdurch.";"unterdurch."
"74195";"Adult";"2";"2";45,099999999999994;104,00000000000001;"2";110;10,97;"weiblich";"nein";"nein";"überdurch..";"überdurch.";"unterdurch.";"unterdurch."
"74196";"Adult";"2";"1";31;73;"2";65;4,369999999999999;"weiblich";"ja";"nein";"überdurch..";"unterdurch.";"unterdurch.";"unterdurch."
"74207";"Adult";"2";"2";27,6;80,00000000000001;"2";108;3,369999999999999;"weiblich";"nein";"nein";"unterdurch.";"unterdurch.";"unterdurch.";"unterdurch."
"74225";"Senior";"2";"2";30,399999999999995;109,00000000000001;"2";124;8,829999999999998;"weiblich";"nein";"nein";"überdurch..";"überdurch.";"überdurch.";"unterdurch."
"74226";"Adult";"2";"2";18,1;93,00000000000001;"2";104;6,809999999999999;"weiblich";"nein";"nein";"unterdurch.";"unterdurch.";"unterdurch.";"unterdurch."
"74230";"Adult";"1";"2";28,9;123,00000000000001;"2";77;17,46;"männlich";"nein";"nein";"überdurch..";"überdurch.";"unterdurch.";"überdurch."
"74233";"Adult";"2";"2";19,8;91,00000000000001;"2";96;12,659999999999998;"weiblich";"nein";"nein";"unterdurch.";"unterdurch.";"unterdurch.";"überdurch."
"74235";"Adult";"2";"2";39,8;103,00000000000001;"2";62;20,82;"weiblich";"nein";"nein";"überdurch..";"überdurch.";"unterdurch.";"überdurch."
"74237";"Adult";"2";"2";47,7;99,00000000000001;"2";178;16,72;"weiblich";"nein";"nein";"überdurch..";"unterdurch.";"überdurch.";"überdurch."
"74239";"Adult";"2";"2";22,7;91,00000000000001;"2";130;11,56;"weiblich";"nein";"nein";"unterdurch.";"unterdurch.";"überdurch.";"unterdurch."
"74241";"Senior";"1";"2";29,6;123,00000000000001;"3";119,99999999999999;8,55;"männlich";"nein";"Prädiabetes";"überdurch..";"überdurch.";"überdurch.";"unterdurch."
"74249";"Adult";"2";"2";21,1;100,00000000000001;"2";83;12,219999999999999;"weiblich";"nein";"nein";"unterdurch.";"überdurch.";"unterdurch.";"überdurch."
"74252";"Adult";"2";"2";22,1;72,00000000000001;"2";65;3,2799999999999994;"weiblich";"nein";"nein";"unterdurch.";"unterdurch.";"unterdurch.";"unterdurch."
"74264";"Adult";"2";"2";33,89999999999999;101,00000000000001;"2";151;6,49;"weiblich";"nein";"nein";"überdurch..";"überdurch.";"überdurch.";"unterdurch."
"74265";"Adult";"2";"2";21,8;89;"2";138;2,9999999999999982;"weiblich";"nein";"nein";"unterdurch.";"unterdurch.";"überdurch.";"unterdurch."
"74268";"Adult";"2";"2";24,4;97,00000000000001;"2";110;4,289999999999999;"weiblich";"nein";"nein";"unterdurch.";"unterdurch.";"unterdurch.";"unterdurch."
"74270";"Adult";"2";"2";34,7;109,00000000000001;"2";249;26,839999999999996;"weiblich";"nein";"nein";"überdurch..";"überdurch.";"überdurch.";"überdurch."
"74271";"Adult";"1";"2";37,1;105,00000000000001;"2";137;17,35;"männlich";"nein";"nein";"überdurch..";"überdurch.";"überdurch.";"überdurch."
"74273";"Adult";"1";"2";18,9;87,00000000000001;"2";77;8,34;"männlich";"nein";"nein";"unterdurch.";"unterdurch.";"unterdurch.";"unterdurch."
"74275";"Adult";"2";"2";20,9;87,00000000000001;"2";44;3,769999999999998;"weiblich";"nein";"nein";"unterdurch.";"unterdurch.";"unterdurch.";"unterdurch."
"74276";"Adult";"2";"2";44,89999999999999;95,00000000000001;"2";94;41,82;"weiblich";"nein";"nein";"überdurch..";"unterdurch.";"unterdurch.";"überdurch."
"74277";"Adult";"1";"2";26,1;107,00000000000001;"2";107;47,08;"männlich";"nein";"nein";"unterdurch.";"überdurch.";"unterdurch.";"überdurch."
"74283";"Adult";"2";"1";28,3;98,00000000000001;"2";119;14,84;"weiblich";"ja";"nein";"überdurch..";"unterdurch.";"überdurch.";"überdurch."
"74284";"Adult";"1";"2";42,7;106,00000000000001;"2";98,99999999999999;28,689999999999998;"männlich";"nein";"nein";"überdurch..";"überdurch.";"unterdurch.";"überdurch."
"74292";"Adult";"2";"2";24,6;85,00000000000001;"3";96;16,32;"weiblich";"nein";"Prädiabetes";"unterdurch.";"unterdurch.";"unterdurch.";"überdurch."
"74293";"Adult";"2";"2";47,8;105,00000000000001;"2";119,99999999999999;16,61;"weiblich";"nein";"nein";"überdurch..";"überdurch.";"überdurch.";"überdurch."
"74295";"Adult";"1";"2";21,299999999999997;95,00000000000001;"2";81;2,709999999999999;"männlich";"nein";"nein";"unterdurch.";"unterdurch.";"unterdurch.";"unterdurch."
"74298";"Senior";"2";"2";27,9;85,00000000000001;"2";141;6,43;"weiblich";"nein";"nein";"unterdurch.";"unterdurch.";"überdurch.";"unterdurch."
"74301";"Adult";"2";"2";32,4;96,00000000000001;"2";94;9,349999999999998;"weiblich";"nein";"nein";"überdurch..";"unterdurch.";"unterdurch.";"unterdurch."
"74304";"Senior";"1";"2";31,399999999999995;125;"1";175;13,589999999999998;"männlich";"nein";"ja";"überdurch..";"überdurch.";"überdurch.";"überdurch."
"74310";"Adult";"2";"2";27,8;159,00000000000003;"2";320;6,62;"weiblich";"nein";"nein";"unterdurch.";"überdurch.";"überdurch.";"unterdurch."
"74312";"Adult";"1";"2";19,7;96,00000000000001;"2";139;5,359999999999999;"männlich";"nein";"nein";"unterdurch.";"unterdurch.";"überdurch.";"unterdurch."
"74313";"Senior";"2";"2";18,9;109,00000000000001;"2";132;7,669999999999999;"weiblich";"nein";"nein";"unterdurch.";"überdurch.";"überdurch.";"unterdurch."
"74319";"Senior";"2";"2";19,7;99,00000000000001;"2";130;2,2799999999999994;"weiblich";"nein";"nein";"unterdurch.";"unterdurch.";"überdurch.";"unterdurch."
"74324";"Senior";"2";"2";43,1;125;"2";185;38,43;"weiblich";"nein";"nein";"überdurch..";"überdurch.";"überdurch.";"überdurch."
"74326";"Adult";"1";"2";33,2;102,00000000000001;"2";83;20,510000000000005;"männlich";"nein";"nein";"überdurch..";"überdurch.";"unterdurch.";"überdurch."
"74328";"Adult";"1";"1";28,5;110;"2";87;12,94;"männlich";"ja";"nein";"überdurch..";"überdurch.";"unterdurch.";"überdurch."
"74329";"Adult";"1";"2";21,7;111,00000000000001;"2";119;7,83;"männlich";"nein";"nein";"unterdurch.";"überdurch.";"überdurch.";"unterdurch."
"74331";"Adult";"1";"2";38,5;96,00000000000001;"2";108;11,06;"männlich";"nein";"nein";"überdurch..";"unterdurch.";"unterdurch.";"unterdurch."
"74332";"Adult";"2";"2";48,6;90,00000000000001;"2";131;17,08;"weiblich";"nein";"nein";"überdurch..";"unterdurch.";"überdurch.";"überdurch."
"74338";"Adult";"1";"2";28,6;81,00000000000001;"2";67;7,779999999999999;"männlich";"nein";"nein";"überdurch..";"unterdurch.";"unterdurch.";"unterdurch."
"74340";"Adult";"1";"2";25,8;110;"2";126;15,169999999999998;"männlich";"nein";"nein";"unterdurch.";"überdurch.";"überdurch.";"überdurch."
"74345";"Adult";"1";"2";27,2;93,00000000000001;"2";132;5,679999999999999;"männlich";"nein";"nein";"unterdurch.";"unterdurch.";"überdurch.";"unterdurch."
"74346";"Senior";"1";"1";26,3;104,00000000000001;"2";124;21,27;"männlich";"ja";"nein";"unterdurch.";"überdurch.";"überdurch.";"überdurch."
"74348";"Adult";"2";"1";28,099999999999998;97,00000000000001;"2";97;6,17;"weiblich";"ja";"nein";"überdurch..";"unterdurch.";"unterdurch.";"unterdurch."
"74349";"Adult";"2";"2";28,999999999999996;104,00000000000001;"2";98,99999999999999;2,8999999999999986;"weiblich";"nein";"nein";"überdurch..";"überdurch.";"unterdurch.";"unterdurch."
"74358";"Adult";"2";"2";15,900000000000002;98,00000000000001;"2";148;10,85;"weiblich";"nein";"nein";"unterdurch.";"unterdurch.";"überdurch.";"unterdurch."
"74367";"Senior";"1";"2";26,4;98,00000000000001;"2";150;15,269999999999998;"männlich";"nein";"nein";"unterdurch.";"unterdurch.";"überdurch.";"überdurch."
"74378";"Adult";"1";"1";30,499999999999996;96,00000000000001;"2";102,00000000000001;66,24;"männlich";"ja";"nein";"überdurch..";"unterdurch.";"unterdurch.";"überdurch."
"74380";"Adult";"1";"1";43,2;99,00000000000001;"2";93;21,05;"männlich";"ja";"nein";"überdurch..";"unterdurch.";"unterdurch.";"überdurch."
"74381";"Adult";"2";"2";23,699999999999996;86,00000000000001;"2";87;5,249999999999999;"weiblich";"nein";"nein";"unterdurch.";"unterdurch.";"unterdurch.";"unterdurch."
"74393";"Adult";"1";"2";25;80,00000000000001;"2";63,00000000000001;4,879999999999999;"männlich";"nein";"nein";"unterdurch.";"unterdurch.";"unterdurch.";"unterdurch."
"74394";"Adult";"2";"2";36,8;97,00000000000001;"2";69;6,029999999999999;"weiblich";"nein";"nein";"überdurch..";"unterdurch.";"unterdurch.";"unterdurch."
"74395";"Senior";"1";"2";35,7;117,00000000000001;"2";147;20,85;"männlich";"nein";"nein";"überdurch..";"überdurch.";"überdurch.";"überdurch."
"74396";"Adult";"2";"2";20,9;91,00000000000001;"2";121;2,0600000000000005;"weiblich";"nein";"nein";"unterdurch.";"unterdurch.";"überdurch.";"unterdurch."
"74400";"Adult";"1";"1";25,1;99,00000000000001;"2";86;6,339999999999999;"männlich";"ja";"nein";"unterdurch.";"unterdurch.";"unterdurch.";"unterdurch."
"74401";"Adult";"2";"1";25,2;92,00000000000001;"2";105,99999999999999;8,809999999999999;"weiblich";"ja";"nein";"unterdurch.";"unterdurch.";"unterdurch.";"unterdurch."
"74402";"Adult";"2";"2";28,5;92,00000000000001;"2";89;4,39;"weiblich";"nein";"nein";"überdurch..";"unterdurch.";"unterdurch.";"unterdurch."
"74411";"Adult";"1";"2";19,7;101,00000000000001;"2";148;7,499999999999999;"männlich";"nein";"nein";"unterdurch.";"überdurch.";"überdurch.";"unterdurch."
"74415";"Adult";"2";"2";24;91,00000000000001;"2";92;13,449999999999998;"weiblich";"nein";"nein";"unterdurch.";"unterdurch.";"unterdurch.";"überdurch."
"74417";"Adult";"2";"2";51,3;86,00000000000001;"2";51,00000000000001;4,859999999999999;"weiblich";"nein";"nein";"überdurch..";"unterdurch.";"unterdurch.";"unterdurch."
"74421";"Adult";"1";"2";33,6;109,00000000000001;"2";126;16,94;"männlich";"nein";"nein";"überdurch..";"überdurch.";"überdurch.";"überdurch."
"74433";"Adult";"1";"2";27,6;84;"2";74;9,19;"männlich";"nein";"nein";"unterdurch.";"unterdurch.";"unterdurch.";"unterdurch."
"74440";"Adult";"2";"2";27,999999999999996;88,00000000000001;"2";95,00000000000001;7,019999999999999;"weiblich";"nein";"nein";"überdurch..";"unterdurch.";"unterdurch.";"unterdurch."
"74442";"Adult";"1";"1";30;114,00000000000001;"2";112;20,18;"männlich";"ja";"nein";"überdurch..";"überdurch.";"unterdurch.";"überdurch."
"74446";"Adult";"2";"2";34;102,00000000000001;"2";58;31,990000000000002;"weiblich";"nein";"nein";"überdurch..";"überdurch.";"unterdurch.";"überdurch."
"74459";"Adult";"2";"2";43,3;110;"2";121;18,35;"weiblich";"nein";"nein";"überdurch..";"überdurch.";"überdurch.";"überdurch."
"74463";"Adult";"1";"2";29,4;118,00000000000001;"2";225;38,27;"männlich";"nein";"nein";"überdurch..";"überdurch.";"überdurch.";"überdurch."
"74466";"Adult";"1";"1";27,8;104,00000000000001;"2";119;7,14;"männlich";"ja";"nein";"unterdurch.";"überdurch.";"überdurch.";"unterdurch."
"74471";"Adult";"2";"2";32,6;92,00000000000001;"2";115,99999999999999;17,93;"weiblich";"nein";"nein";"überdurch..";"unterdurch.";"überdurch.";"überdurch."
"74476";"Senior";"2";"2";21,6;100,00000000000001;"2";67;6,769999999999999;"weiblich";"nein";"nein";"unterdurch.";"überdurch.";"unterdurch.";"unterdurch."
"74480";"Adult";"2";"2";18,6;101,00000000000001;"2";76;8,739999999999998;"weiblich";"nein";"nein";"unterdurch.";"überdurch.";"unterdurch.";"unterdurch."
"74487";"Senior";"1";"2";30,399999999999995;124,00000000000001;"2";161;10,05;"männlich";"nein";"nein";"überdurch..";"überdurch.";"überdurch.";"unterdurch."
"74498";"Adult";"1";"2";33,2;96,00000000000001;"2";98,99999999999999;17,23;"männlich";"nein";"nein";"überdurch..";"unterdurch.";"unterdurch.";"überdurch."
"74508";"Senior";"1";"2";25,8;110;"2";105,99999999999999;5,249999999999999;"männlich";"nein";"nein";"unterdurch.";"überdurch.";"unterdurch.";"unterdurch."
"74509";"Adult";"2";"2";29,099999999999998;297;"1";473;12,46;"weiblich";"nein";"ja";"überdurch..";"überdurch.";"überdurch.";"überdurch."
"74521";"Adult";"2";"2";44,099999999999994;90,00000000000001;"2";129;61,98;"weiblich";"nein";"nein";"überdurch..";"unterdurch.";"überdurch.";"überdurch."
"74523";"Adult";"2";"2";25,8;101,00000000000001;"2";101;17,6;"weiblich";"nein";"nein";"unterdurch.";"überdurch.";"unterdurch.";"überdurch."
"74529";"Adult";"1";"1";32,5;94;"2";132;13,34;"männlich";"ja";"nein";"überdurch..";"unterdurch.";"überdurch.";"überdurch."
"74534";"Senior";"1";"2";44,6;208;"2";315;14,45;"männlich";"nein";"nein";"überdurch..";"überdurch.";"überdurch.";"überdurch."
"74537";"Adult";"2";"2";31,499999999999996;79;"2";81;5,319999999999999;"weiblich";"nein";"nein";"überdurch..";"unterdurch.";"unterdurch.";"unterdurch."
"74547";"Adult";"1";"1";20,8;84;"2";87;2,1099999999999977;"männlich";"ja";"nein";"unterdurch.";"unterdurch.";"unterdurch.";"unterdurch."
"74551";"Adult";"2";"2";21,6;94;"2";68;6,459999999999999;"weiblich";"nein";"nein";"unterdurch.";"unterdurch.";"unterdurch.";"unterdurch."
"74552";"Adult";"2";"2";33;86,00000000000001;"2";108,99999999999999;11,49;"weiblich";"nein";"nein";"überdurch..";"unterdurch.";"unterdurch.";"unterdurch."
"74557";"Adult";"2";"1";26,7;99,00000000000001;"2";90;8,82;"weiblich";"ja";"nein";"unterdurch.";"unterdurch.";"unterdurch.";"unterdurch."
"74559";"Adult";"2";"2";23,4;97,00000000000001;"2";92;11,7;"weiblich";"nein";"nein";"unterdurch.";"unterdurch.";"unterdurch.";"unterdurch."
"74563";"Adult";"2";"2";26,9;81,00000000000001;"2";79;6,349999999999999;"weiblich";"nein";"nein";"unterdurch.";"unterdurch.";"unterdurch.";"unterdurch."
"74565";"Senior";"1";"2";23,9;107,00000000000001;"2";161;4,209999999999999;"männlich";"nein";"nein";"unterdurch.";"überdurch.";"überdurch.";"unterdurch."
"74566";"Adult";"2";"2";40;95,00000000000001;"2";140;21;"weiblich";"nein";"nein";"überdurch..";"unterdurch.";"überdurch.";"überdurch."
"74570";"Adult";"2";"1";26,799999999999997;87,00000000000001;"2";105;3,87;"weiblich";"ja";"nein";"unterdurch.";"unterdurch.";"unterdurch.";"unterdurch."
"74583";"Adult";"2";"1";41,1;120;"1";159;24,59;"weiblich";"ja";"ja";"überdurch..";"überdurch.";"überdurch.";"überdurch."
"74591";"Senior";"1";"2";24;122,00000000000001;"2";80;7,739999999999999;"männlich";"nein";"nein";"unterdurch.";"überdurch.";"unterdurch.";"unterdurch."
"74596";"Adult";"2";"2";29,2;85,00000000000001;"2";92;7,119999999999999;"weiblich";"nein";"nein";"überdurch..";"unterdurch.";"unterdurch.";"unterdurch."
"74602";"Adult";"2";"2";28,6;95,00000000000001;"2";110;14,919999999999998;"weiblich";"nein";"nein";"überdurch..";"unterdurch.";"unterdurch.";"überdurch."
"74609";"Adult";"2";"2";26,799999999999997;87,00000000000001;"2";87;4,869999999999999;"weiblich";"nein";"nein";"unterdurch.";"unterdurch.";"unterdurch.";"unterdurch."
"74614";"Adult";"2";"2";21,4;95,00000000000001;"2";111;15,559999999999999;"weiblich";"nein";"nein";"unterdurch.";"unterdurch.";"unterdurch.";"überdurch."
"74630";"Adult";"1";"2";29,3;105,00000000000001;"2";131;10,76;"männlich";"nein";"nein";"überdurch..";"überdurch.";"überdurch.";"unterdurch."
"74639";"Adult";"1";"1";28,099999999999998;108,00000000000001;"2";117;13,229999999999999;"männlich";"ja";"nein";"überdurch..";"überdurch.";"überdurch.";"überdurch."
"74641";"Adult";"1";"2";31,199999999999996;91,00000000000001;"2";89;5,579999999999999;"männlich";"nein";"nein";"überdurch..";"unterdurch.";"unterdurch.";"unterdurch."
"74650";"Adult";"1";"2";33,3;127,00000000000001;"2";75;30,520000000000003;"männlich";"nein";"nein";"überdurch..";"überdurch.";"unterdurch.";"überdurch."
"74652";"Adult";"2";"1";34,2;98,00000000000001;"2";124;13,679999999999998;"weiblich";"ja";"nein";"überdurch..";"unterdurch.";"überdurch.";"überdurch."
"74653";"Adult";"2";"2";30,6;86,00000000000001;"2";107;17,03;"weiblich";"nein";"nein";"überdurch..";"unterdurch.";"unterdurch.";"überdurch."
"74658";"Adult";"2";"2";20,3;98,00000000000001;"2";107;13,379999999999999;"weiblich";"nein";"nein";"unterdurch.";"unterdurch.";"unterdurch.";"überdurch."
"74663";"Adult";"1";"2";18,1;81,00000000000001;"2";111;0,14000000000000057;"männlich";"nein";"nein";"unterdurch.";"unterdurch.";"unterdurch.";"unterdurch."
"74666";"Adult";"1";"2";27,2;99,00000000000001;"2";138;30,85;"männlich";"nein";"nein";"unterdurch.";"unterdurch.";"überdurch.";"überdurch."
"74669";"Senior";"2";"2";24,2;96,00000000000001;"2";135;5,9399999999999995;"weiblich";"nein";"nein";"unterdurch.";"unterdurch.";"überdurch.";"unterdurch."
"74670";"Senior";"2";"2";27,3;118,00000000000001;"3";154;14,439999999999998;"weiblich";"nein";"Prädiabetes";"unterdurch.";"überdurch.";"überdurch.";"überdurch."
"74673";"Adult";"2";"2";22,2;85,00000000000001;"2";72;4,929999999999999;"weiblich";"nein";"nein";"unterdurch.";"unterdurch.";"unterdurch.";"unterdurch."
"74679";"Adult";"1";"1";31,499999999999996;104,00000000000001;"2";100;7,599999999999999;"männlich";"ja";"nein";"überdurch..";"überdurch.";"unterdurch.";"unterdurch."
"74683";"Adult";"2";"2";27,6;102,00000000000001;"2";91;10,97;"weiblich";"nein";"nein";"unterdurch.";"überdurch.";"unterdurch.";"unterdurch."
"74687";"Adult";"1";"2";20,5;97,00000000000001;"2";86;3,9399999999999995;"männlich";"nein";"nein";"unterdurch.";"unterdurch.";"unterdurch.";"unterdurch."
"74691";"Adult";"2";"2";15,699999999999998;91,00000000000001;"2";94;5,009999999999999;"weiblich";"nein";"nein";"unterdurch.";"unterdurch.";"unterdurch.";"unterdurch."
"74693";"Adult";"2";"2";27,9;94;"3";83;14,799999999999999;"weiblich";"nein";"Prädiabetes";"unterdurch.";"unterdurch.";"unterdurch.";"überdurch."
"74696";"Adult";"1";"2";33,79999999999999;101,00000000000001;"2";164;9,04;"männlich";"nein";"nein";"überdurch..";"überdurch.";"überdurch.";"unterdurch."
"74701";"Adult";"1";"1";41;95,00000000000001;"2";112,99999999999999;77,27;"männlich";"ja";"nein";"überdurch..";"unterdurch.";"unterdurch.";"überdurch."
"74702";"Senior";"1";"2";33,4;117,00000000000001;"2";173;40,61999999999999;"männlich";"nein";"nein";"überdurch..";"überdurch.";"überdurch.";"überdurch."
"74704";"Adult";"2";"2";33,4;100,00000000000001;"2";105,99999999999999;13,32;"weiblich";"nein";"nein";"überdurch..";"überdurch.";"unterdurch.";"überdurch."
"74709";"Adult";"1";"2";22,2;97,00000000000001;"2";89;7,71;"männlich";"nein";"nein";"unterdurch.";"unterdurch.";"unterdurch.";"unterdurch."
"74719";"Adult";"2";"1";24,6;103,00000000000001;"2";112,99999999999999;8,55;"weiblich";"ja";"nein";"unterdurch.";"überdurch.";"unterdurch.";"unterdurch."
"74721";"Adult";"2";"2";32,4;111,00000000000001;"1";252;8,369999999999997;"weiblich";"nein";"ja";"überdurch..";"überdurch.";"überdurch.";"unterdurch."
"74722";"Adult";"1";"2";20,5;100,00000000000001;"2";100;13,18;"männlich";"nein";"nein";"unterdurch.";"überdurch.";"unterdurch.";"überdurch."
"74731";"Adult";"2";"1";32,8;98,00000000000001;"2";114;16,59;"weiblich";"ja";"nein";"überdurch..";"unterdurch.";"unterdurch.";"überdurch."
"74732";"Adult";"2";"2";27;90,00000000000001;"2";110;2,91;"weiblich";"nein";"nein";"unterdurch.";"unterdurch.";"unterdurch.";"unterdurch."
"74734";"Adult";"2";"2";33,1;92,00000000000001;"2";122,99999999999999;7,639999999999999;"weiblich";"nein";"nein";"überdurch..";"unterdurch.";"überdurch.";"unterdurch."
"74742";"Senior";"2";"2";31,499999999999996;116,00000000000001;"2";169;10,859999999999998;"weiblich";"nein";"nein";"überdurch..";"überdurch.";"überdurch.";"unterdurch."
"74744";"Adult";"1";"2";34,6;83;"2";102,00000000000001;15,11;"männlich";"nein";"nein";"überdurch..";"unterdurch.";"unterdurch.";"überdurch."
"74747";"Adult";"2";"2";20,3;106,00000000000001;"2";129;8,91;"weiblich";"nein";"nein";"unterdurch.";"überdurch.";"überdurch.";"unterdurch."
"74748";"Adult";"1";"2";34,8;95,00000000000001;"2";110;9,23;"männlich";"nein";"nein";"überdurch..";"unterdurch.";"unterdurch.";"unterdurch."
"74760";"Adult";"1";"2";34,7;112,00000000000001;"2";82;12,08;"männlich";"nein";"nein";"überdurch..";"überdurch.";"unterdurch.";"überdurch."
"74766";"Adult";"2";"2";22,5;89;"2";81;11,569999999999999;"weiblich";"nein";"nein";"unterdurch.";"unterdurch.";"unterdurch.";"unterdurch."
"74772";"Adult";"2";"2";25,2;107,00000000000001;"2";128;10,079999999999998;"weiblich";"nein";"nein";"unterdurch.";"überdurch.";"überdurch.";"unterdurch."
"74785";"Adult";"2";"1";18,199999999999996;93,00000000000001;"2";96;10,199999999999998;"weiblich";"ja";"nein";"unterdurch.";"unterdurch.";"unterdurch.";"unterdurch."
"74786";"Adult";"2";"2";45,7;89;"2";107;47,18999999999999;"weiblich";"nein";"nein";"überdurch..";"unterdurch.";"unterdurch.";"überdurch."
"74787";"Adult";"2";"1";38,8;109,00000000000001;"2";126;13,419999999999998;"weiblich";"ja";"nein";"überdurch..";"überdurch.";"überdurch.";"überdurch."
"74788";"Adult";"1";"2";17,1;74;"2";73;5,869999999999999;"männlich";"nein";"nein";"unterdurch.";"unterdurch.";"unterdurch.";"unterdurch."
"74789";"Adult";"2";"2";20;115;"2";140;14,41;"weiblich";"nein";"nein";"unterdurch.";"überdurch.";"überdurch.";"überdurch."
"74794";"Adult";"1";"1";33,4;94;"2";66;12,349999999999998;"männlich";"ja";"nein";"überdurch..";"unterdurch.";"unterdurch.";"überdurch."
"74795";"Adult";"2";"2";27,5;94;"2";100;14,67;"weiblich";"nein";"nein";"unterdurch.";"unterdurch.";"unterdurch.";"überdurch."
"74797";"Adult";"2";"2";26,6;97,00000000000001;"2";89;12,089999999999998;"weiblich";"nein";"nein";"unterdurch.";"unterdurch.";"unterdurch.";"überdurch."
"74801";"Adult";"1";"2";27,7;90,00000000000001;"2";103;9,92;"männlich";"nein";"nein";"unterdurch.";"unterdurch.";"unterdurch.";"unterdurch."
"74804";"Adult";"2";"2";29,799999999999997;103,00000000000001;"2";139;26,73;"weiblich";"nein";"nein";"überdurch..";"überdurch.";"überdurch.";"überdurch."
"74818";"Adult";"1";"1";29,9;92,00000000000001;"2";98,99999999999999;5,79;"männlich";"ja";"nein";"überdurch..";"unterdurch.";"unterdurch.";"unterdurch."
"74825";"Adult";"1";"2";30,3;94;"2";101;12,51;"männlich";"nein";"nein";"überdurch..";"unterdurch.";"unterdurch.";"überdurch."
"74832";"Adult";"1";"2";23,6;85,00000000000001;"2";81;11,61;"männlich";"nein";"nein";"unterdurch.";"unterdurch.";"unterdurch.";"unterdurch."
"74839";"Adult";"1";"2";32,1;107,00000000000001;"2";78;19,459999999999997;"männlich";"nein";"nein";"überdurch..";"überdurch.";"unterdurch.";"überdurch."
"74843";"Adult";"2";"1";35,9;103,00000000000001;"2";136;8,97;"weiblich";"ja";"nein";"überdurch..";"überdurch.";"überdurch.";"unterdurch."
"74844";"Adult";"1";"2";25,6;107,00000000000001;"2";163;19;"männlich";"nein";"nein";"unterdurch.";"überdurch.";"überdurch.";"überdurch."
"74862";"Adult";"2";"2";28,6;93,00000000000001;"3";115;7,1499999999999995;"weiblich";"nein";"Prädiabetes";"überdurch..";"unterdurch.";"überdurch.";"unterdurch."
"74866";"Adult";"1";"1";33,4;90,00000000000001;"2";122,99999999999999;42,28;"männlich";"ja";"nein";"überdurch..";"unterdurch.";"überdurch.";"überdurch."
"74872";"Adult";"1";"2";28,6;92,00000000000001;"2";121;14,98;"männlich";"nein";"nein";"überdurch..";"unterdurch.";"überdurch.";"überdurch."
"74874";"Adult";"1";"2";24,5;101,00000000000001;"2";60;8,169999999999998;"männlich";"nein";"nein";"unterdurch.";"überdurch.";"unterdurch.";"unterdurch."
"74880";"Adult";"1";"2";31,8;100,00000000000001;"2";93;12,379999999999999;"männlich";"nein";"nein";"überdurch..";"überdurch.";"unterdurch.";"überdurch."
"74883";"Adult";"2";"1";38,89999999999999;105,00000000000001;"2";115,99999999999999;20,8;"weiblich";"ja";"nein";"überdurch..";"überdurch.";"überdurch.";"überdurch."
"74885";"Adult";"2";"2";24,6;90,00000000000001;"2";82;22,259999999999998;"weiblich";"nein";"nein";"unterdurch.";"unterdurch.";"unterdurch.";"überdurch."
"74886";"Adult";"2";"2";28,9;99,00000000000001;"2";92;11,85;"weiblich";"nein";"nein";"überdurch..";"unterdurch.";"unterdurch.";"überdurch."
"74889";"Adult";"1";"1";17,9;95,00000000000001;"2";65;1,879999999999999;"männlich";"ja";"nein";"unterdurch.";"unterdurch.";"unterdurch.";"unterdurch."
"74893";"Senior";"2";"2";31,3;94;"2";105,99999999999999;12,41;"weiblich";"nein";"nein";"überdurch..";"unterdurch.";"unterdurch.";"überdurch."
"74907";"Adult";"2";"2";27,2;103,00000000000001;"2";101;7,13;"weiblich";"nein";"nein";"unterdurch.";"überdurch.";"unterdurch.";"unterdurch."
"74910";"Adult";"2";"2";68,6;91,00000000000001;"2";114;28,39;"weiblich";"nein";"nein";"überdurch..";"unterdurch.";"unterdurch.";"überdurch."
"74918";"Adult";"2";"2";28,099999999999998;93,00000000000001;"2";119,99999999999999;7,45;"weiblich";"nein";"nein";"überdurch..";"unterdurch.";"überdurch.";"unterdurch."
"74923";"Adult";"1";"1";35,1;113,00000000000001;"2";101;9,43;"männlich";"ja";"nein";"überdurch..";"überdurch.";"unterdurch.";"unterdurch."
"74927";"Adult";"1";"2";42,2;101,00000000000001;"2";97;15,079999999999998;"männlich";"nein";"nein";"überdurch..";"überdurch.";"unterdurch.";"überdurch."
"74928";"Adult";"1";"1";31,1;112,00000000000001;"3";121;6,499999999999999;"männlich";"ja";"Prädiabetes";"überdurch..";"überdurch.";"überdurch.";"unterdurch."
"74929";"Senior";"2";"2";30,499999999999996;84;"2";132;4,159999999999999;"weiblich";"nein";"nein";"überdurch..";"unterdurch.";"überdurch.";"unterdurch."
"74931";"Adult";"1";"2";26,799999999999997;106,00000000000001;"2";219;8,04;"männlich";"nein";"nein";"unterdurch.";"überdurch.";"überdurch.";"unterdurch."
"74938";"Adult";"2";"2";27,1;95,00000000000001;"2";142;12,359999999999998;"weiblich";"nein";"nein";"unterdurch.";"unterdurch.";"überdurch.";"überdurch."
"74942";"Adult";"2";"2";30,399999999999995;75,00000000000001;"2";98,99999999999999;3,7299999999999986;"weiblich";"nein";"nein";"überdurch..";"unterdurch.";"unterdurch.";"unterdurch."
"74943";"Adult";"1";"2";26,199999999999996;96,00000000000001;"2";77;6,609999999999999;"männlich";"nein";"nein";"unterdurch.";"unterdurch.";"unterdurch.";"unterdurch."
"74945";"Adult";"2";"2";27,399999999999995;90,00000000000001;"2";85;3,619999999999999;"weiblich";"nein";"nein";"unterdurch.";"unterdurch.";"unterdurch.";"unterdurch."
"74954";"Adult";"2";"1";33,6;95,00000000000001;"2";149;9,199999999999998;"weiblich";"ja";"nein";"überdurch..";"unterdurch.";"überdurch.";"unterdurch."
"74955";"Adult";"2";"2";19,8;101,00000000000001;"2";102,00000000000001;19,38;"weiblich";"nein";"nein";"unterdurch.";"überdurch.";"unterdurch.";"überdurch."
"74962";"Adult";"1";"2";19,1;88,00000000000001;"2";91;12,569999999999999;"männlich";"nein";"nein";"unterdurch.";"unterdurch.";"unterdurch.";"überdurch."
"74965";"Adult";"1";"1";54;118,00000000000001;"3";110;56,839999999999996;"männlich";"ja";"Prädiabetes";"überdurch..";"überdurch.";"unterdurch.";"überdurch."
"74969";"Adult";"1";"2";25,4;97,00000000000001;"2";108;4,249999999999998;"männlich";"nein";"nein";"unterdurch.";"unterdurch.";"unterdurch.";"unterdurch."
"74971";"Adult";"2";"2";35,8;98,00000000000001;"2";184;21,75;"weiblich";"nein";"nein";"überdurch..";"unterdurch.";"überdurch.";"überdurch."
"74972";"Adult";"1";"2";22,2;95,00000000000001;"2";89;5,039999999999999;"männlich";"nein";"nein";"unterdurch.";"unterdurch.";"unterdurch.";"unterdurch."
"74974";"Adult";"1";"2";50,2;114,00000000000001;"2";181;56,81999999999999;"männlich";"nein";"nein";"überdurch..";"überdurch.";"überdurch.";"überdurch."
"74977";"Adult";"2";"2";17,3;87,00000000000001;"2";71;9,939999999999998;"weiblich";"nein";"nein";"unterdurch.";"unterdurch.";"unterdurch.";"unterdurch."
"74985";"Senior";"2";"2";28,2;83;"2";119;3,59;"weiblich";"nein";"nein";"überdurch..";"unterdurch.";"überdurch.";"unterdurch."
"74986";"Adult";"2";"2";19,2;99,00000000000001;"2";84;18,94;"weiblich";"nein";"nein";"unterdurch.";"unterdurch.";"unterdurch.";"überdurch."
"74990";"Adult";"1";"1";26,3;100,00000000000001;"2";41;4,57;"männlich";"ja";"nein";"unterdurch.";"überdurch.";"unterdurch.";"unterdurch."
"74992";"Adult";"2";"2";20,7;104,00000000000001;"2";97;4,889999999999999;"weiblich";"nein";"nein";"unterdurch.";"überdurch.";"unterdurch.";"unterdurch."
"74998";"Adult";"2";"2";37,2;94;"2";96;18,93;"weiblich";"nein";"nein";"überdurch..";"unterdurch.";"unterdurch.";"überdurch."
"75003";"Adult";"2";"2";35,1;81,00000000000001;"2";78;12,329999999999998;"weiblich";"nein";"nein";"überdurch..";"unterdurch.";"unterdurch.";"überdurch."
"75004";"Adult";"2";"2";19,6;95,00000000000001;"2";122,99999999999999;5,799999999999999;"weiblich";"nein";"nein";"unterdurch.";"unterdurch.";"überdurch.";"unterdurch."
"75010";"Senior";"2";"2";37,1;101,00000000000001;"2";154;14,59;"weiblich";"nein";"nein";"überdurch..";"überdurch.";"überdurch.";"überdurch."
"75013";"Adult";"1";"2";27,2;118,00000000000001;"2";150;10,43;"männlich";"nein";"nein";"unterdurch.";"überdurch.";"überdurch.";"unterdurch."
"75023";"Adult";"1";"1";26,1;91,00000000000001;"2";77;4,659999999999999;"männlich";"ja";"nein";"unterdurch.";"unterdurch.";"unterdurch.";"unterdurch."
"75042";"Adult";"2";"1";22,8;92,00000000000001;"2";47;3,2299999999999986;"weiblich";"ja";"nein";"unterdurch.";"unterdurch.";"unterdurch.";"unterdurch."
"75043";"Adult";"2";"2";24,2;87,00000000000001;"2";112;16,17;"weiblich";"nein";"nein";"unterdurch.";"unterdurch.";"unterdurch.";"überdurch."
"75050";"Adult";"1";"2";36,39999999999999;100,00000000000001;"2";96;34,71;"männlich";"nein";"nein";"überdurch..";"überdurch.";"unterdurch.";"überdurch."
"75057";"Adult";"2";"2";33,79999999999999;101,00000000000001;"2";128;13,519999999999998;"weiblich";"nein";"nein";"überdurch..";"überdurch.";"überdurch.";"überdurch."
"75058";"Senior";"2";"2";29,4;92,00000000000001;"2";131;11,259999999999998;"weiblich";"nein";"nein";"überdurch..";"unterdurch.";"überdurch.";"unterdurch."
"75066";"Adult";"2";"2";26,9;91,00000000000001;"2";126;5,389999999999999;"weiblich";"nein";"nein";"unterdurch.";"unterdurch.";"überdurch.";"unterdurch."
"75069";"Adult";"1";"2";30,3;100,00000000000001;"2";134;24,64;"männlich";"nein";"nein";"überdurch..";"überdurch.";"überdurch.";"überdurch."
"75092";"Adult";"1";"2";27,7;99,00000000000001;"2";118;12,849999999999998;"männlich";"nein";"nein";"unterdurch.";"unterdurch.";"überdurch.";"überdurch."
"75098";"Adult";"1";"1";32,9;94;"2";64;19,04;"männlich";"ja";"nein";"überdurch..";"unterdurch.";"unterdurch.";"überdurch."
"75104";"Adult";"2";"2";23,799999999999997;95,00000000000001;"2";112;18,74;"weiblich";"nein";"nein";"unterdurch.";"unterdurch.";"unterdurch.";"überdurch."
"75105";"Adult";"1";"2";34,3;108,00000000000001;"2";126;14,079999999999998;"männlich";"nein";"nein";"überdurch..";"überdurch.";"überdurch.";"überdurch."
"75108";"Senior";"1";"2";30,499999999999996;102,00000000000001;"2";162;6,75;"männlich";"nein";"nein";"überdurch..";"überdurch.";"überdurch.";"unterdurch."
"75118";"Adult";"2";"2";34,3;103,00000000000001;"2";84;6,329999999999999;"weiblich";"nein";"nein";"überdurch..";"überdurch.";"unterdurch.";"unterdurch."
"75123";"Adult";"1";"2";37,2;92,00000000000001;"2";93;20,199999999999996;"männlich";"nein";"nein";"überdurch..";"unterdurch.";"unterdurch.";"überdurch."
"75128";"Adult";"1";"2";26,6;98,00000000000001;"2";118;14,059999999999999;"männlich";"nein";"nein";"unterdurch.";"unterdurch.";"überdurch.";"überdurch."
"75132";"Adult";"1";"2";23,3;103,00000000000001;"2";86;9,529999999999998;"männlich";"nein";"nein";"unterdurch.";"überdurch.";"unterdurch.";"unterdurch."
"75141";"Adult";"2";"2";36,8;95,00000000000001;"2";125;36,42;"weiblich";"nein";"nein";"überdurch..";"unterdurch.";"überdurch.";"überdurch."
"75143";"Adult";"2";"2";14,6;101,00000000000001;"2";102,00000000000001;7,099999999999999;"weiblich";"nein";"nein";"unterdurch.";"überdurch.";"unterdurch.";"unterdurch."
"75149";"Adult";"2";"2";24,8;91,00000000000001;"2";115,99999999999999;4,249999999999998;"weiblich";"nein";"nein";"unterdurch.";"unterdurch.";"überdurch.";"unterdurch."
"75156";"Adult";"1";"2";36,1;102,00000000000001;"2";126,99999999999999;18,449999999999996;"männlich";"nein";"nein";"überdurch..";"überdurch.";"überdurch.";"überdurch."
"75157";"Adult";"1";"2";31,1;116,00000000000001;"3";209;14,059999999999999;"männlich";"nein";"Prädiabetes";"überdurch..";"überdurch.";"überdurch.";"überdurch."
"75159";"Senior";"1";"2";27,399999999999995;99,00000000000001;"2";93;10,459999999999999;"männlich";"nein";"nein";"unterdurch.";"unterdurch.";"unterdurch.";"unterdurch."
"75178";"Adult";"2";"1";27,399999999999995;95,00000000000001;"2";118;15,96;"weiblich";"ja";"nein";"unterdurch.";"unterdurch.";"überdurch.";"überdurch."
"75185";"Adult";"1";"2";24,7;96,00000000000001;"2";98;6,919999999999999;"männlich";"nein";"nein";"unterdurch.";"unterdurch.";"unterdurch.";"unterdurch."
"75187";"Adult";"2";"2";18,9;93,00000000000001;"2";78;2,6499999999999986;"weiblich";"nein";"nein";"unterdurch.";"unterdurch.";"unterdurch.";"unterdurch."
"75188";"Adult";"2";"2";33,7;97,00000000000001;"2";103;17,71;"weiblich";"nein";"nein";"überdurch..";"unterdurch.";"unterdurch.";"überdurch."
"75189";"Adult";"1";"2";24,4;95,00000000000001;"2";100;5,639999999999999;"männlich";"nein";"nein";"unterdurch.";"unterdurch.";"unterdurch.";"unterdurch."
"75190";"Adult";"1";"2";28,4;99,00000000000001;"2";98;8,989999999999998;"männlich";"nein";"nein";"überdurch..";"unterdurch.";"unterdurch.";"unterdurch."
"75207";"Senior";"1";"2";24,2;105,00000000000001;"2";67;12,01;"männlich";"nein";"nein";"unterdurch.";"überdurch.";"unterdurch.";"überdurch."
"75212";"Adult";"1";"1";26,6;97,00000000000001;"2";70;14,38;"männlich";"ja";"nein";"unterdurch.";"unterdurch.";"unterdurch.";"überdurch."
"75216";"Adult";"1";"1";33,7;96,00000000000001;"2";46,000000000000014;14,129999999999999;"männlich";"ja";"nein";"überdurch..";"unterdurch.";"unterdurch.";"überdurch."
"75220";"Adult";"2";"1";35,1;95,00000000000001;"2";86;6,449999999999999;"weiblich";"ja";"nein";"überdurch..";"unterdurch.";"unterdurch.";"unterdurch."
"75223";"Senior";"2";"2";29,6;93,00000000000001;"2";101;10,339999999999998;"weiblich";"nein";"nein";"überdurch..";"unterdurch.";"unterdurch.";"unterdurch."
"75224";"Adult";"2";"2";30;94;"2";91;7,569999999999999;"weiblich";"nein";"nein";"überdurch..";"unterdurch.";"unterdurch.";"unterdurch."
"75225";"Adult";"1";"2";26,7;98,00000000000001;"2";126,99999999999999;14,67;"männlich";"nein";"nein";"unterdurch.";"unterdurch.";"überdurch.";"überdurch."
"75227";"Adult";"2";"2";21,299999999999997;82,00000000000001;"2";77;3,58;"weiblich";"nein";"nein";"unterdurch.";"unterdurch.";"unterdurch.";"unterdurch."
"75244";"Adult";"2";"2";46,39999999999999;107,00000000000001;"2";179;49,69;"weiblich";"nein";"nein";"überdurch..";"überdurch.";"überdurch.";"überdurch."
"75248";"Adult";"1";"2";20;91,00000000000001;"2";82;5,6;"männlich";"nein";"nein";"unterdurch.";"unterdurch.";"unterdurch.";"unterdurch."
"75249";"Adult";"2";"2";22,8;86,00000000000001;"2";89;6,029999999999999;"weiblich";"nein";"nein";"unterdurch.";"unterdurch.";"unterdurch.";"unterdurch."
"75251";"Adult";"1";"1";31,1;98,00000000000001;"2";60;14,52;"männlich";"ja";"nein";"überdurch..";"unterdurch.";"unterdurch.";"überdurch."
"75253";"Adult";"1";"2";42,4;95,00000000000001;"2";140;64,75;"männlich";"nein";"nein";"überdurch..";"unterdurch.";"überdurch.";"überdurch."
"75256";"Adult";"1";"2";30,2;96,00000000000001;"2";102,00000000000001;15,57;"männlich";"nein";"nein";"überdurch..";"unterdurch.";"unterdurch.";"überdurch."
"75257";"Adult";"1";"1";21,299999999999997;100,00000000000001;"2";90;22,949999999999996;"männlich";"ja";"nein";"unterdurch.";"überdurch.";"unterdurch.";"überdurch."
"75259";"Senior";"2";"2";25,5;114,00000000000001;"1";236;6,529999999999999;"weiblich";"nein";"ja";"unterdurch.";"überdurch.";"überdurch.";"unterdurch."
"75262";"Senior";"1";"2";28,2;98,00000000000001;"2";132;10,689999999999998;"männlich";"nein";"nein";"überdurch..";"unterdurch.";"überdurch.";"unterdurch."
"75265";"Adult";"2";"2";19,300000000000004;87,00000000000001;"2";104;5,519999999999999;"weiblich";"nein";"nein";"unterdurch.";"unterdurch.";"unterdurch.";"unterdurch."
"75277";"Senior";"1";"2";48,3;135;"2";190;12,61;"männlich";"nein";"nein";"überdurch..";"überdurch.";"überdurch.";"überdurch."
"75278";"Adult";"1";"2";20,7;96,00000000000001;"2";92;5,109999999999999;"männlich";"nein";"nein";"unterdurch.";"unterdurch.";"unterdurch.";"unterdurch."
"75279";"Senior";"2";"2";17,6;111,00000000000001;"2";151;5,569999999999999;"weiblich";"nein";"nein";"unterdurch.";"überdurch.";"überdurch.";"unterdurch."
"75289";"Adult";"2";"2";37,4;105,00000000000001;"2";146;16,19;"weiblich";"nein";"nein";"überdurch..";"überdurch.";"überdurch.";"überdurch."
"75290";"Adult";"1";"2";31,199999999999996;96,00000000000001;"2";152;21,629999999999995;"männlich";"nein";"nein";"überdurch..";"unterdurch.";"überdurch.";"überdurch."
"75306";"Adult";"1";"2";21,4;101,00000000000001;"2";188;7,219999999999999;"männlich";"nein";"nein";"unterdurch.";"überdurch.";"überdurch.";"unterdurch."
"75307";"Adult";"1";"2";36;102,00000000000001;"2";79;15,09;"männlich";"nein";"nein";"überdurch..";"überdurch.";"unterdurch.";"überdurch."
"75315";"Senior";"1";"1";28,7;92,00000000000001;"2";101;4,629999999999999;"männlich";"ja";"nein";"überdurch..";"unterdurch.";"unterdurch.";"unterdurch."
"75321";"Adult";"1";"2";28,999999999999996;91,00000000000001;"2";95,00000000000001;14,559999999999999;"männlich";"nein";"nein";"überdurch..";"unterdurch.";"unterdurch.";"überdurch."
"75324";"Senior";"2";"2";35,8;89;"2";95,00000000000001;11,929999999999998;"weiblich";"nein";"nein";"überdurch..";"unterdurch.";"unterdurch.";"überdurch."
"75325";"Adult";"1";"1";29,799999999999997;115;"2";86;8,4;"männlich";"ja";"nein";"überdurch..";"überdurch.";"unterdurch.";"unterdurch."
"75327";"Adult";"1";"2";30,399999999999995;107,00000000000001;"2";97;18,33;"männlich";"nein";"nein";"überdurch..";"überdurch.";"unterdurch.";"überdurch."
"75328";"Adult";"1";"1";21,299999999999997;104,00000000000001;"2";76;4,96;"männlich";"ja";"nein";"unterdurch.";"überdurch.";"unterdurch.";"unterdurch."
"75329";"Adult";"2";"2";35,5;82,00000000000001;"2";73;8,779999999999998;"weiblich";"nein";"nein";"überdurch..";"unterdurch.";"unterdurch.";"unterdurch."
"75332";"Adult";"2";"1";43,6;109,00000000000001;"3";139;23,4;"weiblich";"ja";"Prädiabetes";"überdurch..";"überdurch.";"überdurch.";"überdurch."
"75333";"Adult";"1";"2";29,6;108,00000000000001;"2";111;30,589999999999996;"männlich";"nein";"nein";"überdurch..";"überdurch.";"unterdurch.";"überdurch."
"75339";"Adult";"1";"1";37;103,00000000000001;"3";182;8,18;"männlich";"ja";"Prädiabetes";"überdurch..";"überdurch.";"überdurch.";"unterdurch."
"75346";"Adult";"1";"1";28,6;91,00000000000001;"2";108,99999999999999;5,269999999999999;"männlich";"ja";"nein";"überdurch..";"unterdurch.";"unterdurch.";"unterdurch."
"75349";"Adult";"1";"2";24,5;98,00000000000001;"2";81;15,199999999999998;"männlich";"nein";"nein";"unterdurch.";"unterdurch.";"unterdurch.";"überdurch."
"75350";"Senior";"2";"2";31,499999999999996;122,00000000000001;"2";177;16,45;"weiblich";"nein";"nein";"überdurch..";"überdurch.";"überdurch.";"überdurch."
"75351";"Adult";"2";"2";21,5;94;"2";97;4,44;"weiblich";"nein";"nein";"unterdurch.";"unterdurch.";"unterdurch.";"unterdurch."
"75359";"Adult";"2";"2";34,5;108,00000000000001;"2";64;14,179999999999998;"weiblich";"nein";"nein";"überdurch..";"überdurch.";"unterdurch.";"überdurch."
"75361";"Senior";"1";"1";25,8;109,00000000000001;"2";112;5,499999999999999;"männlich";"ja";"nein";"unterdurch.";"überdurch.";"unterdurch.";"unterdurch."
"75364";"Adult";"1";"2";24,1;95,00000000000001;"2";95,00000000000001;6,819999999999999;"männlich";"nein";"nein";"unterdurch.";"unterdurch.";"unterdurch.";"unterdurch."
"75370";"Adult";"1";"2";21,6;98,00000000000001;"2";68;2,969999999999999;"männlich";"nein";"nein";"unterdurch.";"unterdurch.";"unterdurch.";"unterdurch."
"75382";"Adult";"1";"2";28,7;113,00000000000001;"2";163;18,7;"männlich";"nein";"nein";"überdurch..";"überdurch.";"überdurch.";"überdurch."
"75385";"Adult";"2";"2";29,9;93,00000000000001;"2";74;3,3999999999999986;"weiblich";"nein";"nein";"überdurch..";"unterdurch.";"unterdurch.";"unterdurch."
"75389";"Adult";"2";"2";50,7;116,00000000000001;"2";108,99999999999999;12,569999999999999;"weiblich";"nein";"nein";"überdurch..";"überdurch.";"unterdurch.";"überdurch."
"75390";"Adult";"1";"2";28,6;133;"2";249;23,559999999999995;"männlich";"nein";"nein";"überdurch..";"überdurch.";"überdurch.";"überdurch."
"75391";"Adult";"2";"1";34,3;88,00000000000001;"2";96;7,269999999999998;"weiblich";"ja";"nein";"überdurch..";"unterdurch.";"unterdurch.";"unterdurch."
"75393";"Adult";"2";"1";31,8;100,00000000000001;"2";105,99999999999999;7,7299999999999995;"weiblich";"ja";"nein";"überdurch..";"überdurch.";"unterdurch.";"unterdurch."
"75403";"Adult";"2";"2";45,7;87,00000000000001;"2";110;23,349999999999998;"weiblich";"nein";"nein";"überdurch..";"unterdurch.";"unterdurch.";"überdurch."
"75407";"Adult";"2";"2";21,2;87,00000000000001;"2";85;6,759999999999999;"weiblich";"nein";"nein";"unterdurch.";"unterdurch.";"unterdurch.";"unterdurch."
"75410";"Adult";"2";"2";23,699999999999996;81,00000000000001;"2";100;15,95;"weiblich";"nein";"nein";"unterdurch.";"unterdurch.";"unterdurch.";"überdurch."
"75413";"Adult";"2";"2";16,5;104,00000000000001;"2";98;19,489999999999995;"weiblich";"nein";"nein";"unterdurch.";"überdurch.";"unterdurch.";"überdurch."
"75416";"Adult";"1";"2";39,9;97,00000000000001;"2";199;28,89;"männlich";"nein";"nein";"überdurch..";"unterdurch.";"überdurch.";"überdurch."
"75418";"Adult";"1";"2";27,5;99,00000000000001;"2";119;4,469999999999999;"männlich";"nein";"nein";"unterdurch.";"unterdurch.";"überdurch.";"unterdurch."
"75428";"Adult";"2";"2";27;85,00000000000001;"2";69;7,4799999999999995;"weiblich";"nein";"nein";"unterdurch.";"unterdurch.";"unterdurch.";"unterdurch."
"75435";"Adult";"2";"2";22,8;97,00000000000001;"2";98,99999999999999;3,4399999999999995;"weiblich";"nein";"nein";"unterdurch.";"unterdurch.";"unterdurch.";"unterdurch."
"75440";"Adult";"1";"2";22,5;99,00000000000001;"2";76;3,469999999999999;"männlich";"nein";"nein";"unterdurch.";"unterdurch.";"unterdurch.";"unterdurch."
"75447";"Adult";"2";"2";25,4;87,00000000000001;"2";108;4,359999999999999;"weiblich";"nein";"nein";"unterdurch.";"unterdurch.";"unterdurch.";"unterdurch."
"75449";"Senior";"2";"2";27,2;100,00000000000001;"2";124;7,019999999999999;"weiblich";"nein";"nein";"unterdurch.";"überdurch.";"überdurch.";"unterdurch."
"75456";"Senior";"1";"2";23,699999999999996;94;"2";98,99999999999999;5,609999999999999;"männlich";"nein";"nein";"unterdurch.";"unterdurch.";"unterdurch.";"unterdurch."
"75462";"Adult";"2";"2";37,2;103,00000000000001;"2";157;7,529999999999999;"weiblich";"nein";"nein";"überdurch..";"überdurch.";"überdurch.";"unterdurch."
"75472";"Adult";"2";"2";41,39999999999999;108,00000000000001;"2";119,99999999999999;7,819999999999999;"weiblich";"nein";"nein";"überdurch..";"überdurch.";"überdurch.";"unterdurch."
"75476";"Adult";"2";"1";20,9;79;"2";69;2,91;"weiblich";"ja";"nein";"unterdurch.";"unterdurch.";"unterdurch.";"unterdurch."
"75491";"Adult";"1";"2";27,2;112,00000000000001;"2";68;11,9;"männlich";"nein";"nein";"unterdurch.";"überdurch.";"unterdurch.";"überdurch."
"75492";"Adult";"1";"2";29,3;109,00000000000001;"2";90;9,029999999999998;"männlich";"nein";"nein";"überdurch..";"überdurch.";"unterdurch.";"unterdurch."
"75502";"Adult";"1";"2";20,4;107,00000000000001;"2";69;15,699999999999998;"männlich";"nein";"nein";"unterdurch.";"überdurch.";"unterdurch.";"überdurch."
"75506";"Adult";"2";"2";34;96,00000000000001;"2";80;29,82;"weiblich";"nein";"nein";"überdurch..";"unterdurch.";"unterdurch.";"überdurch."
"75508";"Adult";"1";"2";21,2;105,00000000000001;"2";111;13,869999999999997;"männlich";"nein";"nein";"unterdurch.";"überdurch.";"unterdurch.";"überdurch."
"75513";"Adult";"2";"2";21,1;77,00000000000001;"2";79;4,379999999999998;"weiblich";"nein";"nein";"unterdurch.";"unterdurch.";"unterdurch.";"unterdurch."
"75518";"Adult";"2";"2";19,6;93,00000000000001;"2";85;6,4799999999999995;"weiblich";"nein";"nein";"unterdurch.";"unterdurch.";"unterdurch.";"unterdurch."
"75521";"Adult";"2";"2";31,1;103,00000000000001;"2";126;35,09;"weiblich";"nein";"nein";"überdurch..";"überdurch.";"überdurch.";"überdurch."
"75532";"Adult";"1";"2";31,3;94;"2";72;3,2499999999999982;"männlich";"nein";"nein";"überdurch..";"unterdurch.";"unterdurch.";"unterdurch."
"75533";"Adult";"1";"2";20,7;90,00000000000001;"2";135;3,639999999999999;"männlich";"nein";"nein";"unterdurch.";"unterdurch.";"überdurch.";"unterdurch."
"75534";"Adult";"2";"2";33,5;94;"2";75;41,379999999999995;"weiblich";"nein";"nein";"überdurch..";"unterdurch.";"unterdurch.";"überdurch."
"75542";"Senior";"2";"2";27,2;114,00000000000001;"2";134;22;"weiblich";"nein";"nein";"unterdurch.";"überdurch.";"überdurch.";"überdurch."
"75543";"Senior";"2";"2";33,2;95,00000000000001;"1";92;6,87;"weiblich";"nein";"ja";"überdurch..";"unterdurch.";"unterdurch.";"unterdurch."
"75549";"Adult";"2";"2";18,6;99,00000000000001;"2";105;2,9799999999999986;"weiblich";"nein";"nein";"unterdurch.";"unterdurch.";"unterdurch.";"unterdurch."
"75557";"Adult";"2";"2";32,8;93,00000000000001;"2";160;14,12;"weiblich";"nein";"nein";"überdurch..";"unterdurch.";"überdurch.";"überdurch."
"75562";"Senior";"1";"2";25,4;99,00000000000001;"2";118;8,2;"männlich";"nein";"nein";"unterdurch.";"unterdurch.";"überdurch.";"unterdurch."
"75563";"Adult";"2";"2";19,7;103,00000000000001;"2";131;5,069999999999999;"weiblich";"nein";"nein";"unterdurch.";"überdurch.";"überdurch.";"unterdurch."
"75571";"Adult";"1";"2";27;93,00000000000001;"2";85;8,229999999999999;"männlich";"nein";"nein";"unterdurch.";"unterdurch.";"unterdurch.";"unterdurch."
"75578";"Adult";"1";"2";20,7;88,00000000000001;"2";82;4,249999999999998;"männlich";"nein";"nein";"unterdurch.";"unterdurch.";"unterdurch.";"unterdurch."
"75580";"Adult";"2";"2";26,3;100,00000000000001;"2";141;15,26;"weiblich";"nein";"nein";"unterdurch.";"überdurch.";"überdurch.";"überdurch."
"75583";"Adult";"1";"2";31,9;98,00000000000001;"2";107;25,39;"männlich";"nein";"nein";"überdurch..";"unterdurch.";"unterdurch.";"überdurch."
"75592";"Senior";"2";"1";19,300000000000004;102,00000000000001;"2";135;4,759999999999999;"weiblich";"ja";"nein";"unterdurch.";"überdurch.";"überdurch.";"unterdurch."
"75594";"Adult";"2";"2";22;96,00000000000001;"2";118;9,66;"weiblich";"nein";"nein";"unterdurch.";"unterdurch.";"überdurch.";"unterdurch."
"75598";"Adult";"2";"2";29,099999999999998;93,00000000000001;"2";126;9,399999999999999;"weiblich";"nein";"nein";"überdurch..";"unterdurch.";"überdurch.";"unterdurch."
"75609";"Senior";"2";"2";25,6;82,00000000000001;"2";122,99999999999999;6,499999999999999;"weiblich";"nein";"nein";"unterdurch.";"unterdurch.";"überdurch.";"unterdurch."
"75613";"Adult";"2";"2";34;102,00000000000001;"2";91;10,669999999999998;"weiblich";"nein";"nein";"überdurch..";"überdurch.";"unterdurch.";"unterdurch."
"75616";"Adult";"1";"1";31,8;100,00000000000001;"2";102,00000000000001;10,61;"männlich";"ja";"nein";"überdurch..";"überdurch.";"unterdurch.";"unterdurch."
"75618";"Adult";"1";"2";27;98,00000000000001;"2";101;30,35;"männlich";"nein";"nein";"unterdurch.";"unterdurch.";"unterdurch.";"überdurch."
"75621";"Adult";"2";"2";26,9;99,00000000000001;"2";180;25,45;"weiblich";"nein";"nein";"unterdurch.";"unterdurch.";"überdurch.";"überdurch."
"75624";"Adult";"2";"1";37;88,00000000000001;"2";75;37,07999999999999;"weiblich";"ja";"nein";"überdurch..";"unterdurch.";"unterdurch.";"überdurch."
"75631";"Senior";"2";"2";27,8;175;"2";315,99999999999994;9,16;"weiblich";"nein";"nein";"unterdurch.";"überdurch.";"überdurch.";"unterdurch."
"75636";"Adult";"2";"2";35,8;91,00000000000001;"2";85;23,83;"weiblich";"nein";"nein";"überdurch..";"unterdurch.";"unterdurch.";"überdurch."
"75647";"Adult";"1";"2";21,299999999999997;94;"2";91;9,599999999999998;"männlich";"nein";"nein";"unterdurch.";"unterdurch.";"unterdurch.";"unterdurch."
"75650";"Adult";"2";"2";27;94;"2";103;11,239999999999998;"weiblich";"nein";"nein";"unterdurch.";"unterdurch.";"unterdurch.";"unterdurch."
"75659";"Adult";"1";"2";28,7;87,00000000000001;"2";88;2,1899999999999995;"männlich";"nein";"nein";"überdurch..";"unterdurch.";"unterdurch.";"unterdurch."
"75662";"Adult";"2";"2";26,1;86,00000000000001;"2";84;6,419999999999999;"weiblich";"nein";"nein";"unterdurch.";"unterdurch.";"unterdurch.";"unterdurch."
"75664";"Adult";"2";"1";33,79999999999999;95,00000000000001;"2";80;4,989999999999999;"weiblich";"ja";"nein";"überdurch..";"unterdurch.";"unterdurch.";"unterdurch."
"75669";"Adult";"1";"2";22,2;108,00000000000001;"2";76;6,339999999999999;"männlich";"nein";"nein";"unterdurch.";"überdurch.";"unterdurch.";"unterdurch."
"75670";"Adult";"2";"2";29,2;99,00000000000001;"2";146;10,55;"weiblich";"nein";"nein";"überdurch..";"unterdurch.";"überdurch.";"unterdurch."
"75682";"Adult";"1";"2";31,599999999999998;108,00000000000001;"2";152;17,26;"männlich";"nein";"nein";"überdurch..";"überdurch.";"überdurch.";"überdurch."
"75683";"Adult";"1";"2";20,4;99,00000000000001;"2";104;4,4799999999999995;"männlich";"nein";"nein";"unterdurch.";"unterdurch.";"unterdurch.";"unterdurch."
"75689";"Adult";"1";"1";24,3;99,00000000000001;"2";147;5,449999999999999;"männlich";"ja";"nein";"unterdurch.";"unterdurch.";"überdurch.";"unterdurch."
"75690";"Adult";"1";"2";22,5;103,00000000000001;"2";94;3,24;"männlich";"nein";"nein";"unterdurch.";"überdurch.";"unterdurch.";"unterdurch."
"75698";"Adult";"1";"2";34,8;104,00000000000001;"2";93;12,519999999999998;"männlich";"nein";"nein";"überdurch..";"überdurch.";"unterdurch.";"überdurch."
"75699";"Adult";"2";"2";23,6;91,00000000000001;"2";104;6,839999999999999;"weiblich";"nein";"nein";"unterdurch.";"unterdurch.";"unterdurch.";"unterdurch."
"75702";"Adult";"2";"2";44,89999999999999;105,00000000000001;"2";80;10,929999999999998;"weiblich";"nein";"nein";"überdurch..";"überdurch.";"unterdurch.";"unterdurch."
"75705";"Adult";"2";"2";23,699999999999996;83;"2";81;10,42;"weiblich";"nein";"nein";"unterdurch.";"unterdurch.";"unterdurch.";"unterdurch."
"75706";"Adult";"2";"2";32,6;84;"2";92;22,04;"weiblich";"nein";"nein";"überdurch..";"unterdurch.";"unterdurch.";"überdurch."
"75707";"Adult";"2";"2";36,5;96,00000000000001;"2";93;27,559999999999995;"weiblich";"nein";"nein";"überdurch..";"unterdurch.";"unterdurch.";"überdurch."
"75709";"Adult";"2";"2";21,7;91,00000000000001;"2";78;7,199999999999999;"weiblich";"nein";"nein";"unterdurch.";"unterdurch.";"unterdurch.";"unterdurch."
"75710";"Adult";"1";"2";41,1;96,00000000000001;"2";93;17,4;"männlich";"nein";"nein";"überdurch..";"unterdurch.";"unterdurch.";"überdurch."
"75714";"Adult";"1";"2";23,9;156;"2";311;7,929999999999999;"männlich";"nein";"nein";"unterdurch.";"überdurch.";"überdurch.";"unterdurch."
"75715";"Adult";"1";"2";15,900000000000002;98,00000000000001;"2";108,99999999999999;17,13;"männlich";"nein";"nein";"unterdurch.";"unterdurch.";"unterdurch.";"überdurch."
"75721";"Adult";"1";"2";32,6;103,00000000000001;"2";57;9,66;"männlich";"nein";"nein";"überdurch..";"überdurch.";"unterdurch.";"unterdurch."
"75722";"Adult";"1";"2";19,6;84;"2";68;3,9899999999999984;"männlich";"nein";"nein";"unterdurch.";"unterdurch.";"unterdurch.";"unterdurch."
"75723";"Adult";"2";"2";35,3;77,00000000000001;"2";76;9,46;"weiblich";"nein";"nein";"überdurch..";"unterdurch.";"unterdurch.";"unterdurch."
"75724";"Senior";"1";"2";29,5;138;"3";225;15,599999999999998;"männlich";"nein";"Prädiabetes";"überdurch..";"überdurch.";"überdurch.";"überdurch."
"75735";"Adult";"1";"2";28,5;93,00000000000001;"2";102,00000000000001;12,639999999999999;"männlich";"nein";"nein";"überdurch..";"unterdurch.";"unterdurch.";"überdurch."
"75737";"Adult";"2";"2";22,4;94;"2";114;7,919999999999999;"weiblich";"nein";"nein";"unterdurch.";"unterdurch.";"unterdurch.";"unterdurch."
"75744";"Senior";"2";"2";24,4;120;"2";182;9,869999999999997;"weiblich";"nein";"nein";"unterdurch.";"überdurch.";"überdurch.";"unterdurch."
"75753";"Adult";"1";"1";19,6;98,00000000000001;"2";98,99999999999999;4,279999999999999;"männlich";"ja";"nein";"unterdurch.";"unterdurch.";"unterdurch.";"unterdurch."
"75754";"Adult";"1";"2";28,7;99,00000000000001;"1";125;13,18;"männlich";"nein";"ja";"überdurch..";"unterdurch.";"überdurch.";"überdurch."
"75758";"Adult";"1";"2";20,6;96,00000000000001;"2";90;7,9399999999999995;"männlich";"nein";"nein";"unterdurch.";"unterdurch.";"unterdurch.";"unterdurch."
"75774";"Senior";"1";"2";25,1;104,00000000000001;"2";108;3,7200000000000006;"männlich";"nein";"nein";"unterdurch.";"überdurch.";"unterdurch.";"unterdurch."
"75787";"Senior";"1";"1";31,599999999999998;83;"2";132;18,119999999999997;"männlich";"ja";"nein";"überdurch..";"unterdurch.";"überdurch.";"überdurch."
"75790";"Adult";"2";"1";27,1;85,00000000000001;"2";119;11,689999999999998;"weiblich";"ja";"nein";"unterdurch.";"unterdurch.";"überdurch.";"unterdurch."
"75791";"Adult";"2";"1";18,1;100,00000000000001;"2";98,99999999999999;8,359999999999998;"weiblich";"ja";"nein";"unterdurch.";"überdurch.";"unterdurch.";"unterdurch."
"75795";"Senior";"1";"2";30,6;101,00000000000001;"2";233;9,769999999999998;"männlich";"nein";"nein";"überdurch..";"überdurch.";"überdurch.";"unterdurch."
"75796";"Adult";"2";"2";38,7;93,00000000000001;"2";96;28,64;"weiblich";"nein";"nein";"überdurch..";"unterdurch.";"unterdurch.";"überdurch."
"75805";"Adult";"2";"1";16,9;101,00000000000001;"2";111;5,9399999999999995;"weiblich";"ja";"nein";"unterdurch.";"überdurch.";"unterdurch.";"unterdurch."
"75809";"Adult";"1";"2";25,7;99,00000000000001;"2";96;13,29;"männlich";"nein";"nein";"unterdurch.";"unterdurch.";"unterdurch.";"überdurch."
"75814";"Adult";"1";"2";41,5;88,00000000000001;"2";147;15,91;"männlich";"nein";"nein";"überdurch..";"unterdurch.";"überdurch.";"überdurch."
"75822";"Adult";"2";"2";19,300000000000004;90,00000000000001;"2";64;3,24;"weiblich";"nein";"nein";"unterdurch.";"unterdurch.";"unterdurch.";"unterdurch."
"75823";"Adult";"2";"2";28,6;94;"2";98;4,95;"weiblich";"nein";"nein";"überdurch..";"unterdurch.";"unterdurch.";"unterdurch."
"75830";"Adult";"2";"1";19,6;77,00000000000001;"2";108,99999999999999;16,48;"weiblich";"ja";"nein";"unterdurch.";"unterdurch.";"unterdurch.";"überdurch."
"75831";"Adult";"2";"2";29,4;102,00000000000001;"2";132;11,759999999999998;"weiblich";"nein";"nein";"überdurch..";"überdurch.";"überdurch.";"unterdurch."
"75836";"Adult";"1";"1";19,1;97,00000000000001;"2";69;5,719999999999999;"männlich";"ja";"nein";"unterdurch.";"unterdurch.";"unterdurch.";"unterdurch."
"75837";"Adult";"1";"1";24,5;99,00000000000001;"2";108;5,749999999999999;"männlich";"ja";"nein";"unterdurch.";"unterdurch.";"unterdurch.";"unterdurch."
"75838";"Senior";"1";"2";26,199999999999996;104,00000000000001;"2";105;4,309999999999998;"männlich";"nein";"nein";"unterdurch.";"überdurch.";"unterdurch.";"unterdurch."
"75842";"Adult";"1";"2";26,9;102,00000000000001;"2";91;12,13;"männlich";"nein";"nein";"unterdurch.";"überdurch.";"unterdurch.";"überdurch."
"75853";"Adult";"2";"2";42;100,00000000000001;"2";142;38,02;"weiblich";"nein";"nein";"überdurch..";"überdurch.";"überdurch.";"überdurch."
"75854";"Adult";"1";"2";23;88,00000000000001;"2";88;8,14;"männlich";"nein";"nein";"unterdurch.";"unterdurch.";"unterdurch.";"unterdurch."
"75856";"Adult";"2";"2";28,7;84;"2";98,99999999999999;13,69;"weiblich";"nein";"nein";"überdurch..";"unterdurch.";"unterdurch.";"überdurch."
"75860";"Adult";"1";"2";40,7;107,00000000000001;"2";130;30,059999999999995;"männlich";"nein";"nein";"überdurch..";"überdurch.";"überdurch.";"überdurch."
"75866";"Adult";"1";"2";20,1;103,00000000000001;"2";76;7,799999999999999;"männlich";"nein";"nein";"unterdurch.";"überdurch.";"unterdurch.";"unterdurch."
"75871";"Adult";"2";"2";23,799999999999997;85,00000000000001;"2";80;2,5299999999999994;"weiblich";"nein";"nein";"unterdurch.";"unterdurch.";"unterdurch.";"unterdurch."
"75872";"Adult";"2";"2";26,799999999999997;86,00000000000001;"2";74;18,07;"weiblich";"nein";"nein";"unterdurch.";"unterdurch.";"unterdurch.";"überdurch."
"75875";"Adult";"1";"2";21,9;98,00000000000001;"2";111;10,05;"männlich";"nein";"nein";"unterdurch.";"unterdurch.";"unterdurch.";"unterdurch."
"75878";"Adult";"2";"2";20,4;95,00000000000001;"2";152;9,259999999999998;"weiblich";"nein";"nein";"unterdurch.";"unterdurch.";"überdurch.";"unterdurch."
"75881";"Adult";"2";"2";23,3;98,00000000000001;"2";135;16,37;"weiblich";"nein";"nein";"unterdurch.";"unterdurch.";"überdurch.";"überdurch."
"75887";"Adult";"2";"2";55,6;129;"2";148;22,049999999999997;"weiblich";"nein";"nein";"überdurch..";"überdurch.";"überdurch.";"überdurch."
"75888";"Adult";"2";"2";32,2;93,00000000000001;"3";101;21,299999999999997;"weiblich";"nein";"Prädiabetes";"überdurch..";"unterdurch.";"unterdurch.";"überdurch."
"75890";"Adult";"2";"2";31,3;99,00000000000001;"2";110;20,14;"weiblich";"nein";"nein";"überdurch..";"unterdurch.";"unterdurch.";"überdurch."
"75896";"Adult";"1";"2";28,6;96,00000000000001;"2";66;8,29;"männlich";"nein";"nein";"überdurch..";"unterdurch.";"unterdurch.";"unterdurch."
"75901";"Adult";"2";"1";18,9;91,00000000000001;"2";79;6,05;"weiblich";"ja";"nein";"unterdurch.";"unterdurch.";"unterdurch.";"unterdurch."
"75905";"Adult";"2";"2";18,4;89;"2";92;6,3999999999999995;"weiblich";"nein";"nein";"unterdurch.";"unterdurch.";"unterdurch.";"unterdurch."
"75906";"Adult";"1";"2";32,5;102,00000000000001;"2";84;17,51;"männlich";"nein";"nein";"überdurch..";"überdurch.";"unterdurch.";"überdurch."
"75913";"Adult";"2";"2";36,1;107,00000000000001;"2";103;26,54;"weiblich";"nein";"nein";"überdurch..";"überdurch.";"unterdurch.";"überdurch."
"75921";"Senior";"1";"2";30,2;123,00000000000001;"2";207;19,78;"männlich";"nein";"nein";"überdurch..";"überdurch.";"überdurch.";"überdurch."
"75922";"Senior";"2";"1";27,7;117,00000000000001;"2";164;16,76;"weiblich";"ja";"nein";"unterdurch.";"überdurch.";"überdurch.";"überdurch."
"75923";"Senior";"1";"2";25;99,00000000000001;"2";134;6,889999999999999;"männlich";"nein";"nein";"unterdurch.";"unterdurch.";"überdurch.";"unterdurch."
"75928";"Adult";"2";"2";31,9;102,00000000000001;"3";108;10,38;"weiblich";"nein";"Prädiabetes";"überdurch..";"überdurch.";"unterdurch.";"unterdurch."
"75931";"Adult";"1";"2";20,9;92,00000000000001;"2";62;6,389999999999999;"männlich";"nein";"nein";"unterdurch.";"unterdurch.";"unterdurch.";"unterdurch."
"75934";"Adult";"1";"2";26,4;80,00000000000001;"2";60;4,579999999999999;"männlich";"nein";"nein";"unterdurch.";"unterdurch.";"unterdurch.";"unterdurch."
"75949";"Adult";"2";"2";31,1;94;"2";108,99999999999999;18,119999999999997;"weiblich";"nein";"nein";"überdurch..";"unterdurch.";"unterdurch.";"überdurch."
"75951";"Adult";"2";"2";25,1;77,00000000000001;"2";91;3,8499999999999996;"weiblich";"nein";"nein";"unterdurch.";"unterdurch.";"unterdurch.";"unterdurch."
"75958";"Adult";"2";"2";25,8;100,00000000000001;"2";88;7,9399999999999995;"weiblich";"nein";"nein";"unterdurch.";"überdurch.";"unterdurch.";"unterdurch."
"75960";"Senior";"1";"2";21,6;86,00000000000001;"2";126;1,0199999999999978;"männlich";"nein";"nein";"unterdurch.";"unterdurch.";"überdurch.";"unterdurch."
"75964";"Senior";"1";"1";21,5;99,00000000000001;"2";91;6,219999999999999;"männlich";"ja";"nein";"unterdurch.";"unterdurch.";"unterdurch.";"unterdurch."
"75970";"Adult";"1";"1";29,5;103,00000000000001;"2";126,99999999999999;7,639999999999999;"männlich";"ja";"nein";"überdurch..";"überdurch.";"überdurch.";"unterdurch."
"75975";"Adult";"1";"2";24,899999999999995;85,00000000000001;"2";65;3,4499999999999993;"männlich";"nein";"nein";"unterdurch.";"unterdurch.";"unterdurch.";"unterdurch."
"75982";"Senior";"2";"2";20,3;92,00000000000001;"2";119;14,31;"weiblich";"nein";"nein";"unterdurch.";"unterdurch.";"überdurch.";"überdurch."
"75985";"Adult";"2";"1";20,2;107,00000000000001;"2";76;5,329999999999999;"weiblich";"ja";"nein";"unterdurch.";"überdurch.";"unterdurch.";"unterdurch."
"75989";"Adult";"1";"2";21;82,00000000000001;"2";60;1,5399999999999974;"männlich";"nein";"nein";"unterdurch.";"unterdurch.";"unterdurch.";"unterdurch."
"75992";"Adult";"2";"2";28,5;85,00000000000001;"2";70;6,3;"weiblich";"nein";"nein";"überdurch..";"unterdurch.";"unterdurch.";"unterdurch."
"75998";"Senior";"2";"2";27,399999999999995;106,00000000000001;"2";155;17,44;"weiblich";"nein";"nein";"unterdurch.";"überdurch.";"überdurch.";"überdurch."
"76004";"Adult";"2";"2";54,89999999999999;109,00000000000001;"2";168;24,89;"weiblich";"nein";"nein";"überdurch..";"überdurch.";"überdurch.";"überdurch."
"76006";"Adult";"2";"2";28,2;89;"2";72;7,109999999999999;"weiblich";"nein";"nein";"überdurch..";"unterdurch.";"unterdurch.";"unterdurch."
"76014";"Adult";"2";"2";25,5;93,00000000000001;"2";73;14,559999999999999;"weiblich";"nein";"nein";"unterdurch.";"unterdurch.";"unterdurch.";"überdurch."
"76018";"Adult";"1";"1";36,7;92,00000000000001;"2";103;30,18;"männlich";"ja";"nein";"überdurch..";"unterdurch.";"unterdurch.";"überdurch."
"76019";"Adult";"1";"2";17,3;107,00000000000001;"2";76;22,239999999999995;"männlich";"nein";"nein";"unterdurch.";"überdurch.";"unterdurch.";"überdurch."
"76023";"Senior";"1";"2";31,199999999999996;117,00000000000001;"3";177;2,869999999999999;"männlich";"nein";"Prädiabetes";"überdurch..";"überdurch.";"überdurch.";"unterdurch."
"76025";"Adult";"1";"2";25,3;96,00000000000001;"2";122,99999999999999;4,6499999999999995;"männlich";"nein";"nein";"unterdurch.";"unterdurch.";"überdurch.";"unterdurch."
"76040";"Adult";"2";"2";37,7;131,00000000000003;"2";156;21,78;"weiblich";"nein";"nein";"überdurch..";"überdurch.";"überdurch.";"überdurch."
"76045";"Adult";"2";"2";28,2;90,00000000000001;"2";119;20,029999999999998;"weiblich";"nein";"nein";"überdurch..";"unterdurch.";"überdurch.";"überdurch."
"76049";"Adult";"1";"2";26,9;94;"2";83;5,269999999999999;"männlich";"nein";"nein";"unterdurch.";"unterdurch.";"unterdurch.";"unterdurch."
"76051";"Adult";"1";"2";28,5;115;"2";125;5,819999999999999;"männlich";"nein";"nein";"überdurch..";"überdurch.";"überdurch.";"unterdurch."
"76054";"Adult";"2";"2";19,2;86,00000000000001;"2";83;8,679999999999998;"weiblich";"nein";"nein";"unterdurch.";"unterdurch.";"unterdurch.";"unterdurch."
"76056";"Adult";"1";"2";34,6;86,00000000000001;"2";52;25,25;"männlich";"nein";"nein";"überdurch..";"unterdurch.";"unterdurch.";"überdurch."
"76057";"Adult";"1";"1";19,5;79;"2";90;6,209999999999999;"männlich";"ja";"nein";"unterdurch.";"unterdurch.";"unterdurch.";"unterdurch."
"76062";"Adult";"1";"2";38,7;97,00000000000001;"2";105,99999999999999;17,32;"männlich";"nein";"nein";"überdurch..";"unterdurch.";"unterdurch.";"überdurch."
"76067";"Adult";"1";"1";22,8;103,00000000000001;"2";122,99999999999999;4,089999999999999;"männlich";"ja";"nein";"unterdurch.";"überdurch.";"überdurch.";"unterdurch."
"76069";"Adult";"1";"2";30,700000000000003;109,00000000000001;"2";101;5,639999999999999;"männlich";"nein";"nein";"überdurch..";"überdurch.";"unterdurch.";"unterdurch."
"76071";"Adult";"1";"2";23,5;89;"2";81;5,559999999999999;"männlich";"nein";"nein";"unterdurch.";"unterdurch.";"unterdurch.";"unterdurch."
"76072";"Senior";"1";"2";25,9;107,00000000000001;"2";117;15,389999999999999;"männlich";"nein";"nein";"unterdurch.";"überdurch.";"überdurch.";"überdurch."
"76073";"Adult";"1";"2";20,2;100,00000000000001;"2";102,00000000000001;6,969999999999999;"männlich";"nein";"nein";"unterdurch.";"überdurch.";"unterdurch.";"unterdurch."
"76077";"Adult";"2";"2";44,89999999999999;87,00000000000001;"2";84;18,16;"weiblich";"nein";"nein";"überdurch..";"unterdurch.";"unterdurch.";"überdurch."
"76081";"Adult";"1";"2";27,1;89;"2";90;10,73;"männlich";"nein";"nein";"unterdurch.";"unterdurch.";"unterdurch.";"unterdurch."
"76084";"Adult";"1";"2";30,9;101,00000000000001;"2";86;13,349999999999998;"männlich";"nein";"nein";"überdurch..";"überdurch.";"unterdurch.";"überdurch."
"76094";"Adult";"1";"2";22,8;91,00000000000001;"2";75;7,469999999999999;"männlich";"nein";"nein";"unterdurch.";"unterdurch.";"unterdurch.";"unterdurch."
"76097";"Senior";"2";"2";22,3;105,00000000000001;"2";98;5,6899999999999995;"weiblich";"nein";"nein";"unterdurch.";"überdurch.";"unterdurch.";"unterdurch."
"76107";"Adult";"2";"2";25,8;93,00000000000001;"3";142;6,04;"weiblich";"nein";"Prädiabetes";"unterdurch.";"unterdurch.";"überdurch.";"unterdurch."
"76128";"Senior";"2";"2";34,2;123,00000000000001;"2";225,99999999999997;13,17;"weiblich";"nein";"nein";"überdurch..";"überdurch.";"überdurch.";"überdurch."
"76133";"Adult";"2";"2";34;102,00000000000001;"2";205;26,18;"weiblich";"nein";"nein";"überdurch..";"überdurch.";"überdurch.";"überdurch."
"76135";"Adult";"1";"2";50,5;100,00000000000001;"2";115;44,13;"männlich";"nein";"nein";"überdurch..";"überdurch.";"überdurch.";"überdurch."
"76137";"Adult";"1";"2";26;131,00000000000003;"2";128;14,48;"männlich";"nein";"nein";"unterdurch.";"überdurch.";"überdurch.";"überdurch."
"76144";"Senior";"1";"2";32,4;94;"2";124;11,479999999999999;"männlich";"nein";"nein";"überdurch..";"unterdurch.";"überdurch.";"unterdurch."
"76148";"Adult";"2";"2";50,5;93,00000000000001;"2";101;18,88;"weiblich";"nein";"nein";"überdurch..";"unterdurch.";"unterdurch.";"überdurch."
"76149";"Senior";"2";"2";28,2;100,00000000000001;"2";139;10,579999999999998;"weiblich";"nein";"nein";"überdurch..";"überdurch.";"überdurch.";"unterdurch."
"76151";"Adult";"1";"2";23,9;112,00000000000001;"2";178;15,9;"männlich";"nein";"nein";"unterdurch.";"überdurch.";"überdurch.";"überdurch."
"76153";"Adult";"1";"1";28,7;89;"2";107;11,61;"männlich";"ja";"nein";"überdurch..";"unterdurch.";"unterdurch.";"unterdurch."
"76158";"Senior";"2";"2";28,6;99,00000000000001;"2";139;8,45;"weiblich";"nein";"nein";"überdurch..";"unterdurch.";"überdurch.";"unterdurch."
"76161";"Adult";"1";"2";40,099999999999994;95,00000000000001;"2";122;24,1;"männlich";"nein";"nein";"überdurch..";"unterdurch.";"überdurch.";"überdurch."
"76169";"Adult";"2";"2";30;93,00000000000001;"2";126,99999999999999;12,429999999999998;"weiblich";"nein";"nein";"überdurch..";"unterdurch.";"überdurch.";"überdurch."
"76170";"Adult";"2";"2";20,7;98,00000000000001;"2";108,99999999999999;1,6699999999999982;"weiblich";"nein";"nein";"unterdurch.";"unterdurch.";"unterdurch.";"unterdurch."
"76171";"Senior";"1";"2";25,3;119,00000000000001;"2";200;17,78;"männlich";"nein";"nein";"unterdurch.";"überdurch.";"überdurch.";"überdurch."
"76174";"Adult";"1";"2";20,2;90,00000000000001;"2";142;7,01;"männlich";"nein";"nein";"unterdurch.";"unterdurch.";"überdurch.";"unterdurch."
"76183";"Adult";"2";"2";20,7;83;"2";80;6,36;"weiblich";"nein";"nein";"unterdurch.";"unterdurch.";"unterdurch.";"unterdurch."
"76190";"Adult";"1";"1";27,5;112,00000000000001;"2";57;6,389999999999999;"männlich";"ja";"nein";"unterdurch.";"überdurch.";"unterdurch.";"unterdurch."
"76206";"Adult";"2";"2";30,399999999999995;89;"2";150;4,619999999999999;"weiblich";"nein";"nein";"überdurch..";"unterdurch.";"überdurch.";"unterdurch."
"76210";"Adult";"2";"2";19,7;91,00000000000001;"2";90;6,75;"weiblich";"nein";"nein";"unterdurch.";"unterdurch.";"unterdurch.";"unterdurch."
"76215";"Adult";"2";"1";47,5;127,00000000000001;"2";234;28,269999999999996;"weiblich";"ja";"nein";"überdurch..";"überdurch.";"überdurch.";"überdurch."
"76217";"Adult";"2";"2";35,9;106,00000000000001;"2";104;25,949999999999996;"weiblich";"nein";"nein";"überdurch..";"überdurch.";"unterdurch.";"überdurch."
"76220";"Adult";"1";"2";25,8;100,00000000000001;"2";100;7,7299999999999995;"männlich";"nein";"nein";"unterdurch.";"überdurch.";"unterdurch.";"unterdurch."
"76221";"Adult";"2";"2";20,2;90,00000000000001;"2";81;7,9399999999999995;"weiblich";"nein";"nein";"unterdurch.";"unterdurch.";"unterdurch.";"unterdurch."
"76226";"Adult";"1";"2";26,1;121,00000000000003;"3";121;11,189999999999998;"männlich";"nein";"Prädiabetes";"unterdurch.";"überdurch.";"überdurch.";"unterdurch."
"76238";"Adult";"2";"2";34,8;124,00000000000001;"2";203;48,62;"weiblich";"nein";"nein";"überdurch..";"überdurch.";"überdurch.";"überdurch."
"76239";"Adult";"2";"2";34,2;106,00000000000001;"2";139;29,35;"weiblich";"nein";"nein";"überdurch..";"überdurch.";"überdurch.";"überdurch."
"76243";"Adult";"2";"2";50,39999999999999;91,00000000000001;"2";126;26,79;"weiblich";"nein";"nein";"überdurch..";"unterdurch.";"überdurch.";"überdurch."
"76244";"Adult";"2";"2";19,9;87,00000000000001;"2";97;11,25;"weiblich";"nein";"nein";"unterdurch.";"unterdurch.";"unterdurch.";"unterdurch."
"76248";"Adult";"1";"1";31,399999999999995;97,00000000000001;"2";98,99999999999999;7,269999999999998;"männlich";"ja";"nein";"überdurch..";"unterdurch.";"unterdurch.";"unterdurch."
"76253";"Adult";"2";"2";18,6;110;"2";187;4,95;"weiblich";"nein";"nein";"unterdurch.";"überdurch.";"überdurch.";"unterdurch."
"76256";"Adult";"2";"2";26,7;84;"2";96;8,559999999999999;"weiblich";"nein";"nein";"unterdurch.";"unterdurch.";"unterdurch.";"unterdurch."
"76259";"Adult";"2";"2";18,6;88,00000000000001;"2";117;1,629999999999999;"weiblich";"nein";"nein";"unterdurch.";"unterdurch.";"überdurch.";"unterdurch."
"76260";"Adult";"1";"2";34;98,00000000000001;"2";196;46,01;"männlich";"nein";"nein";"überdurch..";"unterdurch.";"überdurch.";"überdurch."
"76261";"Adult";"1";"2";22,7;96,00000000000001;"2";86;4,469999999999999;"männlich";"nein";"nein";"unterdurch.";"unterdurch.";"unterdurch.";"unterdurch."
"76264";"Senior";"1";"2";20,2;99,00000000000001;"2";129;3,3999999999999986;"männlich";"nein";"nein";"unterdurch.";"unterdurch.";"überdurch.";"unterdurch."
"76272";"Adult";"2";"2";36,2;113,00000000000001;"2";204;19,12;"weiblich";"nein";"nein";"überdurch..";"überdurch.";"überdurch.";"überdurch."
"76276";"Adult";"1";"2";32,2;113,00000000000001;"2";157;10,559999999999999;"männlich";"nein";"nein";"überdurch..";"überdurch.";"überdurch.";"unterdurch."
"76277";"Senior";"1";"1";31,3;94;"2";91;8,379999999999999;"männlich";"ja";"nein";"überdurch..";"unterdurch.";"unterdurch.";"unterdurch."
"76279";"Adult";"2";"2";27,8;95,00000000000001;"2";111;11,739999999999998;"weiblich";"nein";"nein";"unterdurch.";"unterdurch.";"unterdurch.";"unterdurch."
"76284";"Adult";"1";"1";29,099999999999998;115;"2";103;9,48;"männlich";"ja";"nein";"überdurch..";"überdurch.";"unterdurch.";"unterdurch."
"76285";"Adult";"1";"2";23,6;92,00000000000001;"2";92;7,949999999999999;"männlich";"nein";"nein";"unterdurch.";"unterdurch.";"unterdurch.";"unterdurch."
"76289";"Adult";"2";"1";24,4;85,00000000000001;"2";92;6,139999999999999;"weiblich";"ja";"nein";"unterdurch.";"unterdurch.";"unterdurch.";"unterdurch."
"76298";"Adult";"2";"2";38,89999999999999;102,00000000000001;"2";112,99999999999999;12,189999999999998;"weiblich";"nein";"nein";"überdurch..";"überdurch.";"unterdurch.";"überdurch."
"76299";"Adult";"2";"2";20,5;86,00000000000001;"2";87;7,45;"weiblich";"nein";"nein";"unterdurch.";"unterdurch.";"unterdurch.";"unterdurch."
"76301";"Adult";"2";"2";33,6;88,00000000000001;"2";95,00000000000001;6,459999999999999;"weiblich";"nein";"nein";"überdurch..";"unterdurch.";"unterdurch.";"unterdurch."
"76304";"Adult";"2";"2";17,7;82,00000000000001;"2";65;5,999999999999999;"weiblich";"nein";"nein";"unterdurch.";"unterdurch.";"unterdurch.";"unterdurch."
"76306";"Senior";"1";"2";23,5;103,00000000000001;"2";72;5,119999999999999;"männlich";"nein";"nein";"unterdurch.";"überdurch.";"unterdurch.";"unterdurch."
"76307";"Adult";"2";"2";21,5;105,00000000000001;"2";149;7,4399999999999995;"weiblich";"nein";"nein";"unterdurch.";"überdurch.";"überdurch.";"unterdurch."
"76310";"Adult";"2";"2";22,4;92,00000000000001;"2";96;2,26;"weiblich";"nein";"nein";"unterdurch.";"unterdurch.";"unterdurch.";"unterdurch."
"76311";"Adult";"2";"2";22,7;90,00000000000001;"2";94;16,76;"weiblich";"nein";"nein";"unterdurch.";"unterdurch.";"unterdurch.";"überdurch."
"76314";"Adult";"2";"2";23,799999999999997;98,00000000000001;"2";83;3,6500000000000004;"weiblich";"nein";"nein";"unterdurch.";"unterdurch.";"unterdurch.";"unterdurch."
"76316";"Adult";"2";"2";31;105,00000000000001;"2";132;24,61;"weiblich";"nein";"nein";"überdurch..";"überdurch.";"überdurch.";"überdurch."
"76320";"Adult";"2";"2";25,2;97,00000000000001;"2";72;8,34;"weiblich";"nein";"nein";"unterdurch.";"unterdurch.";"unterdurch.";"unterdurch."
"76322";"Adult";"2";"2";28,999999999999996;250;"1";352;4,859999999999999;"weiblich";"nein";"ja";"überdurch..";"überdurch.";"überdurch.";"unterdurch."
"76323";"Adult";"2";"2";32,2;88,00000000000001;"2";86;14,36;"weiblich";"nein";"nein";"überdurch..";"unterdurch.";"unterdurch.";"überdurch."
"76325";"Adult";"1";"2";27,5;108,00000000000001;"2";111;11,669999999999998;"männlich";"nein";"nein";"unterdurch.";"überdurch.";"unterdurch.";"unterdurch."
"76333";"Senior";"2";"2";22,4;102,00000000000001;"2";211;6,329999999999999;"weiblich";"nein";"nein";"unterdurch.";"überdurch.";"überdurch.";"unterdurch."
"76337";"Adult";"2";"1";22,1;102,00000000000001;"2";108,99999999999999;8,96;"weiblich";"ja";"nein";"unterdurch.";"überdurch.";"unterdurch.";"unterdurch."
"76340";"Adult";"2";"2";23;96,00000000000001;"2";91;8,739999999999998;"weiblich";"nein";"nein";"unterdurch.";"unterdurch.";"unterdurch.";"unterdurch."
"76342";"Adult";"2";"2";38,3;96,00000000000001;"2";100;8,1;"weiblich";"nein";"nein";"überdurch..";"unterdurch.";"unterdurch.";"unterdurch."
"76351";"Adult";"2";"2";35,4;94;"2";96;19,940000000000005;"weiblich";"nein";"nein";"überdurch..";"unterdurch.";"unterdurch.";"überdurch."
"76363";"Senior";"2";"2";29,099999999999998;95,00000000000001;"2";143;10,769999999999998;"weiblich";"nein";"nein";"überdurch..";"unterdurch.";"überdurch.";"unterdurch."
"76367";"Adult";"1";"2";29,6;97,00000000000001;"2";84;6,259999999999999;"männlich";"nein";"nein";"überdurch..";"unterdurch.";"unterdurch.";"unterdurch."
"76373";"Adult";"1";"2";21,9;94;"2";96;6,1499999999999995;"männlich";"nein";"nein";"unterdurch.";"unterdurch.";"unterdurch.";"unterdurch."
"76377";"Adult";"1";"1";24,7;102,00000000000001;"2";84;9,519999999999998;"männlich";"ja";"nein";"unterdurch.";"überdurch.";"unterdurch.";"unterdurch."
"76385";"Adult";"1";"1";27,999999999999996;114,00000000000001;"2";161;7,01;"männlich";"ja";"nein";"überdurch..";"überdurch.";"überdurch.";"unterdurch."
"76390";"Adult";"1";"2";18,799999999999997;104,00000000000001;"2";82;4,4799999999999995;"männlich";"nein";"nein";"unterdurch.";"überdurch.";"unterdurch.";"unterdurch."
"76391";"Senior";"2";"1";26,199999999999996;95,00000000000001;"1";219;20,96;"weiblich";"ja";"ja";"unterdurch.";"unterdurch.";"überdurch.";"überdurch."
"76397";"Senior";"1";"2";26,5;134;"3";189;9,519999999999998;"männlich";"nein";"Prädiabetes";"unterdurch.";"überdurch.";"überdurch.";"unterdurch."
"76401";"Adult";"2";"2";21,2;95,00000000000001;"2";85;4,95;"weiblich";"nein";"nein";"unterdurch.";"unterdurch.";"unterdurch.";"unterdurch."
"76402";"Senior";"2";"2";28,3;98,00000000000001;"2";133;8,66;"weiblich";"nein";"nein";"überdurch..";"unterdurch.";"überdurch.";"unterdurch."
"76403";"Adult";"2";"1";24,7;103,00000000000001;"2";129;6,909999999999999;"weiblich";"ja";"nein";"unterdurch.";"überdurch.";"überdurch.";"unterdurch."
"76405";"Adult";"2";"1";30,9;94;"2";141;11,52;"weiblich";"ja";"nein";"überdurch..";"unterdurch.";"überdurch.";"unterdurch."
"76408";"Adult";"1";"2";23,4;93,00000000000001;"2";98,99999999999999;2,0999999999999996;"männlich";"nein";"nein";"unterdurch.";"unterdurch.";"unterdurch.";"unterdurch."
"76411";"Adult";"2";"1";31,199999999999996;104,00000000000001;"3";115,99999999999999;15,59;"weiblich";"ja";"Prädiabetes";"überdurch..";"überdurch.";"überdurch.";"überdurch."
"76422";"Senior";"1";"2";25,8;104,00000000000001;"2";122,99999999999999;9,83;"männlich";"nein";"nein";"unterdurch.";"überdurch.";"überdurch.";"unterdurch."
"76429";"Adult";"1";"1";21,8;101,00000000000001;"2";90;8,989999999999998;"männlich";"ja";"nein";"unterdurch.";"überdurch.";"unterdurch.";"unterdurch."
"76431";"Adult";"1";"2";32,7;103,00000000000001;"2";102,00000000000001;25,089999999999996;"männlich";"nein";"nein";"überdurch..";"überdurch.";"unterdurch.";"überdurch."
"76432";"Adult";"1";"2";26,799999999999997;99,00000000000001;"2";122;14,059999999999999;"männlich";"nein";"nein";"unterdurch.";"unterdurch.";"überdurch.";"überdurch."
"76433";"Adult";"1";"1";27,2;99,00000000000001;"2";76;6,499999999999999;"männlich";"ja";"nein";"unterdurch.";"unterdurch.";"unterdurch.";"unterdurch."
"76437";"Adult";"1";"2";27,7;114,00000000000001;"2";140;16,93;"männlich";"nein";"nein";"unterdurch.";"überdurch.";"überdurch.";"überdurch."
"76442";"Senior";"2";"2";23,9;98,00000000000001;"2";124;11,06;"weiblich";"nein";"nein";"unterdurch.";"unterdurch.";"überdurch.";"unterdurch."
"76447";"Senior";"2";"2";21,8;86,00000000000001;"2";130;4,969999999999999;"weiblich";"nein";"nein";"unterdurch.";"unterdurch.";"überdurch.";"unterdurch."
"76451";"Adult";"2";"2";25,2;101,00000000000001;"2";95,00000000000001;5,329999999999999;"weiblich";"nein";"nein";"unterdurch.";"überdurch.";"unterdurch.";"unterdurch."
"76455";"Senior";"2";"2";34,1;107,00000000000001;"2";156;9,079999999999998;"weiblich";"nein";"nein";"überdurch..";"überdurch.";"überdurch.";"unterdurch."
"76465";"Senior";"2";"2";23,1;90,00000000000001;"2";110;16,3;"weiblich";"nein";"nein";"unterdurch.";"unterdurch.";"unterdurch.";"überdurch."
"76468";"Senior";"1";"2";26;99,00000000000001;"2";122,99999999999999;7,999999999999999;"männlich";"nein";"nein";"unterdurch.";"unterdurch.";"überdurch.";"unterdurch."
"76490";"Senior";"2";"2";24,2;90,00000000000001;"2";76;4,85;"weiblich";"nein";"nein";"unterdurch.";"unterdurch.";"unterdurch.";"unterdurch."
"76505";"Adult";"1";"2";34,5;103,00000000000001;"2";95,00000000000001;22,41;"männlich";"nein";"nein";"überdurch..";"überdurch.";"unterdurch.";"überdurch."
"76509";"Adult";"1";"2";21,2;74;"2";57;1,9499999999999993;"männlich";"nein";"nein";"unterdurch.";"unterdurch.";"unterdurch.";"unterdurch."
"76511";"Adult";"2";"2";33,5;90,00000000000001;"2";78;7,289999999999999;"weiblich";"nein";"nein";"überdurch..";"unterdurch.";"unterdurch.";"unterdurch."
"76513";"Adult";"1";"2";17,5;93,00000000000001;"2";83;3,959999999999999;"männlich";"nein";"nein";"unterdurch.";"unterdurch.";"unterdurch.";"unterdurch."
"76514";"Adult";"2";"2";20,4;90,00000000000001;"2";49;3,1899999999999995;"weiblich";"nein";"nein";"unterdurch.";"unterdurch.";"unterdurch.";"unterdurch."
"76524";"Adult";"1";"2";20,8;98,00000000000001;"2";72;15,24;"männlich";"nein";"nein";"unterdurch.";"unterdurch.";"unterdurch.";"überdurch."
"76527";"Senior";"1";"1";22,6;92,00000000000001;"2";108;5,47;"männlich";"ja";"nein";"unterdurch.";"unterdurch.";"unterdurch.";"unterdurch."
"76529";"Adult";"2";"2";19,8;95,00000000000001;"2";111;5,219999999999998;"weiblich";"nein";"nein";"unterdurch.";"unterdurch.";"unterdurch.";"unterdurch."
"76539";"Adult";"2";"2";19,5;86,00000000000001;"2";108;3,7799999999999994;"weiblich";"nein";"nein";"unterdurch.";"unterdurch.";"unterdurch.";"unterdurch."
"76540";"Senior";"1";"2";33,79999999999999;98,00000000000001;"2";131;8,679999999999998;"männlich";"nein";"nein";"überdurch..";"unterdurch.";"überdurch.";"unterdurch."
"76541";"Adult";"1";"1";27,399999999999995;92,00000000000001;"2";69;7,019999999999999;"männlich";"ja";"nein";"unterdurch.";"unterdurch.";"unterdurch.";"unterdurch."
"76543";"Adult";"1";"2";28,099999999999998;108,00000000000001;"2";80;14,41;"männlich";"nein";"nein";"überdurch..";"überdurch.";"unterdurch.";"überdurch."
"76549";"Senior";"1";"2";26,6;95,00000000000001;"2";102,00000000000001;5,1499999999999995;"männlich";"nein";"nein";"unterdurch.";"unterdurch.";"unterdurch.";"unterdurch."
"76550";"Senior";"1";"2";25;110;"2";153;5,1899999999999995;"männlich";"nein";"nein";"unterdurch.";"überdurch.";"überdurch.";"unterdurch."
"76551";"Adult";"2";"2";24,6;102,00000000000001;"2";131;12,42;"weiblich";"nein";"nein";"unterdurch.";"überdurch.";"überdurch.";"überdurch."
"76553";"Adult";"1";"2";21,299999999999997;81,00000000000001;"2";86;13,879999999999999;"männlich";"nein";"nein";"unterdurch.";"unterdurch.";"unterdurch.";"überdurch."
"76557";"Adult";"1";"2";27,8;100,00000000000001;"2";98;13,039999999999997;"männlich";"nein";"nein";"unterdurch.";"überdurch.";"unterdurch.";"überdurch."
"76558";"Adult";"2";"2";23,2;94;"2";159;11,71;"weiblich";"nein";"nein";"unterdurch.";"unterdurch.";"überdurch.";"unterdurch."
"76568";"Adult";"2";"2";50,8;109,00000000000001;"2";118;18,119999999999997;"weiblich";"nein";"nein";"überdurch..";"überdurch.";"überdurch.";"überdurch."
"76571";"Adult";"1";"2";24,3;109,00000000000001;"3";135;8,999999999999998;"männlich";"nein";"Prädiabetes";"unterdurch.";"überdurch.";"überdurch.";"unterdurch."
"76576";"Senior";"2";"2";27,999999999999996;125;"2";184;21,9;"weiblich";"nein";"nein";"überdurch..";"überdurch.";"überdurch.";"überdurch."
"76581";"Adult";"2";"2";22,9;103,00000000000001;"2";98;13,82;"weiblich";"nein";"nein";"unterdurch.";"überdurch.";"unterdurch.";"überdurch."
"76588";"Adult";"2";"2";17,8;95,00000000000001;"2";122;18,07;"weiblich";"nein";"nein";"unterdurch.";"unterdurch.";"überdurch.";"überdurch."
"76589";"Adult";"1";"2";21,2;92,00000000000001;"2";135;4,169999999999999;"männlich";"nein";"nein";"unterdurch.";"unterdurch.";"überdurch.";"unterdurch."
"76597";"Adult";"2";"2";29,3;81,00000000000001;"2";88;5,91;"weiblich";"nein";"nein";"überdurch..";"unterdurch.";"unterdurch.";"unterdurch."
"76601";"Adult";"1";"1";24,8;103,00000000000001;"2";52;3,919999999999999;"männlich";"ja";"nein";"unterdurch.";"überdurch.";"unterdurch.";"unterdurch."
"76605";"Adult";"1";"2";21,1;87,00000000000001;"2";94;7,859999999999999;"männlich";"nein";"nein";"unterdurch.";"unterdurch.";"unterdurch.";"unterdurch."
"76609";"Adult";"2";"2";19,5;82,00000000000001;"2";95,00000000000001;7,459999999999999;"weiblich";"nein";"nein";"unterdurch.";"unterdurch.";"unterdurch.";"unterdurch."
"76611";"Adult";"1";"2";21,4;102,00000000000001;"2";134;7,6499999999999995;"männlich";"nein";"nein";"unterdurch.";"überdurch.";"überdurch.";"unterdurch."
"76617";"Adult";"1";"1";25,6;87,00000000000001;"2";82;13,899999999999999;"männlich";"ja";"nein";"unterdurch.";"unterdurch.";"unterdurch.";"überdurch."
"76619";"Adult";"2";"2";21,299999999999997;99,00000000000001;"2";94;5,129999999999999;"weiblich";"nein";"nein";"unterdurch.";"unterdurch.";"unterdurch.";"unterdurch."
"76626";"Adult";"2";"2";27,399999999999995;119,00000000000001;"2";159;9,029999999999998;"weiblich";"nein";"nein";"unterdurch.";"überdurch.";"überdurch.";"unterdurch."
"76627";"Senior";"2";"2";31,3;106,00000000000001;"2";107;9,81;"weiblich";"nein";"nein";"überdurch..";"überdurch.";"unterdurch.";"unterdurch."
"76631";"Senior";"2";"2";37,2;101,00000000000001;"2";142;5,799999999999999;"weiblich";"nein";"nein";"überdurch..";"überdurch.";"überdurch.";"unterdurch."
"76633";"Adult";"1";"2";24,4;95,00000000000001;"2";117;12,73;"männlich";"nein";"nein";"unterdurch.";"unterdurch.";"überdurch.";"überdurch."
"76641";"Adult";"2";"2";45,3;103,00000000000001;"2";159;47,11999999999999;"weiblich";"nein";"nein";"überdurch..";"überdurch.";"überdurch.";"überdurch."
"76642";"Adult";"2";"2";25,1;98,00000000000001;"2";110;4,219999999999999;"weiblich";"nein";"nein";"unterdurch.";"unterdurch.";"unterdurch.";"unterdurch."
"76643";"Adult";"2";"2";35,3;104,00000000000001;"2";108,99999999999999;14,469999999999999;"weiblich";"nein";"nein";"überdurch..";"überdurch.";"unterdurch.";"überdurch."
"76649";"Adult";"1";"2";23,2;84;"2";156;2,459999999999999;"männlich";"nein";"nein";"unterdurch.";"unterdurch.";"überdurch.";"unterdurch."
"76662";"Adult";"1";"2";23;94;"2";131;6,199999999999999;"männlich";"nein";"nein";"unterdurch.";"unterdurch.";"überdurch.";"unterdurch."
"76666";"Senior";"2";"2";26;103,00000000000001;"2";188;5,169999999999999;"weiblich";"nein";"nein";"unterdurch.";"überdurch.";"überdurch.";"unterdurch."
"76668";"Adult";"2";"2";21,1;91,00000000000001;"2";170;4,809999999999999;"weiblich";"nein";"nein";"unterdurch.";"unterdurch.";"überdurch.";"unterdurch."
"76669";"Adult";"1";"2";22,8;128;"2";108;8,379999999999999;"männlich";"nein";"nein";"unterdurch.";"überdurch.";"unterdurch.";"unterdurch."
"76671";"Adult";"2";"2";25,3;78;"2";87;6,3999999999999995;"weiblich";"nein";"nein";"unterdurch.";"unterdurch.";"unterdurch.";"unterdurch."
"76691";"Adult";"1";"1";26,1;98,00000000000001;"2";108;11,909999999999998;"männlich";"ja";"nein";"unterdurch.";"unterdurch.";"unterdurch.";"überdurch."
"76692";"Adult";"2";"2";43,8;101,00000000000001;"2";89;37,44;"weiblich";"nein";"nein";"überdurch..";"überdurch.";"unterdurch.";"überdurch."
"76699";"Adult";"2";"2";20,3;99,00000000000001;"2";107;14,74;"weiblich";"nein";"nein";"unterdurch.";"unterdurch.";"unterdurch.";"überdurch."
"76703";"Adult";"1";"1";27,8;97,00000000000001;"2";89;7,26;"männlich";"ja";"nein";"unterdurch.";"unterdurch.";"unterdurch.";"unterdurch."
"76705";"Adult";"2";"2";23,699999999999996;89;"2";108,99999999999999;2,219999999999999;"weiblich";"nein";"nein";"unterdurch.";"unterdurch.";"unterdurch.";"unterdurch."
"76720";"Adult";"2";"2";24,5;97,00000000000001;"2";72;15,21;"weiblich";"nein";"nein";"unterdurch.";"unterdurch.";"unterdurch.";"überdurch."
"76725";"Adult";"1";"2";24,2;92,00000000000001;"2";121;9,64;"männlich";"nein";"nein";"unterdurch.";"unterdurch.";"überdurch.";"unterdurch."
"76733";"Senior";"1";"2";38,4;95,00000000000001;"2";104;12,689999999999998;"männlich";"nein";"nein";"überdurch..";"unterdurch.";"unterdurch.";"überdurch."
"76734";"Senior";"2";"2";35,3;123,00000000000001;"2";250;32,52;"weiblich";"nein";"nein";"überdurch..";"überdurch.";"überdurch.";"überdurch."
"76735";"Adult";"2";"2";17,3;91,00000000000001;"2";110;6,839999999999999;"weiblich";"nein";"nein";"unterdurch.";"unterdurch.";"unterdurch.";"unterdurch."
"76738";"Adult";"2";"2";23,4;97,00000000000001;"2";104;6,029999999999999;"weiblich";"nein";"nein";"unterdurch.";"unterdurch.";"unterdurch.";"unterdurch."
"76746";"Adult";"1";"2";27,999999999999996;120;"2";204;26,85;"männlich";"nein";"nein";"überdurch..";"überdurch.";"überdurch.";"überdurch."
"76751";"Adult";"2";"2";32,9;106,00000000000001;"2";178;10,359999999999998;"weiblich";"nein";"nein";"überdurch..";"überdurch.";"überdurch.";"unterdurch."
"76753";"Adult";"1";"2";21,7;106,00000000000001;"2";98;4,6499999999999995;"männlich";"nein";"nein";"unterdurch.";"überdurch.";"unterdurch.";"unterdurch."
"76754";"Senior";"1";"2";28,999999999999996;92,00000000000001;"2";97;7,919999999999999;"männlich";"nein";"nein";"überdurch..";"unterdurch.";"unterdurch.";"unterdurch."
"76756";"Adult";"1";"2";27,8;128;"2";185;10,88;"männlich";"nein";"nein";"unterdurch.";"überdurch.";"überdurch.";"unterdurch."
"76760";"Adult";"2";"2";45,099999999999994;89;"2";146;34,38;"weiblich";"nein";"nein";"überdurch..";"unterdurch.";"überdurch.";"überdurch."
"76764";"Adult";"2";"2";25,8;96,00000000000001;"2";118;8,71;"weiblich";"nein";"nein";"unterdurch.";"unterdurch.";"überdurch.";"unterdurch."
"76767";"Adult";"2";"2";30,700000000000003;83;"2";78;12,279999999999998;"weiblich";"nein";"nein";"überdurch..";"unterdurch.";"unterdurch.";"überdurch."
"76769";"Adult";"2";"2";16,9;95,00000000000001;"2";107;7,339999999999999;"weiblich";"nein";"nein";"unterdurch.";"unterdurch.";"unterdurch.";"unterdurch."
"76779";"Senior";"2";"2";30,700000000000003;112,00000000000001;"2";195;8,679999999999998;"weiblich";"nein";"nein";"überdurch..";"überdurch.";"überdurch.";"unterdurch."
"76791";"Adult";"2";"2";39,4;87,00000000000001;"2";88;50,379999999999995;"weiblich";"nein";"nein";"überdurch..";"unterdurch.";"unterdurch.";"überdurch."
"76799";"Adult";"1";"1";26,5;96,00000000000001;"2";84;6,939999999999999;"männlich";"ja";"nein";"unterdurch.";"unterdurch.";"unterdurch.";"unterdurch."
"76800";"Adult";"1";"2";24,1;93,00000000000001;"2";81;10,55;"männlich";"nein";"nein";"unterdurch.";"unterdurch.";"unterdurch.";"unterdurch."
"76802";"Adult";"1";"1";25,8;110;"2";138;3,4399999999999995;"männlich";"ja";"nein";"unterdurch.";"überdurch.";"überdurch.";"unterdurch."
"76817";"Adult";"1";"1";19,6;96,00000000000001;"2";112;9,319999999999999;"männlich";"ja";"nein";"unterdurch.";"unterdurch.";"unterdurch.";"unterdurch."
"76818";"Senior";"1";"2";24,7;101,00000000000001;"3";176;3,74;"männlich";"nein";"Prädiabetes";"unterdurch.";"überdurch.";"überdurch.";"unterdurch."
"76819";"Adult";"2";"2";17,2;92,00000000000001;"2";137;3,6500000000000004;"weiblich";"nein";"nein";"unterdurch.";"unterdurch.";"überdurch.";"unterdurch."
"76821";"Adult";"1";"2";26;106,00000000000001;"2";62;6,4399999999999995;"männlich";"nein";"nein";"unterdurch.";"überdurch.";"unterdurch.";"unterdurch."
"76824";"Adult";"2";"1";30,2;121,00000000000003;"3";67;7,71;"weiblich";"ja";"Prädiabetes";"überdurch..";"überdurch.";"unterdurch.";"unterdurch."
"76826";"Adult";"1";"2";21;92,00000000000001;"2";62;2,1899999999999995;"männlich";"nein";"nein";"unterdurch.";"unterdurch.";"unterdurch.";"unterdurch."
"76828";"Adult";"2";"2";26,9;88,00000000000001;"1";166;8,439999999999998;"weiblich";"nein";"ja";"unterdurch.";"unterdurch.";"überdurch.";"unterdurch."
"76837";"Adult";"1";"2";22,7;101,00000000000001;"2";66;5,409999999999999;"männlich";"nein";"nein";"unterdurch.";"überdurch.";"unterdurch.";"unterdurch."
"76840";"Adult";"2";"2";31,3;97,00000000000001;"2";184;7,599999999999999;"weiblich";"nein";"nein";"überdurch..";"unterdurch.";"überdurch.";"unterdurch."
"76842";"Adult";"1";"2";26;102,00000000000001;"2";93;3,87;"männlich";"nein";"nein";"unterdurch.";"überdurch.";"unterdurch.";"unterdurch."
"76847";"Adult";"2";"2";17,4;97,00000000000001;"2";98,99999999999999;3,66;"weiblich";"nein";"nein";"unterdurch.";"unterdurch.";"unterdurch.";"unterdurch."
"76851";"Senior";"2";"2";42;107,00000000000001;"2";139;11,789999999999997;"weiblich";"nein";"nein";"überdurch..";"überdurch.";"überdurch.";"unterdurch."
"76854";"Adult";"1";"2";33,5;97,00000000000001;"2";105;13,609999999999998;"männlich";"nein";"nein";"überdurch..";"unterdurch.";"unterdurch.";"überdurch."
"76856";"Adult";"1";"1";27,6;104,00000000000001;"2";48;15,599999999999998;"männlich";"ja";"nein";"unterdurch.";"überdurch.";"unterdurch.";"überdurch."
"76857";"Adult";"1";"2";17,2;94;"2";98,99999999999999;6,449999999999999;"männlich";"nein";"nein";"unterdurch.";"unterdurch.";"unterdurch.";"unterdurch."
"76859";"Adult";"1";"1";28,9;102,00000000000001;"2";151;9,249999999999998;"männlich";"ja";"nein";"überdurch..";"überdurch.";"überdurch.";"unterdurch."
"76864";"Senior";"2";"2";26,5;92,00000000000001;"2";149;17,49;"weiblich";"nein";"nein";"unterdurch.";"unterdurch.";"überdurch.";"überdurch."
"76865";"Adult";"1";"1";26,3;96,00000000000001;"2";105,99999999999999;9,66;"männlich";"ja";"nein";"unterdurch.";"unterdurch.";"unterdurch.";"unterdurch."
"76878";"Adult";"1";"2";37,2;111,00000000000001;"2";115,99999999999999;34,11;"männlich";"nein";"nein";"überdurch..";"überdurch.";"überdurch.";"überdurch."
"76882";"Adult";"2";"2";36,1;94;"2";118;7,309999999999999;"weiblich";"nein";"nein";"überdurch..";"unterdurch.";"überdurch.";"unterdurch."
"76885";"Adult";"1";"2";31,3;93,00000000000001;"2";170;7,339999999999999;"männlich";"nein";"nein";"überdurch..";"unterdurch.";"überdurch.";"unterdurch."
"76891";"Adult";"2";"2";36,1;81,00000000000001;"2";146;8,07;"weiblich";"nein";"nein";"überdurch..";"unterdurch.";"überdurch.";"unterdurch."
"76892";"Adult";"1";"2";25,9;116,00000000000001;"2";146;10,33;"männlich";"nein";"nein";"unterdurch.";"überdurch.";"überdurch.";"unterdurch."
"76895";"Adult";"2";"2";21,7;89;"2";96;15,95;"weiblich";"nein";"nein";"unterdurch.";"unterdurch.";"unterdurch.";"überdurch."
"76899";"Adult";"1";"1";23;90,00000000000001;"2";91;4,859999999999999;"männlich";"ja";"nein";"unterdurch.";"unterdurch.";"unterdurch.";"unterdurch."
"76901";"Adult";"2";"2";37,2;94;"2";122;8,77;"weiblich";"nein";"nein";"überdurch..";"unterdurch.";"überdurch.";"unterdurch."
"76904";"Adult";"2";"2";18,9;97,00000000000001;"2";80;9,49;"weiblich";"nein";"nein";"unterdurch.";"unterdurch.";"unterdurch.";"unterdurch."
"76905";"Adult";"2";"2";31,3;100,00000000000001;"2";108;8,439999999999998;"weiblich";"nein";"nein";"überdurch..";"überdurch.";"unterdurch.";"unterdurch."
"76915";"Adult";"1";"1";31,599999999999998;99,00000000000001;"3";154;29,879999999999995;"männlich";"ja";"Prädiabetes";"überdurch..";"unterdurch.";"überdurch.";"überdurch."
"76916";"Adult";"1";"2";23,3;102,00000000000001;"2";103;23,75;"männlich";"nein";"nein";"unterdurch.";"überdurch.";"unterdurch.";"überdurch."
"76919";"Adult";"1";"2";25,7;97,00000000000001;"2";76;5,499999999999999;"männlich";"nein";"nein";"unterdurch.";"unterdurch.";"unterdurch.";"unterdurch."
"76934";"Adult";"1";"2";25;98,00000000000001;"2";102,00000000000001;9,69;"männlich";"nein";"nein";"unterdurch.";"unterdurch.";"unterdurch.";"unterdurch."
"76941";"Senior";"2";"2";23,9;91,00000000000001;"2";108;4,109999999999999;"weiblich";"nein";"nein";"unterdurch.";"unterdurch.";"unterdurch.";"unterdurch."
"76945";"Adult";"2";"1";30,399999999999995;101,00000000000001;"2";130;7,489999999999999;"weiblich";"ja";"nein";"überdurch..";"überdurch.";"überdurch.";"unterdurch."
"76950";"Adult";"2";"2";26,7;87,00000000000001;"2";104;13,939999999999998;"weiblich";"nein";"nein";"unterdurch.";"unterdurch.";"unterdurch.";"überdurch."
"76951";"Senior";"2";"2";29,3;89;"2";91;6,329999999999999;"weiblich";"nein";"nein";"überdurch..";"unterdurch.";"unterdurch.";"unterdurch."
"76954";"Adult";"1";"2";30;103,00000000000001;"2";164;17,2;"männlich";"nein";"nein";"überdurch..";"überdurch.";"überdurch.";"überdurch."
"76958";"Adult";"2";"2";21,1;99,00000000000001;"2";144;4,749999999999999;"weiblich";"nein";"nein";"unterdurch.";"unterdurch.";"überdurch.";"unterdurch."
"76963";"Adult";"1";"2";24,1;89;"2";164;7,199999999999999;"männlich";"nein";"nein";"unterdurch.";"unterdurch.";"überdurch.";"unterdurch."
"76964";"Adult";"1";"2";21,5;102,00000000000001;"2";91;18,43;"männlich";"nein";"nein";"unterdurch.";"überdurch.";"unterdurch.";"überdurch."
"76965";"Adult";"1";"2";30,100000000000005;97,00000000000001;"2";87;8,4;"männlich";"nein";"nein";"überdurch..";"unterdurch.";"unterdurch.";"unterdurch."
"76968";"Adult";"1";"2";39,2;109,00000000000001;"2";108,99999999999999;36,949999999999996;"männlich";"nein";"nein";"überdurch..";"überdurch.";"unterdurch.";"überdurch."
"76969";"Adult";"1";"1";22,7;107,00000000000001;"2";82;5,279999999999999;"männlich";"ja";"nein";"unterdurch.";"überdurch.";"unterdurch.";"unterdurch."
"76977";"Senior";"1";"2";19,300000000000004;96,00000000000001;"2";80;2,9499999999999993;"männlich";"nein";"nein";"unterdurch.";"unterdurch.";"unterdurch.";"unterdurch."
"76978";"Adult";"2";"2";36,1;101,00000000000001;"2";98,99999999999999;30,309999999999995;"weiblich";"nein";"nein";"überdurch..";"überdurch.";"unterdurch.";"überdurch."
"76998";"Adult";"2";"2";20,3;103,00000000000001;"2";91;8,25;"weiblich";"nein";"nein";"unterdurch.";"überdurch.";"unterdurch.";"unterdurch."
"77002";"Adult";"1";"2";25,8;92,00000000000001;"2";98;16,09;"männlich";"nein";"nein";"unterdurch.";"unterdurch.";"unterdurch.";"überdurch."
"77004";"Senior";"2";"2";17,7;96,00000000000001;"2";78;4,859999999999999;"weiblich";"nein";"nein";"unterdurch.";"unterdurch.";"unterdurch.";"unterdurch."
"77007";"Adult";"2";"2";32,8;87,00000000000001;"2";122,99999999999999;15,059999999999999;"weiblich";"nein";"nein";"überdurch..";"unterdurch.";"überdurch.";"überdurch."
"77008";"Adult";"2";"2";20,3;78;"2";93;7,549999999999999;"weiblich";"nein";"nein";"unterdurch.";"unterdurch.";"unterdurch.";"unterdurch."
"77013";"Adult";"1";"2";20,8;81,00000000000001;"2";88;6,179999999999998;"männlich";"nein";"nein";"unterdurch.";"unterdurch.";"unterdurch.";"unterdurch."
"77014";"Adult";"2";"2";26,1;93,00000000000001;"2";78;7,589999999999999;"weiblich";"nein";"nein";"unterdurch.";"unterdurch.";"unterdurch.";"unterdurch."
"77017";"Adult";"1";"1";32,2;96,00000000000001;"2";135;15,11;"männlich";"ja";"nein";"überdurch..";"unterdurch.";"überdurch.";"überdurch."
"77020";"Adult";"1";"1";31,199999999999996;123,00000000000001;"2";122;14,48;"männlich";"ja";"nein";"überdurch..";"überdurch.";"überdurch.";"überdurch."
"77021";"Adult";"1";"2";29,2;94;"2";122,99999999999999;6,909999999999999;"männlich";"nein";"nein";"überdurch..";"unterdurch.";"überdurch.";"unterdurch."
"77022";"Adult";"1";"2";21,8;94;"2";161;3,789999999999999;"männlich";"nein";"nein";"unterdurch.";"unterdurch.";"überdurch.";"unterdurch."
"77023";"Senior";"2";"2";18,6;93,00000000000001;"2";110;4,769999999999998;"weiblich";"nein";"nein";"unterdurch.";"unterdurch.";"unterdurch.";"unterdurch."
"77029";"Adult";"1";"2";26,199999999999996;107,00000000000001;"2";82;15,19;"männlich";"nein";"nein";"unterdurch.";"überdurch.";"unterdurch.";"überdurch."
"77039";"Adult";"2";"2";20,7;88,00000000000001;"2";78;7,789999999999999;"weiblich";"nein";"nein";"unterdurch.";"unterdurch.";"unterdurch.";"unterdurch."
"77046";"Adult";"1";"2";27,8;112,00000000000001;"2";168;12,21;"männlich";"nein";"nein";"unterdurch.";"überdurch.";"überdurch.";"überdurch."
"77047";"Adult";"1";"2";26,4;92,00000000000001;"2";64;2,799999999999999;"männlich";"nein";"nein";"unterdurch.";"unterdurch.";"unterdurch.";"unterdurch."
"77050";"Adult";"1";"1";35,9;92,00000000000001;"2";137;10,5;"männlich";"ja";"nein";"überdurch..";"unterdurch.";"überdurch.";"unterdurch."
"77051";"Adult";"2";"2";28,2;84;"2";86;6,239999999999999;"weiblich";"nein";"nein";"überdurch..";"unterdurch.";"unterdurch.";"unterdurch."
"77057";"Senior";"2";"2";22,1;100,00000000000001;"2";103;3,7799999999999994;"weiblich";"nein";"nein";"unterdurch.";"überdurch.";"unterdurch.";"unterdurch."
"77063";"Senior";"2";"2";30,700000000000003;96,00000000000001;"2";91;7,869999999999999;"weiblich";"nein";"nein";"überdurch..";"unterdurch.";"unterdurch.";"unterdurch."
"77067";"Senior";"2";"2";21,5;87,00000000000001;"2";98,99999999999999;9,17;"weiblich";"nein";"nein";"unterdurch.";"unterdurch.";"unterdurch.";"unterdurch."
"77080";"Adult";"2";"2";19,5;75,00000000000001;"2";92;4,72;"weiblich";"nein";"nein";"unterdurch.";"unterdurch.";"unterdurch.";"unterdurch."
"77082";"Adult";"2";"2";23,3;89;"2";126;6,04;"weiblich";"nein";"nein";"unterdurch.";"unterdurch.";"überdurch.";"unterdurch."
"77095";"Adult";"1";"2";25,7;126,00000000000003;"1";133;8,27;"männlich";"nein";"ja";"unterdurch.";"überdurch.";"überdurch.";"unterdurch."
"77096";"Senior";"2";"2";29,4;101,00000000000001;"2";130;7,059999999999999;"weiblich";"nein";"nein";"überdurch..";"überdurch.";"überdurch.";"unterdurch."
"77099";"Adult";"1";"2";34,7;94;"2";118;76,99;"männlich";"nein";"nein";"überdurch..";"unterdurch.";"überdurch.";"überdurch."
"77100";"Adult";"1";"2";27,399999999999995;137,00000000000003;"2";182;6,719999999999999;"männlich";"nein";"nein";"unterdurch.";"überdurch.";"überdurch.";"unterdurch."
"77101";"Adult";"2";"2";29,3;93,00000000000001;"2";108,99999999999999;10,28;"weiblich";"nein";"nein";"überdurch..";"unterdurch.";"unterdurch.";"unterdurch."
"77105";"Senior";"1";"2";28,8;108,00000000000001;"2";204;12,189999999999998;"männlich";"nein";"nein";"überdurch..";"überdurch.";"überdurch.";"überdurch."
"77112";"Adult";"2";"2";23,9;88,00000000000001;"2";98,99999999999999;13,849999999999998;"weiblich";"nein";"nein";"unterdurch.";"unterdurch.";"unterdurch.";"überdurch."
"77114";"Senior";"2";"2";28,3;96,00000000000001;"2";188;4,609999999999999;"weiblich";"nein";"nein";"überdurch..";"unterdurch.";"überdurch.";"unterdurch."
"77116";"Adult";"1";"1";19,300000000000004;93,00000000000001;"2";105;5,139999999999999;"männlich";"ja";"nein";"unterdurch.";"unterdurch.";"unterdurch.";"unterdurch."
"77123";"Adult";"2";"1";27,6;95,00000000000001;"2";98;4,469999999999999;"weiblich";"ja";"nein";"unterdurch.";"unterdurch.";"unterdurch.";"unterdurch."
"77127";"Adult";"2";"2";21,9;94;"2";71;5,449999999999999;"weiblich";"nein";"nein";"unterdurch.";"unterdurch.";"unterdurch.";"unterdurch."
"77132";"Adult";"1";"2";23,2;96,00000000000001;"2";98,99999999999999;5,749999999999999;"männlich";"nein";"nein";"unterdurch.";"unterdurch.";"unterdurch.";"unterdurch."
"77144";"Adult";"2";"1";22,2;100,00000000000001;"2";92;9,629999999999999;"weiblich";"ja";"nein";"unterdurch.";"überdurch.";"unterdurch.";"unterdurch."
"77147";"Adult";"1";"2";27,399999999999995;134;"2";294;7,14;"männlich";"nein";"nein";"unterdurch.";"überdurch.";"überdurch.";"unterdurch."
"77151";"Adult";"1";"1";21;102,00000000000001;"2";69;6,199999999999999;"männlich";"ja";"nein";"unterdurch.";"überdurch.";"unterdurch.";"unterdurch."
"77154";"Adult";"2";"2";34,7;107,00000000000001;"2";181;14,939999999999998;"weiblich";"nein";"nein";"überdurch..";"überdurch.";"überdurch.";"überdurch."
"77157";"Adult";"2";"2";22,3;94;"2";124;3,8999999999999986;"weiblich";"nein";"nein";"unterdurch.";"unterdurch.";"überdurch.";"unterdurch."
"77158";"Adult";"1";"1";23,1;99,00000000000001;"2";90;15,78;"männlich";"ja";"nein";"unterdurch.";"unterdurch.";"unterdurch.";"überdurch."
"77178";"Senior";"2";"2";28,099999999999998;166;"2";320;8,479999999999999;"weiblich";"nein";"nein";"überdurch..";"überdurch.";"überdurch.";"unterdurch."
"77189";"Adult";"2";"1";31,199999999999996;84;"2";115,99999999999999;8,369999999999997;"weiblich";"ja";"nein";"überdurch..";"unterdurch.";"überdurch.";"unterdurch."
"77192";"Adult";"1";"2";32,2;106,00000000000001;"2";133;50,769999999999996;"männlich";"nein";"nein";"überdurch..";"überdurch.";"überdurch.";"überdurch."
"77193";"Adult";"2";"2";17,1;94;"2";101;8,3;"weiblich";"nein";"nein";"unterdurch.";"unterdurch.";"unterdurch.";"unterdurch."
"77194";"Adult";"1";"2";29,799999999999997;104,00000000000001;"2";105;8,759999999999998;"männlich";"nein";"nein";"überdurch..";"überdurch.";"unterdurch.";"unterdurch."
"77197";"Adult";"2";"2";34;90,00000000000001;"2";93;7,419999999999999;"weiblich";"nein";"nein";"überdurch..";"unterdurch.";"unterdurch.";"unterdurch."
"77207";"Adult";"1";"2";18,799999999999997;111,00000000000001;"2";155;5,92;"männlich";"nein";"nein";"unterdurch.";"überdurch.";"überdurch.";"unterdurch."
"77210";"Adult";"1";"2";20,7;99,00000000000001;"2";110;10,66;"männlich";"nein";"nein";"unterdurch.";"unterdurch.";"unterdurch.";"unterdurch."
"77211";"Senior";"1";"2";29,4;115;"2";234;8,3;"männlich";"nein";"nein";"überdurch..";"überdurch.";"überdurch.";"unterdurch."
"77214";"Adult";"1";"2";16,1;96,00000000000001;"2";197;8,57;"männlich";"nein";"nein";"unterdurch.";"unterdurch.";"überdurch.";"unterdurch."
"77217";"Adult";"2";"2";21,4;94;"2";68;7,13;"weiblich";"nein";"nein";"unterdurch.";"unterdurch.";"unterdurch.";"unterdurch."
"77220";"Adult";"2";"1";24,4;85,00000000000001;"2";78;6,889999999999999;"weiblich";"ja";"nein";"unterdurch.";"unterdurch.";"unterdurch.";"unterdurch."
"77221";"Adult";"2";"2";31,3;105,00000000000001;"2";138;17,08;"weiblich";"nein";"nein";"überdurch..";"überdurch.";"überdurch.";"überdurch."
"77228";"Adult";"1";"2";30,700000000000003;107,00000000000001;"2";129;19,9;"männlich";"nein";"nein";"überdurch..";"überdurch.";"überdurch.";"überdurch."
"77236";"Adult";"2";"2";29,799999999999997;93,00000000000001;"2";103;10,33;"weiblich";"nein";"nein";"überdurch..";"unterdurch.";"unterdurch.";"unterdurch."
"77239";"Adult";"2";"2";70,1;95,00000000000001;"2";73;14,5;"weiblich";"nein";"nein";"überdurch..";"unterdurch.";"unterdurch.";"überdurch."
"77241";"Adult";"1";"2";25,6;98,00000000000001;"2";86;4,369999999999999;"männlich";"nein";"nein";"unterdurch.";"unterdurch.";"unterdurch.";"unterdurch."
"77245";"Senior";"2";"2";26,7;105,00000000000001;"2";219;8,879999999999999;"weiblich";"nein";"nein";"unterdurch.";"überdurch.";"überdurch.";"unterdurch."
"77246";"Senior";"1";"2";24,8;92,00000000000001;"2";118;3,919999999999999;"männlich";"nein";"nein";"unterdurch.";"unterdurch.";"überdurch.";"unterdurch."
"77248";"Adult";"2";"2";28,6;257;"2";411;13,17;"weiblich";"nein";"nein";"überdurch..";"überdurch.";"überdurch.";"überdurch."
"77249";"Adult";"1";"2";28,099999999999998;90,00000000000001;"2";100;9,729999999999999;"männlich";"nein";"nein";"überdurch..";"unterdurch.";"unterdurch.";"unterdurch."
"77254";"Adult";"1";"2";22,8;93,00000000000001;"2";91;5,709999999999999;"männlich";"nein";"nein";"unterdurch.";"unterdurch.";"unterdurch.";"unterdurch."
"77255";"Adult";"2";"2";62,99999999999999;103,00000000000001;"3";115;14,15;"weiblich";"nein";"Prädiabetes";"überdurch..";"überdurch.";"überdurch.";"überdurch."
"77256";"Adult";"1";"1";28,6;95,00000000000001;"2";108;10,099999999999998;"männlich";"ja";"nein";"überdurch..";"unterdurch.";"unterdurch.";"unterdurch."
"77257";"Adult";"1";"1";30,6;102,00000000000001;"2";82;13,729999999999999;"männlich";"ja";"nein";"überdurch..";"überdurch.";"unterdurch.";"überdurch."
"77262";"Adult";"2";"2";18,799999999999997;91,00000000000001;"2";85;3,3499999999999996;"weiblich";"nein";"nein";"unterdurch.";"unterdurch.";"unterdurch.";"unterdurch."
"77265";"Adult";"2";"2";41,3;103,00000000000001;"2";105;8,879999999999999;"weiblich";"nein";"nein";"überdurch..";"überdurch.";"unterdurch.";"unterdurch."
"77269";"Adult";"1";"1";40,4;92,00000000000001;"2";94;17,29;"männlich";"ja";"nein";"überdurch..";"unterdurch.";"unterdurch.";"überdurch."
"77279";"Adult";"2";"1";26;91,00000000000001;"2";51,00000000000001;3,5999999999999996;"weiblich";"ja";"nein";"unterdurch.";"unterdurch.";"unterdurch.";"unterdurch."
"77285";"Adult";"2";"2";34,5;96,00000000000001;"2";98;7,899999999999999;"weiblich";"nein";"nein";"überdurch..";"unterdurch.";"unterdurch.";"unterdurch."
"77299";"Senior";"2";"2";44;99,00000000000001;"2";89;5,949999999999999;"weiblich";"nein";"nein";"überdurch..";"unterdurch.";"unterdurch.";"unterdurch."
"77300";"Adult";"1";"1";31,9;75,00000000000001;"2";59;15,029999999999998;"männlich";"ja";"nein";"überdurch..";"unterdurch.";"unterdurch.";"überdurch."
"77304";"Adult";"2";"2";31,499999999999996;89;"2";96;6,639999999999999;"weiblich";"nein";"nein";"überdurch..";"unterdurch.";"unterdurch.";"unterdurch."
"77308";"Adult";"2";"2";25,3;115;"2";108,99999999999999;6,699999999999999;"weiblich";"nein";"nein";"unterdurch.";"überdurch.";"unterdurch.";"unterdurch."
"77315";"Adult";"2";"2";25,9;96,00000000000001;"2";68;19,77;"weiblich";"nein";"nein";"unterdurch.";"unterdurch.";"unterdurch.";"überdurch."
"77316";"Adult";"2";"2";20,1;92,00000000000001;"2";81;7,769999999999999;"weiblich";"nein";"nein";"unterdurch.";"unterdurch.";"unterdurch.";"unterdurch."
"77323";"Adult";"2";"2";23,5;140;"2";159;15,95;"weiblich";"nein";"nein";"unterdurch.";"überdurch.";"überdurch.";"überdurch."
"77331";"Adult";"1";"2";26,4;89;"2";66;5,749999999999999;"männlich";"nein";"nein";"unterdurch.";"unterdurch.";"unterdurch.";"unterdurch."
"77332";"Adult";"1";"1";44,8;94;"2";76;13,919999999999998;"männlich";"ja";"nein";"überdurch..";"unterdurch.";"unterdurch.";"überdurch."
"77346";"Adult";"1";"1";39,9;100,00000000000001;"2";101;48,4;"männlich";"ja";"nein";"überdurch..";"überdurch.";"unterdurch.";"überdurch."
"77347";"Senior";"2";"2";30,700000000000003;94;"2";147;4,119999999999998;"weiblich";"nein";"nein";"überdurch..";"unterdurch.";"überdurch.";"unterdurch."
"77360";"Adult";"1";"1";33,6;97,00000000000001;"2";122;17,75;"männlich";"ja";"nein";"überdurch..";"unterdurch.";"überdurch.";"überdurch."
"77362";"Senior";"2";"2";40,6;136,00000000000003;"2";308;30,75;"weiblich";"nein";"nein";"überdurch..";"überdurch.";"überdurch.";"überdurch."
"77365";"Adult";"1";"2";21,8;100,00000000000001;"2";67;4,809999999999999;"männlich";"nein";"nein";"unterdurch.";"überdurch.";"unterdurch.";"unterdurch."
"77379";"Adult";"1";"2";15,399999999999999;89;"2";119;5,79;"männlich";"nein";"nein";"unterdurch.";"unterdurch.";"überdurch.";"unterdurch."
"77380";"Adult";"1";"2";27,6;105,00000000000001;"2";102,00000000000001;9,09;"männlich";"nein";"nein";"unterdurch.";"überdurch.";"unterdurch.";"unterdurch."
"77385";"Adult";"1";"2";26,4;106,00000000000001;"2";42;8,009999999999998;"männlich";"nein";"nein";"unterdurch.";"überdurch.";"unterdurch.";"unterdurch."
"77386";"Adult";"2";"2";23,4;99,00000000000001;"2";98;4,499999999999999;"weiblich";"nein";"nein";"unterdurch.";"unterdurch.";"unterdurch.";"unterdurch."
"77391";"Adult";"1";"1";36,39999999999999;166;"2";88;28,83;"männlich";"ja";"nein";"überdurch..";"überdurch.";"unterdurch.";"überdurch."
"77395";"Adult";"2";"2";23,699999999999996;79;"2";66;7,859999999999999;"weiblich";"nein";"nein";"unterdurch.";"unterdurch.";"unterdurch.";"unterdurch."
"77398";"Adult";"1";"2";25,9;113,00000000000001;"2";139;6,1499999999999995;"männlich";"nein";"nein";"unterdurch.";"überdurch.";"überdurch.";"unterdurch."
"77400";"Senior";"1";"2";28,5;106,00000000000001;"2";169;23,559999999999995;"männlich";"nein";"nein";"überdurch..";"überdurch.";"überdurch.";"überdurch."
"77407";"Adult";"2";"1";24,7;95,00000000000001;"2";73;4;"weiblich";"ja";"nein";"unterdurch.";"unterdurch.";"unterdurch.";"unterdurch."
"77411";"Adult";"2";"2";22;88,00000000000001;"2";111;5,929999999999999;"weiblich";"nein";"nein";"unterdurch.";"unterdurch.";"unterdurch.";"unterdurch."
"77422";"Senior";"1";"2";21,1;133;"3";199;7,19;"männlich";"nein";"Prädiabetes";"unterdurch.";"überdurch.";"überdurch.";"unterdurch."
"77425";"Senior";"1";"2";18,6;94;"2";91;3,769999999999998;"männlich";"nein";"nein";"unterdurch.";"unterdurch.";"unterdurch.";"unterdurch."
"77426";"Adult";"1";"2";28,9;93,00000000000001;"2";84;17,11;"männlich";"nein";"nein";"überdurch..";"unterdurch.";"unterdurch.";"überdurch."
"77433";"Adult";"2";"2";26,199999999999996;90,00000000000001;"2";86;3,879999999999999;"weiblich";"nein";"nein";"unterdurch.";"unterdurch.";"unterdurch.";"unterdurch."
"77436";"Adult";"2";"2";32;101,00000000000001;"2";111;12,919999999999998;"weiblich";"nein";"nein";"überdurch..";"überdurch.";"unterdurch.";"überdurch."
"77438";"Adult";"2";"1";26,1;95,00000000000001;"2";86;10,129999999999999;"weiblich";"ja";"nein";"unterdurch.";"unterdurch.";"unterdurch.";"unterdurch."
"77440";"Adult";"1";"2";27,5;90,00000000000001;"2";97;10,319999999999999;"männlich";"nein";"nein";"unterdurch.";"unterdurch.";"unterdurch.";"unterdurch."
"77442";"Adult";"2";"2";21,9;83;"2";112;21,85;"weiblich";"nein";"nein";"unterdurch.";"unterdurch.";"unterdurch.";"überdurch."
"77448";"Adult";"1";"2";19,300000000000004;78;"2";188;1,0399999999999991;"männlich";"nein";"nein";"unterdurch.";"unterdurch.";"überdurch.";"unterdurch."
"77450";"Adult";"2";"2";27,2;94;"2";126;12,219999999999999;"weiblich";"nein";"nein";"unterdurch.";"unterdurch.";"überdurch.";"überdurch."
"77452";"Adult";"1";"2";29,099999999999998;95,00000000000001;"2";111;16,68;"männlich";"nein";"nein";"überdurch..";"unterdurch.";"unterdurch.";"überdurch."
"77456";"Adult";"2";"2";24,4;91,00000000000001;"2";78;5,8999999999999995;"weiblich";"nein";"nein";"unterdurch.";"unterdurch.";"unterdurch.";"unterdurch."
"77457";"Adult";"1";"2";19,7;104,00000000000001;"2";98,99999999999999;8,96;"männlich";"nein";"nein";"unterdurch.";"überdurch.";"unterdurch.";"unterdurch."
"77458";"Adult";"1";"2";30,499999999999996;102,00000000000001;"2";90;12,8;"männlich";"nein";"nein";"überdurch..";"überdurch.";"unterdurch.";"überdurch."
"77461";"Adult";"2";"2";18,5;79;"2";79;6,56;"weiblich";"nein";"nein";"unterdurch.";"unterdurch.";"unterdurch.";"unterdurch."
"77463";"Adult";"2";"2";36,39999999999999;98,00000000000001;"2";126;17,12;"weiblich";"nein";"nein";"überdurch..";"unterdurch.";"überdurch.";"überdurch."
"77465";"Adult";"2";"2";19,5;80,00000000000001;"2";64;2,4899999999999984;"weiblich";"nein";"nein";"unterdurch.";"unterdurch.";"unterdurch.";"unterdurch."
"77466";"Adult";"2";"2";29,099999999999998;91,00000000000001;"2";80;10,23;"weiblich";"nein";"nein";"überdurch..";"unterdurch.";"unterdurch.";"unterdurch."
"77468";"Adult";"1";"2";29,3;79;"2";75;2,0600000000000005;"männlich";"nein";"nein";"überdurch..";"unterdurch.";"unterdurch.";"unterdurch."
"77474";"Adult";"2";"2";19,5;97,00000000000001;"2";90;8,45;"weiblich";"nein";"nein";"unterdurch.";"unterdurch.";"unterdurch.";"unterdurch."
"77475";"Adult";"1";"1";29,5;95,00000000000001;"2";219;13,609999999999998;"männlich";"ja";"nein";"überdurch..";"unterdurch.";"überdurch.";"überdurch."
"77477";"Adult";"1";"2";30;103,00000000000001;"2";105,99999999999999;14,24;"männlich";"nein";"nein";"überdurch..";"überdurch.";"unterdurch.";"überdurch."
"77483";"Adult";"1";"2";25,6;90,00000000000001;"2";63,00000000000001;10,769999999999998;"männlich";"nein";"nein";"unterdurch.";"unterdurch.";"unterdurch.";"unterdurch."
"77484";"Adult";"1";"2";24,1;92,00000000000001;"2";110;15,78;"männlich";"nein";"nein";"unterdurch.";"unterdurch.";"unterdurch.";"überdurch."
"77487";"Adult";"2";"2";20,6;86,00000000000001;"2";105;8,509999999999998;"weiblich";"nein";"nein";"unterdurch.";"unterdurch.";"unterdurch.";"unterdurch."
"77488";"Senior";"2";"2";22,5;85,00000000000001;"2";119,99999999999999;4,299999999999999;"weiblich";"nein";"nein";"unterdurch.";"unterdurch.";"überdurch.";"unterdurch."
"77494";"Senior";"1";"2";25,4;95,00000000000001;"2";100;4,839999999999999;"männlich";"nein";"nein";"unterdurch.";"unterdurch.";"unterdurch.";"unterdurch."
"77498";"Adult";"2";"2";24,6;89;"2";134;3,639999999999999;"weiblich";"nein";"nein";"unterdurch.";"unterdurch.";"überdurch.";"unterdurch."
"77499";"Adult";"1";"2";31,8;97,00000000000001;"2";100;12,659999999999998;"männlich";"nein";"nein";"überdurch..";"unterdurch.";"unterdurch.";"überdurch."
"77507";"Adult";"1";"2";28,2;97,00000000000001;"2";132;17,949999999999996;"männlich";"nein";"nein";"überdurch..";"unterdurch.";"überdurch.";"überdurch."
"77509";"Adult";"1";"1";31,499999999999996;111,00000000000001;"2";85;11,649999999999999;"männlich";"ja";"nein";"überdurch..";"überdurch.";"unterdurch.";"unterdurch."
"77520";"Senior";"1";"2";25,9;104,00000000000001;"2";91;10,529999999999998;"männlich";"nein";"nein";"unterdurch.";"überdurch.";"unterdurch.";"unterdurch."
"77522";"Senior";"1";"2";21,8;96,00000000000001;"2";171;3,2299999999999986;"männlich";"nein";"nein";"unterdurch.";"unterdurch.";"überdurch.";"unterdurch."
"77527";"Adult";"1";"1";24,4;87,00000000000001;"2";83;2,139999999999999;"männlich";"ja";"nein";"unterdurch.";"unterdurch.";"unterdurch.";"unterdurch."
"77534";"Adult";"2";"1";23;89;"2";91;8,18;"weiblich";"ja";"nein";"unterdurch.";"unterdurch.";"unterdurch.";"unterdurch."
"77536";"Senior";"2";"2";24,7;95,00000000000001;"2";164;8,64;"weiblich";"nein";"nein";"unterdurch.";"unterdurch.";"überdurch.";"unterdurch."
"77538";"Adult";"1";"2";23,799999999999997;90,00000000000001;"2";125;8,08;"männlich";"nein";"nein";"unterdurch.";"unterdurch.";"überdurch.";"unterdurch."
"77540";"Adult";"1";"2";25,9;110;"2";186;23,299999999999997;"männlich";"nein";"nein";"unterdurch.";"überdurch.";"überdurch.";"überdurch."
"77541";"Adult";"1";"2";24,7;89;"2";82;2,7399999999999984;"männlich";"nein";"nein";"unterdurch.";"unterdurch.";"unterdurch.";"unterdurch."
"77550";"Adult";"1";"1";43,4;103,00000000000001;"2";126,99999999999999;102,29;"männlich";"ja";"nein";"überdurch..";"überdurch.";"überdurch.";"überdurch."
"77569";"Adult";"2";"2";32,2;95,00000000000001;"2";95,00000000000001;11,499999999999998;"weiblich";"nein";"nein";"überdurch..";"unterdurch.";"unterdurch.";"unterdurch."
"77577";"Adult";"2";"2";25,6;98,00000000000001;"2";90;8,03;"weiblich";"nein";"nein";"unterdurch.";"unterdurch.";"unterdurch.";"unterdurch."
"77579";"Adult";"1";"1";23,3;96,00000000000001;"2";89;5,1499999999999995;"männlich";"ja";"nein";"unterdurch.";"unterdurch.";"unterdurch.";"unterdurch."
"77580";"Senior";"2";"2";27,6;91,00000000000001;"2";197,99999999999997;3,4399999999999995;"weiblich";"nein";"nein";"unterdurch.";"unterdurch.";"überdurch.";"unterdurch."
"77581";"Adult";"2";"2";40,4;101,00000000000001;"2";112,99999999999999;22,590000000000003;"weiblich";"nein";"nein";"überdurch..";"überdurch.";"unterdurch.";"überdurch."
"77584";"Adult";"2";"1";44,4;83;"2";95,00000000000001;10,75;"weiblich";"ja";"nein";"überdurch..";"unterdurch.";"unterdurch.";"unterdurch."
"77585";"Adult";"1";"2";40,099999999999994;105,00000000000001;"2";176;38,849999999999994;"männlich";"nein";"nein";"überdurch..";"überdurch.";"überdurch.";"überdurch."
"77586";"Senior";"1";"2";24;91,00000000000001;"2";107;8,25;"männlich";"nein";"nein";"unterdurch.";"unterdurch.";"unterdurch.";"unterdurch."
"77589";"Adult";"2";"2";42,3;127,00000000000001;"3";167;60,79;"weiblich";"nein";"Prädiabetes";"überdurch..";"überdurch.";"überdurch.";"überdurch."
"77603";"Adult";"2";"2";28,2;116,00000000000001;"2";267;31,560000000000002;"weiblich";"nein";"nein";"überdurch..";"überdurch.";"überdurch.";"überdurch."
"77609";"Adult";"2";"2";18,299999999999997;97,00000000000001;"2";100;4,999999999999999;"weiblich";"nein";"nein";"unterdurch.";"unterdurch.";"unterdurch.";"unterdurch."
"77612";"Adult";"1";"2";56,7;97,00000000000001;"2";138;27,449999999999996;"männlich";"nein";"nein";"überdurch..";"unterdurch.";"überdurch.";"überdurch."
"77615";"Adult";"2";"2";29,099999999999998;97,00000000000001;"2";90;13,349999999999998;"weiblich";"nein";"nein";"überdurch..";"unterdurch.";"unterdurch.";"überdurch."
"77617";"Adult";"1";"1";27;94;"2";115,99999999999999;6,779999999999999;"männlich";"ja";"nein";"unterdurch.";"unterdurch.";"überdurch.";"unterdurch."
"77618";"Adult";"2";"2";21,2;89;"2";60;3,9899999999999984;"weiblich";"nein";"nein";"unterdurch.";"unterdurch.";"unterdurch.";"unterdurch."
"77620";"Adult";"2";"2";40,2;91,00000000000001;"2";77;6,239999999999999;"weiblich";"nein";"nein";"überdurch..";"unterdurch.";"unterdurch.";"unterdurch."
"77625";"Senior";"2";"2";23,9;111,00000000000001;"2";210;4,029999999999999;"weiblich";"nein";"nein";"unterdurch.";"überdurch.";"überdurch.";"unterdurch."
"77638";"Adult";"2";"2";21,7;89;"2";84;17,68;"weiblich";"nein";"nein";"unterdurch.";"unterdurch.";"unterdurch.";"überdurch."
"77644";"Adult";"1";"1";29,9;98,00000000000001;"2";98,99999999999999;5,859999999999999;"männlich";"ja";"nein";"überdurch..";"unterdurch.";"unterdurch.";"unterdurch."
"77654";"Senior";"2";"2";35,3;101,00000000000001;"2";234;12,899999999999999;"weiblich";"nein";"nein";"überdurch..";"überdurch.";"überdurch.";"überdurch."
"77655";"Adult";"2";"2";28,8;98,00000000000001;"2";146;4,96;"weiblich";"nein";"nein";"überdurch..";"unterdurch.";"überdurch.";"unterdurch."
"77660";"Senior";"1";"2";29,6;102,00000000000001;"2";60;12,139999999999999;"männlich";"nein";"nein";"überdurch..";"überdurch.";"unterdurch.";"überdurch."
"77663";"Adult";"1";"1";28,5;109,00000000000001;"2";58;3,419999999999998;"männlich";"ja";"nein";"überdurch..";"überdurch.";"unterdurch.";"unterdurch."
"77674";"Adult";"2";"2";22,2;102,00000000000001;"2";117;10,099999999999998;"weiblich";"nein";"nein";"unterdurch.";"überdurch.";"überdurch.";"unterdurch."
"77675";"Adult";"1";"2";20,6;96,00000000000001;"2";110;5,79;"männlich";"nein";"nein";"unterdurch.";"unterdurch.";"unterdurch.";"unterdurch."
"77677";"Senior";"2";"2";25,8;92,00000000000001;"2";102,00000000000001;8,379999999999999;"weiblich";"nein";"nein";"unterdurch.";"unterdurch.";"unterdurch.";"unterdurch."
"77679";"Adult";"1";"2";54;93,00000000000001;"2";107;32,53;"männlich";"nein";"nein";"überdurch..";"unterdurch.";"unterdurch.";"überdurch."
"77684";"Senior";"1";"2";21,6;114,00000000000001;"2";174;9,149999999999999;"männlich";"nein";"nein";"unterdurch.";"überdurch.";"überdurch.";"unterdurch."
"77688";"Adult";"1";"2";30,3;94;"2";110;16,68;"männlich";"nein";"nein";"überdurch..";"unterdurch.";"unterdurch.";"überdurch."
"77693";"Adult";"2";"2";35,4;102,00000000000001;"2";108,99999999999999;5,989999999999999;"weiblich";"nein";"nein";"überdurch..";"überdurch.";"unterdurch.";"unterdurch."
"77696";"Adult";"1";"2";26,9;100,00000000000001;"2";103;6,409999999999999;"männlich";"nein";"nein";"unterdurch.";"überdurch.";"unterdurch.";"unterdurch."
"77702";"Senior";"1";"2";21,5;108,00000000000001;"2";150;2,3599999999999994;"männlich";"nein";"nein";"unterdurch.";"überdurch.";"überdurch.";"unterdurch."
"77705";"Adult";"1";"1";23,9;94;"2";93;5,099999999999999;"männlich";"ja";"nein";"unterdurch.";"unterdurch.";"unterdurch.";"unterdurch."
"77707";"Adult";"1";"2";22,1;87,00000000000001;"2";139;5,039999999999999;"männlich";"nein";"nein";"unterdurch.";"unterdurch.";"überdurch.";"unterdurch."
"77714";"Adult";"2";"2";37,2;101,00000000000001;"2";111;23,71;"weiblich";"nein";"nein";"überdurch..";"überdurch.";"unterdurch.";"überdurch."
"77715";"Adult";"2";"2";17,1;85,00000000000001;"2";70;16,42;"weiblich";"nein";"nein";"unterdurch.";"unterdurch.";"unterdurch.";"überdurch."
"77722";"Senior";"1";"2";28,999999999999996;126,00000000000003;"2";170;22,9;"männlich";"nein";"nein";"überdurch..";"überdurch.";"überdurch.";"überdurch."
"77736";"Adult";"1";"2";27,9;105,00000000000001;"2";124;14,88;"männlich";"nein";"nein";"unterdurch.";"überdurch.";"überdurch.";"überdurch."
"77739";"Adult";"2";"2";24,2;87,00000000000001;"2";79;12,019999999999998;"weiblich";"nein";"nein";"unterdurch.";"unterdurch.";"unterdurch.";"überdurch."
"77740";"Adult";"2";"2";22,4;102,00000000000001;"2";104;12,93;"weiblich";"nein";"nein";"unterdurch.";"überdurch.";"unterdurch.";"überdurch."
"77741";"Senior";"2";"2";24,8;97,00000000000001;"2";80;3,9799999999999995;"weiblich";"nein";"nein";"unterdurch.";"unterdurch.";"unterdurch.";"unterdurch."
"77746";"Adult";"1";"1";23,6;100,00000000000001;"2";78;4,639999999999998;"männlich";"ja";"nein";"unterdurch.";"überdurch.";"unterdurch.";"unterdurch."
"77748";"Senior";"1";"2";23,9;91,00000000000001;"2";101;4,759999999999999;"männlich";"nein";"nein";"unterdurch.";"unterdurch.";"unterdurch.";"unterdurch."
"77758";"Senior";"2";"2";39,3;122,00000000000001;"3";173;23,17;"weiblich";"nein";"Prädiabetes";"überdurch..";"überdurch.";"überdurch.";"überdurch."
"77760";"Adult";"1";"2";34,4;109,00000000000001;"2";133;26,44;"männlich";"nein";"nein";"überdurch..";"überdurch.";"überdurch.";"überdurch."
"77763";"Adult";"2";"2";34,4;127,00000000000001;"2";204;14,88;"weiblich";"nein";"nein";"überdurch..";"überdurch.";"überdurch.";"überdurch."
"77769";"Adult";"2";"2";21,6;100,00000000000001;"2";140;3,379999999999999;"weiblich";"nein";"nein";"unterdurch.";"überdurch.";"überdurch.";"unterdurch."
"77780";"Adult";"1";"2";24,4;94;"2";88;15,5;"männlich";"nein";"nein";"unterdurch.";"unterdurch.";"unterdurch.";"überdurch."
"77788";"Adult";"2";"2";39,5;99,00000000000001;"2";96;25,96;"weiblich";"nein";"nein";"überdurch..";"unterdurch.";"unterdurch.";"überdurch."
"77789";"Senior";"1";"2";29,2;113,00000000000001;"2";91;13,06;"männlich";"nein";"nein";"überdurch..";"überdurch.";"unterdurch.";"überdurch."
"77796";"Adult";"2";"2";27,399999999999995;88,00000000000001;"2";73;16,439999999999998;"weiblich";"nein";"nein";"unterdurch.";"unterdurch.";"unterdurch.";"überdurch."
"77801";"Adult";"1";"1";24,6;88,00000000000001;"2";94;3,67;"männlich";"ja";"nein";"unterdurch.";"unterdurch.";"unterdurch.";"unterdurch."
"77808";"Adult";"1";"1";41,3;106,00000000000001;"1";228;36,31;"männlich";"ja";"ja";"überdurch..";"überdurch.";"überdurch.";"überdurch."
"77811";"Adult";"1";"2";24,6;108,00000000000001;"2";117;10,299999999999999;"männlich";"nein";"nein";"unterdurch.";"überdurch.";"überdurch.";"unterdurch."
"77821";"Adult";"1";"2";22,3;78;"2";84;7,529999999999999;"männlich";"nein";"nein";"unterdurch.";"unterdurch.";"unterdurch.";"unterdurch."
"77835";"Adult";"2";"2";41,5;91,00000000000001;"2";149;15,52;"weiblich";"nein";"nein";"überdurch..";"unterdurch.";"überdurch.";"überdurch."
"77837";"Adult";"2";"2";25,6;81,00000000000001;"2";71;5,959999999999999;"weiblich";"nein";"nein";"unterdurch.";"unterdurch.";"unterdurch.";"unterdurch."
"77840";"Adult";"1";"1";23,1;103,00000000000001;"2";62;1,7199999999999989;"männlich";"ja";"nein";"unterdurch.";"überdurch.";"unterdurch.";"unterdurch."
"77841";"Adult";"1";"2";28,4;104,00000000000001;"2";133;7,899999999999999;"männlich";"nein";"nein";"überdurch..";"überdurch.";"überdurch.";"unterdurch."
"77843";"Adult";"1";"2";37,3;275;"2";426,99999999999994;20,65;"männlich";"nein";"nein";"überdurch..";"überdurch.";"überdurch.";"überdurch."
"77851";"Adult";"1";"2";29,799999999999997;100,00000000000001;"2";69;11,11;"männlich";"nein";"nein";"überdurch..";"überdurch.";"unterdurch.";"unterdurch."
"77864";"Adult";"1";"2";31,399999999999995;93,00000000000001;"2";93;7,429999999999999;"männlich";"nein";"nein";"überdurch..";"unterdurch.";"unterdurch.";"unterdurch."
"77871";"Adult";"1";"2";17,3;96,00000000000001;"2";100;6,379999999999999;"männlich";"nein";"nein";"unterdurch.";"unterdurch.";"unterdurch.";"unterdurch."
"77886";"Adult";"2";"2";22,3;97,00000000000001;"2";111;16,339999999999996;"weiblich";"nein";"nein";"unterdurch.";"unterdurch.";"unterdurch.";"überdurch."
"77888";"Senior";"1";"2";20,8;93,00000000000001;"2";184;4,1499999999999995;"männlich";"nein";"nein";"unterdurch.";"unterdurch.";"überdurch.";"unterdurch."
"77889";"Adult";"1";"1";20,6;97,00000000000001;"2";100;3,789999999999999;"männlich";"ja";"nein";"unterdurch.";"unterdurch.";"unterdurch.";"unterdurch."
"77895";"Adult";"2";"2";22,1;86,00000000000001;"2";55;5,319999999999999;"weiblich";"nein";"nein";"unterdurch.";"unterdurch.";"unterdurch.";"unterdurch."
"77896";"Adult";"2";"2";18,6;99,00000000000001;"2";71;2,08;"weiblich";"nein";"nein";"unterdurch.";"unterdurch.";"unterdurch.";"unterdurch."
"77900";"Adult";"1";"2";28,7;121,00000000000003;"2";146;3,8299999999999983;"männlich";"nein";"nein";"überdurch..";"überdurch.";"überdurch.";"unterdurch."
"77910";"Adult";"1";"2";29,9;99,00000000000001;"2";139;11,959999999999999;"männlich";"nein";"nein";"überdurch..";"unterdurch.";"überdurch.";"überdurch."
"77919";"Adult";"2";"2";31;99,00000000000001;"2";93;27,35;"weiblich";"nein";"nein";"überdurch..";"unterdurch.";"unterdurch.";"überdurch."
"77924";"Adult";"1";"2";20,1;100,00000000000001;"2";111;7,859999999999999;"männlich";"nein";"nein";"unterdurch.";"überdurch.";"unterdurch.";"unterdurch."
"77927";"Adult";"2";"2";23;96,00000000000001;"2";129;6,799999999999999;"weiblich";"nein";"nein";"unterdurch.";"unterdurch.";"überdurch.";"unterdurch."
"77931";"Adult";"1";"1";30,799999999999997;85,00000000000001;"2";74;9,349999999999998;"männlich";"ja";"nein";"überdurch..";"unterdurch.";"unterdurch.";"unterdurch."
"77933";"Adult";"2";"2";23,5;79;"2";72;5,509999999999999;"weiblich";"nein";"nein";"unterdurch.";"unterdurch.";"unterdurch.";"unterdurch."
"77936";"Adult";"2";"2";35,6;98,00000000000001;"2";134;15,54;"weiblich";"nein";"nein";"überdurch..";"unterdurch.";"überdurch.";"überdurch."
"77937";"Senior";"2";"2";35,9;107,00000000000001;"2";111;17,94;"weiblich";"nein";"nein";"überdurch..";"überdurch.";"unterdurch.";"überdurch."
"77940";"Adult";"1";"2";21,299999999999997;101,00000000000001;"2";70;7,379999999999999;"männlich";"nein";"nein";"unterdurch.";"überdurch.";"unterdurch.";"unterdurch."
"77943";"Adult";"1";"1";30,3;93,00000000000001;"2";114;9,519999999999998;"männlich";"ja";"nein";"überdurch..";"unterdurch.";"unterdurch.";"unterdurch."
"77947";"Adult";"1";"2";27,5;108,00000000000001;"2";94;16,14;"männlich";"nein";"nein";"unterdurch.";"überdurch.";"unterdurch.";"überdurch."
"77949";"Adult";"2";"2";21,6;81,00000000000001;"2";97;2,1099999999999977;"weiblich";"nein";"nein";"unterdurch.";"unterdurch.";"unterdurch.";"unterdurch."
"77950";"Senior";"1";"2";26,799999999999997;98,00000000000001;"2";82;11,23;"männlich";"nein";"nein";"unterdurch.";"unterdurch.";"unterdurch.";"unterdurch."
"77953";"Adult";"2";"2";22,1;95,00000000000001;"2";115,99999999999999;6,949999999999999;"weiblich";"nein";"nein";"unterdurch.";"unterdurch.";"überdurch.";"unterdurch."
"77954";"Adult";"2";"2";18,5;83;"2";163;2,4399999999999995;"weiblich";"nein";"nein";"unterdurch.";"unterdurch.";"überdurch.";"unterdurch."
"77963";"Adult";"1";"1";33,2;110;"2";114;18,57;"männlich";"ja";"nein";"überdurch..";"überdurch.";"unterdurch.";"überdurch."
"77972";"Adult";"1";"2";26,6;98,00000000000001;"2";131;27,04;"männlich";"nein";"nein";"unterdurch.";"unterdurch.";"überdurch.";"überdurch."
"77977";"Adult";"2";"2";25;93,00000000000001;"2";119,99999999999999;7,309999999999999;"weiblich";"nein";"nein";"unterdurch.";"unterdurch.";"überdurch.";"unterdurch."
"77982";"Adult";"2";"2";30,799999999999997;84;"3";88;13,609999999999998;"weiblich";"nein";"Prädiabetes";"überdurch..";"unterdurch.";"unterdurch.";"überdurch."
"77991";"Adult";"2";"2";22,1;103,00000000000001;"2";119;7,069999999999999;"weiblich";"nein";"nein";"unterdurch.";"überdurch.";"überdurch.";"unterdurch."
"77993";"Adult";"1";"2";50,3;94;"2";111;29,009999999999998;"männlich";"nein";"nein";"überdurch..";"unterdurch.";"unterdurch.";"überdurch."
"77994";"Adult";"1";"2";50,6;135;"2";214;24,37;"männlich";"nein";"nein";"überdurch..";"überdurch.";"überdurch.";"überdurch."
"77995";"Adult";"1";"2";40,2;104,00000000000001;"2";147;29,259999999999998;"männlich";"nein";"nein";"überdurch..";"überdurch.";"überdurch.";"überdurch."
"78000";"Adult";"2";"2";23,1;105,00000000000001;"2";121;6,669999999999999;"weiblich";"nein";"nein";"unterdurch.";"überdurch.";"überdurch.";"unterdurch."
"78001";"Adult";"2";"2";21,299999999999997;97,00000000000001;"2";92;7,01;"weiblich";"nein";"nein";"unterdurch.";"unterdurch.";"unterdurch.";"unterdurch."
"78002";"Adult";"2";"2";19;94;"2";66;5,1499999999999995;"weiblich";"nein";"nein";"unterdurch.";"unterdurch.";"unterdurch.";"unterdurch."
"78005";"Adult";"2";"2";28,2;90,00000000000001;"2";98,99999999999999;19,21;"weiblich";"nein";"nein";"überdurch..";"unterdurch.";"unterdurch.";"überdurch."
"78008";"Adult";"2";"2";32,9;94;"2";85;7,539999999999999;"weiblich";"nein";"nein";"überdurch..";"unterdurch.";"unterdurch.";"unterdurch."
"78015";"Adult";"1";"1";30,399999999999995;100,00000000000001;"2";117;13,62;"männlich";"ja";"nein";"überdurch..";"überdurch.";"überdurch.";"überdurch."
"78018";"Adult";"2";"2";27,3;88,00000000000001;"2";117;7,899999999999999;"weiblich";"nein";"nein";"unterdurch.";"unterdurch.";"überdurch.";"unterdurch."
"78033";"Adult";"2";"2";41,9;99,00000000000001;"2";110;21,94;"weiblich";"nein";"nein";"überdurch..";"unterdurch.";"unterdurch.";"überdurch."
"78034";"Adult";"1";"2";31,199999999999996;103,00000000000001;"2";105,99999999999999;12,639999999999999;"männlich";"nein";"nein";"überdurch..";"überdurch.";"unterdurch.";"überdurch."
"78044";"Adult";"2";"2";20,1;89;"2";54,00000000000001;9,7;"weiblich";"nein";"nein";"unterdurch.";"unterdurch.";"unterdurch.";"unterdurch."
"78045";"Adult";"2";"2";33,3;93,00000000000001;"2";64;37,37;"weiblich";"nein";"nein";"überdurch..";"unterdurch.";"unterdurch.";"überdurch."
"78052";"Adult";"2";"2";23,699999999999996;100,00000000000001;"2";85;4,429999999999999;"weiblich";"nein";"nein";"unterdurch.";"überdurch.";"unterdurch.";"unterdurch."
"78061";"Adult";"1";"2";27,6;96,00000000000001;"2";94;5,91;"männlich";"nein";"nein";"unterdurch.";"unterdurch.";"unterdurch.";"unterdurch."
"78065";"Adult";"2";"2";21,299999999999997;93,00000000000001;"2";112,99999999999999;10,149999999999999;"weiblich";"nein";"nein";"unterdurch.";"unterdurch.";"unterdurch.";"unterdurch."
"78068";"Adult";"1";"2";21,299999999999997;111,00000000000001;"2";55;5,109999999999999;"männlich";"nein";"nein";"unterdurch.";"überdurch.";"unterdurch.";"unterdurch."
"78073";"Adult";"1";"2";19,8;100,00000000000001;"2";93;6,56;"männlich";"nein";"nein";"unterdurch.";"überdurch.";"unterdurch.";"unterdurch."
"78075";"Senior";"1";"2";24,7;112,00000000000001;"2";173;2,8599999999999994;"männlich";"nein";"nein";"unterdurch.";"überdurch.";"überdurch.";"unterdurch."
"78080";"Adult";"1";"2";28,3;108,00000000000001;"2";122,99999999999999;11,619999999999997;"männlich";"nein";"nein";"überdurch..";"überdurch.";"überdurch.";"unterdurch."
"78081";"Adult";"2";"2";27,399999999999995;91,00000000000001;"2";108,99999999999999;13,899999999999999;"weiblich";"nein";"nein";"unterdurch.";"unterdurch.";"unterdurch.";"überdurch."
"78082";"Adult";"1";"2";22,3;93,00000000000001;"2";71;4,9799999999999995;"männlich";"nein";"nein";"unterdurch.";"unterdurch.";"unterdurch.";"unterdurch."
"78083";"Adult";"1";"2";20,7;93,00000000000001;"2";45;1,959999999999999;"männlich";"nein";"nein";"unterdurch.";"unterdurch.";"unterdurch.";"unterdurch."
"78084";"Adult";"2";"2";43,2;97,00000000000001;"2";157;19,06;"weiblich";"nein";"nein";"überdurch..";"unterdurch.";"überdurch.";"überdurch."
"78103";"Adult";"1";"2";24,2;136,00000000000003;"2";119;2,639999999999999;"männlich";"nein";"nein";"unterdurch.";"überdurch.";"überdurch.";"unterdurch."
"78105";"Adult";"2";"2";23,1;94;"2";124;13,67;"weiblich";"nein";"nein";"unterdurch.";"unterdurch.";"überdurch.";"überdurch."
"78107";"Adult";"2";"2";35,9;100,00000000000001;"2";114;8,229999999999999;"weiblich";"nein";"nein";"überdurch..";"überdurch.";"unterdurch.";"unterdurch."
"78108";"Adult";"1";"2";23,9;107,00000000000001;"2";85;7,749999999999999;"männlich";"nein";"nein";"unterdurch.";"überdurch.";"unterdurch.";"unterdurch."
"78109";"Adult";"1";"2";31,399999999999995;101,00000000000001;"2";95,00000000000001;27,18;"männlich";"nein";"nein";"überdurch..";"überdurch.";"unterdurch.";"überdurch."
"78113";"Adult";"2";"2";17,3;98,00000000000001;"2";92;10,35;"weiblich";"nein";"nein";"unterdurch.";"unterdurch.";"unterdurch.";"unterdurch."
"78124";"Adult";"1";"2";35,3;150,00000000000003;"2";274;34,89;"männlich";"nein";"nein";"überdurch..";"überdurch.";"überdurch.";"überdurch."
"78128";"Adult";"2";"2";30,399999999999995;83;"2";146;16,1;"weiblich";"nein";"nein";"überdurch..";"unterdurch.";"überdurch.";"überdurch."
"78130";"Adult";"2";"2";31,7;96,00000000000001;"2";107;6,209999999999999;"weiblich";"nein";"nein";"überdurch..";"unterdurch.";"unterdurch.";"unterdurch."
"78131";"Senior";"1";"1";28,4;133;"2";266;6,409999999999999;"männlich";"ja";"nein";"überdurch..";"überdurch.";"überdurch.";"unterdurch."
"78132";"Adult";"2";"2";34,4;99,00000000000001;"2";98,99999999999999;23,759999999999998;"weiblich";"nein";"nein";"überdurch..";"unterdurch.";"unterdurch.";"überdurch."
"78142";"Adult";"2";"2";26,4;95,00000000000001;"2";80;11,689999999999998;"weiblich";"nein";"nein";"unterdurch.";"unterdurch.";"unterdurch.";"unterdurch."
"78146";"Adult";"1";"2";48,2;98,00000000000001;"2";119;24,86;"männlich";"nein";"nein";"überdurch..";"unterdurch.";"überdurch.";"überdurch."
"78149";"Adult";"2";"2";31,199999999999996;96,00000000000001;"2";71;13,439999999999998;"weiblich";"nein";"nein";"überdurch..";"unterdurch.";"unterdurch.";"überdurch."
"78153";"Adult";"2";"1";20,9;96,00000000000001;"2";75;10,9;"weiblich";"ja";"nein";"unterdurch.";"unterdurch.";"unterdurch.";"unterdurch."
"78164";"Adult";"2";"2";18,5;89;"2";160;2,539999999999999;"weiblich";"nein";"nein";"unterdurch.";"unterdurch.";"überdurch.";"unterdurch."
"78174";"Senior";"1";"2";27,1;120;"2";194;16,9;"männlich";"nein";"nein";"unterdurch.";"überdurch.";"überdurch.";"überdurch."
"78180";"Senior";"2";"2";23,1;97,00000000000001;"2";145;6,669999999999999;"weiblich";"nein";"nein";"unterdurch.";"unterdurch.";"überdurch.";"unterdurch."
"78183";"Adult";"1";"2";34,8;110;"2";140;11,47;"männlich";"nein";"nein";"überdurch..";"überdurch.";"überdurch.";"unterdurch."
"78185";"Adult";"2";"1";49,3;94;"2";58;5,039999999999999;"weiblich";"ja";"nein";"überdurch..";"unterdurch.";"unterdurch.";"unterdurch."
"78197";"Adult";"2";"2";19,300000000000004;87,00000000000001;"2";53;3,6999999999999993;"weiblich";"nein";"nein";"unterdurch.";"unterdurch.";"unterdurch.";"unterdurch."
"78198";"Adult";"2";"2";33,89999999999999;103,00000000000001;"2";108;10,73;"weiblich";"nein";"nein";"überdurch..";"überdurch.";"unterdurch.";"unterdurch."
"78199";"Adult";"2";"2";32,5;104,00000000000001;"2";79;9,649999999999999;"weiblich";"nein";"nein";"überdurch..";"überdurch.";"unterdurch.";"unterdurch."
"78203";"Adult";"2";"2";47,1;86,00000000000001;"2";95,00000000000001;38,18;"weiblich";"nein";"nein";"überdurch..";"unterdurch.";"unterdurch.";"überdurch."
"78207";"Adult";"2";"2";22,4;96,00000000000001;"2";110;12,1;"weiblich";"nein";"nein";"unterdurch.";"unterdurch.";"unterdurch.";"überdurch."
"78211";"Adult";"1";"2";33;108,00000000000001;"2";142;7,509999999999999;"männlich";"nein";"nein";"überdurch..";"überdurch.";"überdurch.";"unterdurch."
"78212";"Adult";"2";"2";33;99,00000000000001;"2";85;29,72;"weiblich";"nein";"nein";"überdurch..";"unterdurch.";"unterdurch.";"überdurch."
"78214";"Adult";"1";"2";18,199999999999996;98,00000000000001;"2";105;9,099999999999998;"männlich";"nein";"nein";"unterdurch.";"unterdurch.";"unterdurch.";"unterdurch."
"78220";"Adult";"1";"2";21,5;85,00000000000001;"2";60;3,5;"männlich";"nein";"nein";"unterdurch.";"unterdurch.";"unterdurch.";"unterdurch."
"78225";"Adult";"2";"2";26,7;84;"2";76;2,58;"weiblich";"nein";"nein";"unterdurch.";"unterdurch.";"unterdurch.";"unterdurch."
"78234";"Adult";"1";"2";24;79;"2";83;8,239999999999998;"männlich";"nein";"nein";"unterdurch.";"unterdurch.";"unterdurch.";"unterdurch."
"78237";"Adult";"1";"2";33,4;116,00000000000001;"2";108;11,569999999999999;"männlich";"nein";"nein";"überdurch..";"überdurch.";"unterdurch.";"unterdurch."
"78253";"Adult";"2";"2";39,8;82,00000000000001;"2";94;16,28;"weiblich";"nein";"nein";"überdurch..";"unterdurch.";"unterdurch.";"überdurch."
"78255";"Adult";"1";"2";26,3;96,00000000000001;"2";83;8,98;"männlich";"nein";"nein";"unterdurch.";"unterdurch.";"unterdurch.";"unterdurch."
"78274";"Senior";"2";"2";31,599999999999998;115;"2";280;11,07;"weiblich";"nein";"nein";"überdurch..";"überdurch.";"überdurch.";"unterdurch."
"78287";"Adult";"2";"2";28,7;99,00000000000001;"2";125;11,759999999999998;"weiblich";"nein";"nein";"überdurch..";"unterdurch.";"überdurch.";"unterdurch."
"78288";"Senior";"2";"2";33,79999999999999;94;"2";135;11,449999999999998;"weiblich";"nein";"nein";"überdurch..";"unterdurch.";"überdurch.";"unterdurch."
"78305";"Adult";"2";"2";32,5;92,00000000000001;"2";83;12,309999999999999;"weiblich";"nein";"nein";"überdurch..";"unterdurch.";"unterdurch.";"überdurch."
"78309";"Adult";"2";"2";31,3;91,00000000000001;"2";90;7,019999999999999;"weiblich";"nein";"nein";"überdurch..";"unterdurch.";"unterdurch.";"unterdurch."
"78313";"Adult";"2";"2";19,5;110;"2";112;4,239999999999999;"weiblich";"nein";"nein";"unterdurch.";"überdurch.";"unterdurch.";"unterdurch."
"78323";"Adult";"1";"2";26,7;110;"2";107;6,769999999999999;"männlich";"nein";"nein";"unterdurch.";"überdurch.";"unterdurch.";"unterdurch."
"78327";"Adult";"1";"2";25;91,00000000000001;"2";133;2,469999999999999;"männlich";"nein";"nein";"unterdurch.";"unterdurch.";"überdurch.";"unterdurch."
"78334";"Adult";"2";"1";39,8;93,00000000000001;"2";72;23,4;"weiblich";"ja";"nein";"überdurch..";"unterdurch.";"unterdurch.";"überdurch."
"78336";"Adult";"2";"2";21,4;95,00000000000001;"2";76;4,139999999999999;"weiblich";"nein";"nein";"unterdurch.";"unterdurch.";"unterdurch.";"unterdurch."
"78337";"Senior";"2";"2";22,9;82,00000000000001;"2";163;4,919999999999999;"weiblich";"nein";"nein";"unterdurch.";"unterdurch.";"überdurch.";"unterdurch."
"78338";"Adult";"2";"1";28,6;95,00000000000001;"2";122,99999999999999;9,12;"weiblich";"ja";"nein";"überdurch..";"unterdurch.";"überdurch.";"unterdurch."
"78349";"Adult";"1";"2";31,599999999999998;100,00000000000001;"2";81;7,84;"männlich";"nein";"nein";"überdurch..";"überdurch.";"unterdurch.";"unterdurch."
"78373";"Adult";"1";"2";34,5;90,00000000000001;"2";89;47,029999999999994;"männlich";"nein";"nein";"überdurch..";"unterdurch.";"unterdurch.";"überdurch."
"78377";"Adult";"2";"2";30,100000000000005;107,00000000000001;"2";70;10,55;"weiblich";"nein";"nein";"überdurch..";"überdurch.";"unterdurch.";"unterdurch."
"78379";"Adult";"2";"2";48,3;96,00000000000001;"2";108;7,949999999999999;"weiblich";"nein";"nein";"überdurch..";"unterdurch.";"unterdurch.";"unterdurch."
"78380";"Adult";"1";"2";22,2;93,00000000000001;"2";94;17,76;"männlich";"nein";"nein";"unterdurch.";"unterdurch.";"unterdurch.";"überdurch."
"78382";"Adult";"1";"2";30,2;100,00000000000001;"2";103;8,46;"männlich";"nein";"nein";"überdurch..";"überdurch.";"unterdurch.";"unterdurch."
"78388";"Adult";"2";"2";33,1;95,00000000000001;"2";62;10,149999999999999;"weiblich";"nein";"nein";"überdurch..";"unterdurch.";"unterdurch.";"unterdurch."
"78395";"Adult";"2";"2";35,5;99,00000000000001;"2";196;18,98;"weiblich";"nein";"nein";"überdurch..";"unterdurch.";"überdurch.";"überdurch."
"78398";"Adult";"1";"2";23,699999999999996;97,00000000000001;"2";66;4,83;"männlich";"nein";"nein";"unterdurch.";"unterdurch.";"unterdurch.";"unterdurch."
"78403";"Senior";"2";"2";31;97,00000000000001;"2";184;4,639999999999998;"weiblich";"nein";"nein";"überdurch..";"unterdurch.";"überdurch.";"unterdurch."
"78404";"Adult";"1";"2";34,5;98,00000000000001;"2";84;13,419999999999998;"männlich";"nein";"nein";"überdurch..";"unterdurch.";"unterdurch.";"überdurch."
"78410";"Adult";"2";"2";36;114,00000000000001;"2";185;25,96;"weiblich";"nein";"nein";"überdurch..";"überdurch.";"überdurch.";"überdurch."
"78412";"Adult";"1";"2";16,1;95,00000000000001;"2";105,99999999999999;8,9;"männlich";"nein";"nein";"unterdurch.";"unterdurch.";"unterdurch.";"unterdurch."
"78424";"Adult";"1";"2";27,7;100,00000000000001;"2";83;13,36;"männlich";"nein";"nein";"unterdurch.";"überdurch.";"unterdurch.";"überdurch."
"78428";"Senior";"2";"2";29,799999999999997;104,00000000000001;"2";66;10,52;"weiblich";"nein";"nein";"überdurch..";"überdurch.";"unterdurch.";"unterdurch."
"78430";"Adult";"2";"2";34;210,00000000000003;"2";458,99999999999994;19,39;"weiblich";"nein";"nein";"überdurch..";"überdurch.";"überdurch.";"überdurch."
"78432";"Adult";"2";"2";35,8;101,00000000000001;"2";104;38,2;"weiblich";"nein";"nein";"überdurch..";"überdurch.";"unterdurch.";"überdurch."
"78433";"Senior";"1";"2";30,799999999999997;89;"2";78;9,279999999999998;"männlich";"nein";"nein";"überdurch..";"unterdurch.";"unterdurch.";"unterdurch."
"78434";"Adult";"1";"2";33,1;111,00000000000001;"2";91;35,91;"männlich";"nein";"nein";"überdurch..";"überdurch.";"unterdurch.";"überdurch."
"78435";"Senior";"1";"2";31,199999999999996;99,00000000000001;"2";130;24,97;"männlich";"nein";"nein";"überdurch..";"unterdurch.";"überdurch.";"überdurch."
"78440";"Adult";"1";"2";28,999999999999996;128;"2";119,99999999999999;8,91;"männlich";"nein";"nein";"überdurch..";"überdurch.";"überdurch.";"unterdurch."
"78441";"Adult";"1";"2";28,2;99,00000000000001;"2";85;6,17;"männlich";"nein";"nein";"überdurch..";"unterdurch.";"unterdurch.";"unterdurch."
"78442";"Adult";"2";"2";29,5;104,00000000000001;"2";164;6,8999999999999995;"weiblich";"nein";"nein";"überdurch..";"überdurch.";"überdurch.";"unterdurch."
"78443";"Adult";"2";"2";34,3;130;"2";265;28,33;"weiblich";"nein";"nein";"überdurch..";"überdurch.";"überdurch.";"überdurch."
"78445";"Adult";"1";"2";25,6;105,00000000000001;"2";133;13,36;"männlich";"nein";"nein";"unterdurch.";"überdurch.";"überdurch.";"überdurch."
"78447";"Adult";"2";"2";19,1;87,00000000000001;"2";79;5,249999999999999;"weiblich";"nein";"nein";"unterdurch.";"unterdurch.";"unterdurch.";"unterdurch."
"78460";"Adult";"1";"2";25,5;105,00000000000001;"2";78;7,409999999999999;"männlich";"nein";"nein";"unterdurch.";"überdurch.";"unterdurch.";"unterdurch."
"78462";"Adult";"1";"2";31;94;"2";97;7,289999999999999;"männlich";"nein";"nein";"überdurch..";"unterdurch.";"unterdurch.";"unterdurch."
"78474";"Adult";"1";"1";28,099999999999998;128;"3";197;9,249999999999998;"männlich";"ja";"Prädiabetes";"überdurch..";"überdurch.";"überdurch.";"unterdurch."
"78475";"Senior";"2";"2";28,8;93,00000000000001;"2";145;11,789999999999997;"weiblich";"nein";"nein";"überdurch..";"unterdurch.";"überdurch.";"unterdurch."
"78478";"Adult";"1";"2";30,6;97,00000000000001;"2";153;34,46999999999999;"männlich";"nein";"nein";"überdurch..";"unterdurch.";"überdurch.";"überdurch."
"78480";"Adult";"2";"2";23,2;92,00000000000001;"2";108;13,659999999999998;"weiblich";"nein";"nein";"unterdurch.";"unterdurch.";"unterdurch.";"überdurch."
"78486";"Adult";"2";"1";18,1;107,00000000000001;"2";124;3,259999999999998;"weiblich";"ja";"nein";"unterdurch.";"überdurch.";"überdurch.";"unterdurch."
"78500";"Adult";"1";"2";30,700000000000003;98,00000000000001;"2";112,99999999999999;13,799999999999999;"männlich";"nein";"nein";"überdurch..";"unterdurch.";"unterdurch.";"überdurch."
"78511";"Adult";"1";"2";28,4;92,00000000000001;"2";94;15,719999999999999;"männlich";"nein";"nein";"überdurch..";"unterdurch.";"unterdurch.";"überdurch."
"78512";"Adult";"1";"2";22;88,00000000000001;"2";47;14,749999999999998;"männlich";"nein";"nein";"unterdurch.";"unterdurch.";"unterdurch.";"überdurch."
"78514";"Adult";"1";"2";23,3;90,00000000000001;"2";65;4,709999999999999;"männlich";"nein";"nein";"unterdurch.";"unterdurch.";"unterdurch.";"unterdurch."
"78518";"Adult";"1";"2";35,5;100,00000000000001;"2";119,99999999999999;10,079999999999998;"männlich";"nein";"nein";"überdurch..";"überdurch.";"überdurch.";"unterdurch."
"78522";"Adult";"2";"2";29,4;117,00000000000001;"2";233;14,55;"weiblich";"nein";"nein";"überdurch..";"überdurch.";"überdurch.";"überdurch."
"78523";"Adult";"2";"2";20,8;101,00000000000001;"3";112,99999999999999;3,509999999999998;"weiblich";"nein";"Prädiabetes";"unterdurch.";"überdurch.";"unterdurch.";"unterdurch."
"78526";"Adult";"1";"2";32,4;96,00000000000001;"2";124;17,12;"männlich";"nein";"nein";"überdurch..";"unterdurch.";"überdurch.";"überdurch."
"78529";"Adult";"2";"2";21,4;86,00000000000001;"2";51,00000000000001;6,1499999999999995;"weiblich";"nein";"nein";"unterdurch.";"unterdurch.";"unterdurch.";"unterdurch."
"78534";"Senior";"2";"2";29,099999999999998;119,00000000000001;"2";216;12,21;"weiblich";"nein";"nein";"überdurch..";"überdurch.";"überdurch.";"überdurch."
"78551";"Adult";"2";"1";23,1;91,00000000000001;"2";71;2,549999999999999;"weiblich";"ja";"nein";"unterdurch.";"unterdurch.";"unterdurch.";"unterdurch."
"78557";"Senior";"2";"1";39,2;136,00000000000003;"2";152;13,919999999999998;"weiblich";"ja";"nein";"überdurch..";"überdurch.";"überdurch.";"überdurch."
"78560";"Adult";"1";"2";20,4;94;"2";56,00000000000001;11,289999999999997;"männlich";"nein";"nein";"unterdurch.";"unterdurch.";"unterdurch.";"unterdurch."
"78562";"Adult";"1";"1";35,3;111,00000000000001;"2";78;11,58;"männlich";"ja";"nein";"überdurch..";"überdurch.";"unterdurch.";"unterdurch."
"78572";"Adult";"1";"2";28,3;133;"2";197,99999999999997;17,84;"männlich";"nein";"nein";"überdurch..";"überdurch.";"überdurch.";"überdurch."
"78575";"Adult";"1";"2";28,5;98,00000000000001;"2";94;3,8899999999999997;"männlich";"nein";"nein";"überdurch..";"unterdurch.";"unterdurch.";"unterdurch."
"78588";"Adult";"1";"2";26,5;127,00000000000001;"2";187;13,72;"männlich";"nein";"nein";"unterdurch.";"überdurch.";"überdurch.";"überdurch."
"78591";"Senior";"2";"2";36;93,00000000000001;"2";125;12,89;"weiblich";"nein";"nein";"überdurch..";"unterdurch.";"überdurch.";"überdurch."
"78599";"Adult";"1";"2";35,7;102,00000000000001;"2";117;18,39;"männlich";"nein";"nein";"überdurch..";"überdurch.";"überdurch.";"überdurch."
"78615";"Adult";"2";"2";21,5;96,00000000000001;"2";130;3,5999999999999996;"weiblich";"nein";"nein";"unterdurch.";"unterdurch.";"überdurch.";"unterdurch."
"78616";"Adult";"2";"2";33,7;97,00000000000001;"2";84;11,77;"weiblich";"nein";"nein";"überdurch..";"unterdurch.";"unterdurch.";"unterdurch."
"78620";"Adult";"1";"1";28,4;106,00000000000001;"2";170;10,839999999999998;"männlich";"ja";"nein";"überdurch..";"überdurch.";"überdurch.";"unterdurch."
"78621";"Adult";"1";"2";26,4;94;"2";78;5,859999999999999;"männlich";"nein";"nein";"unterdurch.";"unterdurch.";"unterdurch.";"unterdurch."
"78626";"Adult";"1";"2";27,1;108,00000000000001;"2";124;7,599999999999999;"männlich";"nein";"nein";"unterdurch.";"überdurch.";"überdurch.";"unterdurch."
"78627";"Senior";"1";"2";32,4;99,00000000000001;"2";54,00000000000001;5,889999999999999;"männlich";"nein";"nein";"überdurch..";"unterdurch.";"unterdurch.";"unterdurch."
"78629";"Adult";"2";"2";19,8;101,00000000000001;"2";108,99999999999999;8,27;"weiblich";"nein";"nein";"unterdurch.";"überdurch.";"unterdurch.";"unterdurch."
"78634";"Adult";"2";"2";48,4;108,00000000000001;"2";183;29,800000000000004;"weiblich";"nein";"nein";"überdurch..";"überdurch.";"überdurch.";"überdurch."
"78640";"Senior";"1";"2";26,199999999999996;140;"2";102,00000000000001;6,779999999999999;"männlich";"nein";"nein";"unterdurch.";"überdurch.";"unterdurch.";"unterdurch."
"78645";"Adult";"1";"1";30,799999999999997;90,00000000000001;"2";112;13,259999999999998;"männlich";"ja";"nein";"überdurch..";"unterdurch.";"unterdurch.";"überdurch."
"78649";"Adult";"1";"2";30,399999999999995;223,00000000000003;"1";256;9,579999999999998;"männlich";"nein";"ja";"überdurch..";"überdurch.";"überdurch.";"unterdurch."
"78650";"Adult";"1";"2";21,2;106,00000000000001;"2";112,99999999999999;9,3;"männlich";"nein";"nein";"unterdurch.";"überdurch.";"unterdurch.";"unterdurch."
"78651";"Adult";"2";"1";23,3;96,00000000000001;"2";95,00000000000001;8,4;"weiblich";"ja";"nein";"unterdurch.";"unterdurch.";"unterdurch.";"unterdurch."
"78655";"Adult";"1";"1";29,2;86,00000000000001;"2";59;3,9099999999999993;"männlich";"ja";"nein";"überdurch..";"unterdurch.";"unterdurch.";"unterdurch."
"78660";"Adult";"1";"1";57,89999999999999;104,00000000000001;"2";130;19,03;"männlich";"ja";"nein";"überdurch..";"überdurch.";"überdurch.";"überdurch."
"78667";"Adult";"1";"2";46,8;195;"2";294;61,42999999999999;"männlich";"nein";"nein";"überdurch..";"überdurch.";"überdurch.";"überdurch."
"78688";"Adult";"1";"2";36,2;91,00000000000001;"2";76;5,239999999999999;"männlich";"nein";"nein";"überdurch..";"unterdurch.";"unterdurch.";"unterdurch."
"78693";"Adult";"1";"2";17,6;80,00000000000001;"2";148;3,089999999999998;"männlich";"nein";"nein";"unterdurch.";"unterdurch.";"überdurch.";"unterdurch."
"78695";"Adult";"1";"2";28,4;92,00000000000001;"2";67;9,68;"männlich";"nein";"nein";"überdurch..";"unterdurch.";"unterdurch.";"unterdurch."
"78700";"Senior";"1";"2";22;101,00000000000001;"2";94;8,53;"männlich";"nein";"nein";"unterdurch.";"überdurch.";"unterdurch.";"unterdurch."
"78701";"Adult";"2";"2";17,1;98,00000000000001;"2";98;13,309999999999999;"weiblich";"nein";"nein";"unterdurch.";"unterdurch.";"unterdurch.";"überdurch."
"78702";"Senior";"1";"2";26,6;123,00000000000001;"2";192;13,22;"männlich";"nein";"nein";"unterdurch.";"überdurch.";"überdurch.";"überdurch."
"78703";"Adult";"1";"1";23,5;107,00000000000001;"2";131;10,129999999999999;"männlich";"ja";"nein";"unterdurch.";"überdurch.";"überdurch.";"unterdurch."
"78707";"Adult";"1";"2";19,6;88,00000000000001;"2";87;7,119999999999999;"männlich";"nein";"nein";"unterdurch.";"unterdurch.";"unterdurch.";"unterdurch."
"78715";"Adult";"2";"2";21,9;94;"2";97;11,4;"weiblich";"nein";"nein";"unterdurch.";"unterdurch.";"unterdurch.";"unterdurch."
"78716";"Adult";"2";"2";22,8;120;"2";242;17,92;"weiblich";"nein";"nein";"unterdurch.";"überdurch.";"überdurch.";"überdurch."
"78718";"Adult";"2";"2";26,3;95,00000000000001;"2";119,99999999999999;6,669999999999999;"weiblich";"nein";"nein";"unterdurch.";"unterdurch.";"überdurch.";"unterdurch."
"78719";"Adult";"2";"2";23,699999999999996;82,00000000000001;"2";84;8,809999999999999;"weiblich";"nein";"nein";"unterdurch.";"unterdurch.";"unterdurch.";"unterdurch."
"78720";"Adult";"2";"2";37,1;82,00000000000001;"2";82;8,009999999999998;"weiblich";"nein";"nein";"überdurch..";"unterdurch.";"unterdurch.";"unterdurch."
"78723";"Senior";"2";"2";26,5;100,00000000000001;"2";100;4,689999999999999;"weiblich";"nein";"nein";"unterdurch.";"überdurch.";"unterdurch.";"unterdurch."
"78724";"Adult";"1";"1";25,1;96,00000000000001;"2";63,00000000000001;4,02;"männlich";"ja";"nein";"unterdurch.";"unterdurch.";"unterdurch.";"unterdurch."
"78735";"Adult";"1";"2";30,2;105,00000000000001;"2";104;6,759999999999999;"männlich";"nein";"nein";"überdurch..";"überdurch.";"unterdurch.";"unterdurch."
"78742";"Adult";"1";"1";25,5;98,00000000000001;"2";89;6,139999999999999;"männlich";"ja";"nein";"unterdurch.";"unterdurch.";"unterdurch.";"unterdurch."
"78748";"Senior";"1";"2";27,2;120;"3";241;5,359999999999999;"männlich";"nein";"Prädiabetes";"unterdurch.";"überdurch.";"überdurch.";"unterdurch."
"78750";"Adult";"2";"2";22,3;83;"2";74;15,169999999999998;"weiblich";"nein";"nein";"unterdurch.";"unterdurch.";"unterdurch.";"überdurch."
"78754";"Senior";"2";"2";20,4;89;"2";112,99999999999999;2,7399999999999984;"weiblich";"nein";"nein";"unterdurch.";"unterdurch.";"unterdurch.";"unterdurch."
"78762";"Adult";"1";"1";33,4;117,00000000000001;"2";137;24,200000000000003;"männlich";"ja";"nein";"überdurch..";"überdurch.";"überdurch.";"überdurch."
"78764";"Adult";"2";"1";36;114,00000000000001;"2";176;16,5;"weiblich";"ja";"nein";"überdurch..";"überdurch.";"überdurch.";"überdurch."
"78766";"Adult";"1";"2";26,799999999999997;105,00000000000001;"2";202;4,249999999999998;"männlich";"nein";"nein";"unterdurch.";"überdurch.";"überdurch.";"unterdurch."
"78769";"Adult";"1";"1";22,4;92,00000000000001;"2";67;2,369999999999999;"männlich";"ja";"nein";"unterdurch.";"unterdurch.";"unterdurch.";"unterdurch."
"78781";"Adult";"1";"1";29,4;90,00000000000001;"2";94;6,1499999999999995;"männlich";"ja";"nein";"überdurch..";"unterdurch.";"unterdurch.";"unterdurch."
"78787";"Adult";"1";"2";22,3;94;"2";110;10,959999999999999;"männlich";"nein";"nein";"unterdurch.";"unterdurch.";"unterdurch.";"unterdurch."
"78789";"Senior";"1";"1";27,9;126,00000000000003;"3";222;28,83;"männlich";"ja";"Prädiabetes";"unterdurch.";"überdurch.";"überdurch.";"überdurch."
"78791";"Adult";"1";"2";35,6;93,00000000000001;"2";102,00000000000001;6,339999999999999;"männlich";"nein";"nein";"überdurch..";"unterdurch.";"unterdurch.";"unterdurch."
"78806";"Adult";"2";"2";30,799999999999997;114,00000000000001;"2";132;26,309999999999995;"weiblich";"nein";"nein";"überdurch..";"überdurch.";"überdurch.";"überdurch."
"78811";"Adult";"1";"2";23,4;96,00000000000001;"2";122;8,489999999999998;"männlich";"nein";"nein";"unterdurch.";"unterdurch.";"überdurch.";"unterdurch."
"78814";"Adult";"2";"2";26,5;82,00000000000001;"2";84;11,119999999999997;"weiblich";"nein";"nein";"unterdurch.";"unterdurch.";"unterdurch.";"unterdurch."
"78815";"Adult";"1";"2";21,4;86,00000000000001;"2";81;7,639999999999999;"männlich";"nein";"nein";"unterdurch.";"unterdurch.";"unterdurch.";"unterdurch."
"78820";"Senior";"1";"2";29,3;96,00000000000001;"2";125;7,329999999999999;"männlich";"nein";"nein";"überdurch..";"unterdurch.";"überdurch.";"unterdurch."
"78822";"Senior";"1";"2";26,199999999999996;94;"2";118;16,979999999999997;"männlich";"nein";"nein";"unterdurch.";"unterdurch.";"überdurch.";"überdurch."
"78832";"Adult";"1";"2";27,399999999999995;94;"2";84;10,88;"männlich";"nein";"nein";"unterdurch.";"unterdurch.";"unterdurch.";"unterdurch."
"78836";"Adult";"1";"1";26,6;102,00000000000001;"2";102,00000000000001;7,84;"männlich";"ja";"nein";"unterdurch.";"überdurch.";"unterdurch.";"unterdurch."
"78840";"Adult";"2";"2";20,4;95,00000000000001;"2";77;4,269999999999999;"weiblich";"nein";"nein";"unterdurch.";"unterdurch.";"unterdurch.";"unterdurch."
"78844";"Senior";"2";"2";31,599999999999998;103,00000000000001;"2";149;12,449999999999998;"weiblich";"nein";"nein";"überdurch..";"überdurch.";"überdurch.";"überdurch."
"78845";"Adult";"2";"2";29,2;91,00000000000001;"2";144;9,769999999999998;"weiblich";"nein";"nein";"überdurch..";"unterdurch.";"überdurch.";"unterdurch."
"78852";"Adult";"1";"2";31;104,00000000000001;"2";119;15,76;"männlich";"nein";"nein";"überdurch..";"überdurch.";"überdurch.";"überdurch."
"78863";"Adult";"1";"1";22;94;"2";74;16,15;"männlich";"ja";"nein";"unterdurch.";"unterdurch.";"unterdurch.";"überdurch."
"78872";"Adult";"2";"2";32,5;96,00000000000001;"2";85;7,859999999999999;"weiblich";"nein";"nein";"überdurch..";"unterdurch.";"unterdurch.";"unterdurch."
"78875";"Adult";"2";"2";25,4;92,00000000000001;"2";90;3,7799999999999994;"weiblich";"nein";"nein";"unterdurch.";"unterdurch.";"unterdurch.";"unterdurch."
"78876";"Senior";"2";"2";19,5;94;"2";70;9,97;"weiblich";"nein";"nein";"unterdurch.";"unterdurch.";"unterdurch.";"unterdurch."
"78880";"Adult";"1";"1";29,099999999999998;108,00000000000001;"2";97;6,909999999999999;"männlich";"ja";"nein";"überdurch..";"überdurch.";"unterdurch.";"unterdurch."
"78898";"Adult";"2";"2";21,5;86,00000000000001;"2";86;3,3599999999999994;"weiblich";"nein";"nein";"unterdurch.";"unterdurch.";"unterdurch.";"unterdurch."
"78899";"Senior";"1";"2";24;147;"2";228;6,6499999999999995;"männlich";"nein";"nein";"unterdurch.";"überdurch.";"überdurch.";"unterdurch."
"78906";"Adult";"1";"2";34;110;"2";88;27,79;"männlich";"nein";"nein";"überdurch..";"überdurch.";"unterdurch.";"überdurch."
"78907";"Adult";"1";"2";42,1;102,00000000000001;"2";100;11,73;"männlich";"nein";"nein";"überdurch..";"überdurch.";"unterdurch.";"unterdurch."
"78910";"Adult";"1";"1";27,9;111,00000000000001;"2";100;27,979999999999997;"männlich";"ja";"nein";"unterdurch.";"überdurch.";"unterdurch.";"überdurch."
"78916";"Adult";"2";"2";34,7;103,00000000000001;"2";135;10,579999999999998;"weiblich";"nein";"nein";"überdurch..";"überdurch.";"überdurch.";"unterdurch."
"78919";"Adult";"2";"2";24,2;89;"2";129;8,689999999999998;"weiblich";"nein";"nein";"unterdurch.";"unterdurch.";"überdurch.";"unterdurch."
"78925";"Adult";"2";"2";21,4;75,00000000000001;"2";112;7,84;"weiblich";"nein";"nein";"unterdurch.";"unterdurch.";"unterdurch.";"unterdurch."
"78929";"Senior";"2";"2";27,6;113,00000000000001;"2";146;13,399999999999999;"weiblich";"nein";"nein";"unterdurch.";"überdurch.";"überdurch.";"überdurch."
"78931";"Adult";"1";"2";33,89999999999999;108,00000000000001;"2";89;10,14;"männlich";"nein";"nein";"überdurch..";"überdurch.";"unterdurch.";"unterdurch."
"78932";"Adult";"1";"2";17,5;94;"2";115;4,089999999999999;"männlich";"nein";"nein";"unterdurch.";"unterdurch.";"überdurch.";"unterdurch."
"78934";"Adult";"1";"2";22,3;89;"2";63,00000000000001;7,919999999999999;"männlich";"nein";"nein";"unterdurch.";"unterdurch.";"unterdurch.";"unterdurch."
"78937";"Adult";"1";"2";34,2;83;"2";48;3,3099999999999987;"männlich";"nein";"nein";"überdurch..";"unterdurch.";"unterdurch.";"unterdurch."
"78938";"Senior";"2";"2";23;106,00000000000001;"2";170;8,219999999999999;"weiblich";"nein";"nein";"unterdurch.";"überdurch.";"überdurch.";"unterdurch."
"78949";"Adult";"1";"2";23,3;94;"2";122,99999999999999;5,519999999999999;"männlich";"nein";"nein";"unterdurch.";"unterdurch.";"überdurch.";"unterdurch."
"78953";"Adult";"1";"2";28,4;107,00000000000001;"2";78;23,31;"männlich";"nein";"nein";"überdurch..";"überdurch.";"unterdurch.";"überdurch."
"78957";"Adult";"1";"2";31,199999999999996;90,00000000000001;"2";64;8,89;"männlich";"nein";"nein";"überdurch..";"unterdurch.";"unterdurch.";"unterdurch."
"78959";"Adult";"2";"2";22,9;96,00000000000001;"2";73;2,5199999999999996;"weiblich";"nein";"nein";"unterdurch.";"unterdurch.";"unterdurch.";"unterdurch."
"78964";"Adult";"1";"1";30,399999999999995;104,00000000000001;"2";100;11,809999999999999;"männlich";"ja";"nein";"überdurch..";"überdurch.";"unterdurch.";"unterdurch."
"78966";"Adult";"2";"2";20,8;89;"2";104;7,109999999999999;"weiblich";"nein";"nein";"unterdurch.";"unterdurch.";"unterdurch.";"unterdurch."
"78967";"Adult";"2";"2";32,5;93,00000000000001;"2";95,00000000000001;7,6499999999999995;"weiblich";"nein";"nein";"überdurch..";"unterdurch.";"unterdurch.";"unterdurch."
"78973";"Adult";"2";"2";21,7;97,00000000000001;"2";204;3,1099999999999994;"weiblich";"nein";"nein";"unterdurch.";"unterdurch.";"überdurch.";"unterdurch."
"78977";"Adult";"2";"2";18,799999999999997;100,00000000000001;"2";112,99999999999999;4,989999999999999;"weiblich";"nein";"nein";"unterdurch.";"überdurch.";"unterdurch.";"unterdurch."
"78978";"Senior";"2";"2";29,799999999999997;100,00000000000001;"2";97;10,169999999999998;"weiblich";"nein";"nein";"überdurch..";"überdurch.";"unterdurch.";"unterdurch."
"78981";"Senior";"2";"2";32,8;103,00000000000001;"2";98;22,11;"weiblich";"nein";"nein";"überdurch..";"überdurch.";"unterdurch.";"überdurch."
"78992";"Adult";"2";"2";19,7;99,00000000000001;"2";69;5,6899999999999995;"weiblich";"nein";"nein";"unterdurch.";"unterdurch.";"unterdurch.";"unterdurch."
"79000";"Adult";"1";"1";26,799999999999997;122,00000000000001;"2";119,99999999999999;15,269999999999998;"männlich";"ja";"nein";"unterdurch.";"überdurch.";"überdurch.";"überdurch."
"79002";"Adult";"2";"2";25,6;97,00000000000001;"2";101;5,749999999999999;"weiblich";"nein";"nein";"unterdurch.";"unterdurch.";"unterdurch.";"unterdurch."
"79005";"Adult";"1";"2";27,999999999999996;97,00000000000001;"2";73;13,639999999999999;"männlich";"nein";"nein";"überdurch..";"unterdurch.";"unterdurch.";"überdurch."
"79018";"Adult";"2";"2";23,1;84;"2";92;8,879999999999999;"weiblich";"nein";"nein";"unterdurch.";"unterdurch.";"unterdurch.";"unterdurch."
"79019";"Adult";"2";"2";36,39999999999999;109,00000000000001;"2";107;11,63;"weiblich";"nein";"nein";"überdurch..";"überdurch.";"unterdurch.";"unterdurch."
"79022";"Adult";"1";"1";31,199999999999996;99,00000000000001;"2";154;5,449999999999999;"männlich";"ja";"nein";"überdurch..";"unterdurch.";"überdurch.";"unterdurch."
"79026";"Adult";"1";"2";21,299999999999997;96,00000000000001;"2";96;5,279999999999999;"männlich";"nein";"nein";"unterdurch.";"unterdurch.";"unterdurch.";"unterdurch."
"79027";"Adult";"2";"2";45,9;100,00000000000001;"2";103;21,83;"weiblich";"nein";"nein";"überdurch..";"überdurch.";"unterdurch.";"überdurch."
"79028";"Adult";"1";"2";16,5;100,00000000000001;"2";110;4,209999999999999;"männlich";"nein";"nein";"unterdurch.";"überdurch.";"unterdurch.";"unterdurch."
"79040";"Adult";"2";"1";36,3;95,00000000000001;"2";105;2,9799999999999986;"weiblich";"ja";"nein";"überdurch..";"unterdurch.";"unterdurch.";"unterdurch."
"79044";"Adult";"1";"2";27,1;109,00000000000001;"2";122;14,91;"männlich";"nein";"nein";"unterdurch.";"überdurch.";"überdurch.";"überdurch."
"79054";"Adult";"1";"2";18,799999999999997;94;"2";80;5,4399999999999995;"männlich";"nein";"nein";"unterdurch.";"unterdurch.";"unterdurch.";"unterdurch."
"79060";"Adult";"2";"2";26,7;80,00000000000001;"2";80;9,81;"weiblich";"nein";"nein";"unterdurch.";"unterdurch.";"unterdurch.";"unterdurch."
"79066";"Adult";"1";"2";28,7;87,00000000000001;"2";104;15,29;"männlich";"nein";"nein";"überdurch..";"unterdurch.";"unterdurch.";"überdurch."
"79072";"Adult";"2";"2";22,5;111,00000000000001;"2";112;3,2299999999999986;"weiblich";"nein";"nein";"unterdurch.";"überdurch.";"unterdurch.";"unterdurch."
"79073";"Adult";"2";"2";23,1;96,00000000000001;"2";65;11,309999999999999;"weiblich";"nein";"nein";"unterdurch.";"unterdurch.";"unterdurch.";"unterdurch."
"79076";"Adult";"2";"2";23,5;90,00000000000001;"2";89;7,769999999999999;"weiblich";"nein";"nein";"unterdurch.";"unterdurch.";"unterdurch.";"unterdurch."
"79077";"Senior";"1";"2";25,7;88,00000000000001;"2";98,99999999999999;9,009999999999998;"männlich";"nein";"nein";"unterdurch.";"unterdurch.";"unterdurch.";"unterdurch."
"79080";"Senior";"2";"2";22,3;99,00000000000001;"2";144;7,969999999999999;"weiblich";"nein";"nein";"unterdurch.";"unterdurch.";"überdurch.";"unterdurch."
"79081";"Adult";"2";"2";19,6;90,00000000000001;"2";90;4,139999999999999;"weiblich";"nein";"nein";"unterdurch.";"unterdurch.";"unterdurch.";"unterdurch."
"79088";"Adult";"2";"2";23,9;108,00000000000001;"2";105,99999999999999;7,6899999999999995;"weiblich";"nein";"nein";"unterdurch.";"überdurch.";"unterdurch.";"unterdurch."
"79089";"Adult";"2";"1";18,4;87,00000000000001;"2";128;1,129999999999999;"weiblich";"ja";"nein";"unterdurch.";"unterdurch.";"überdurch.";"unterdurch."
"79091";"Adult";"2";"2";28,3;96,00000000000001;"2";95,00000000000001;11,999999999999998;"weiblich";"nein";"nein";"überdurch..";"unterdurch.";"unterdurch.";"überdurch."
"79094";"Adult";"2";"2";23,3;93,00000000000001;"2";75;7,45;"weiblich";"nein";"nein";"unterdurch.";"unterdurch.";"unterdurch.";"unterdurch."
"79096";"Adult";"1";"2";20,7;98,00000000000001;"2";92;1,8599999999999994;"männlich";"nein";"nein";"unterdurch.";"unterdurch.";"unterdurch.";"unterdurch."
"79097";"Adult";"2";"2";20,5;92,00000000000001;"2";84;13,12;"weiblich";"nein";"nein";"unterdurch.";"unterdurch.";"unterdurch.";"überdurch."
"79105";"Adult";"1";"1";17,4;99,00000000000001;"2";125;5,299999999999999;"männlich";"ja";"nein";"unterdurch.";"unterdurch.";"überdurch.";"unterdurch."
"79106";"Senior";"1";"2";26,1;105,00000000000001;"2";142;5,999999999999999;"männlich";"nein";"nein";"unterdurch.";"überdurch.";"überdurch.";"unterdurch."
"79110";"Adult";"2";"2";22,6;84;"2";80;4,169999999999999;"weiblich";"nein";"nein";"unterdurch.";"unterdurch.";"unterdurch.";"unterdurch."
"79112";"Adult";"2";"2";36,39999999999999;92,00000000000001;"2";126;10,88;"weiblich";"nein";"nein";"überdurch..";"unterdurch.";"überdurch.";"unterdurch."
"79113";"Senior";"1";"2";43,8;100,00000000000001;"2";119;12,11;"männlich";"nein";"nein";"überdurch..";"überdurch.";"überdurch.";"überdurch."
"79121";"Adult";"2";"2";24;100,00000000000001;"2";97;12,7;"weiblich";"nein";"nein";"unterdurch.";"überdurch.";"unterdurch.";"überdurch."
"79135";"Adult";"1";"2";27,6;405;"1";604;9,649999999999999;"männlich";"nein";"ja";"unterdurch.";"überdurch.";"überdurch.";"unterdurch."
"79139";"Adult";"2";"2";22,9;98,00000000000001;"2";76;12,619999999999997;"weiblich";"nein";"nein";"unterdurch.";"unterdurch.";"unterdurch.";"überdurch."
"79146";"Adult";"2";"2";22,2;98,00000000000001;"2";96;8,509999999999998;"weiblich";"nein";"nein";"unterdurch.";"unterdurch.";"unterdurch.";"unterdurch."
"79148";"Adult";"1";"2";33,79999999999999;103,00000000000001;"2";165;24,559999999999995;"männlich";"nein";"nein";"überdurch..";"überdurch.";"überdurch.";"überdurch."
"79152";"Adult";"1";"2";28,5;100,00000000000001;"2";86;8,93;"männlich";"nein";"nein";"überdurch..";"überdurch.";"unterdurch.";"unterdurch."
"79155";"Adult";"2";"2";38;105,00000000000001;"2";128;15,799999999999999;"weiblich";"nein";"nein";"überdurch..";"überdurch.";"überdurch.";"überdurch."
"79161";"Adult";"2";"2";27,5;114,00000000000001;"2";143;14,089999999999998;"weiblich";"nein";"nein";"unterdurch.";"überdurch.";"überdurch.";"überdurch."
"79169";"Adult";"2";"1";31,599999999999998;95,00000000000001;"2";135;22,629999999999995;"weiblich";"ja";"nein";"überdurch..";"unterdurch.";"überdurch.";"überdurch."
"79170";"Adult";"1";"2";28,3;90,00000000000001;"2";121;27,69;"männlich";"nein";"nein";"überdurch..";"unterdurch.";"überdurch.";"überdurch."
"79171";"Senior";"2";"2";26,6;100,00000000000001;"2";119;6,109999999999999;"weiblich";"nein";"nein";"unterdurch.";"überdurch.";"überdurch.";"unterdurch."
"79175";"Adult";"1";"2";23,4;130;"2";49;30,86;"männlich";"nein";"nein";"unterdurch.";"überdurch.";"unterdurch.";"überdurch."
"79176";"Adult";"1";"1";30,100000000000005;105,00000000000001;"2";110;17,06;"männlich";"ja";"nein";"überdurch..";"überdurch.";"unterdurch.";"überdurch."
"79177";"Adult";"1";"2";26,7;116,00000000000001;"3";103;4,1899999999999995;"männlich";"nein";"Prädiabetes";"unterdurch.";"überdurch.";"unterdurch.";"unterdurch."
"79179";"Senior";"2";"1";24,2;118,00000000000001;"2";131;7,39;"weiblich";"ja";"nein";"unterdurch.";"überdurch.";"überdurch.";"unterdurch."
"79181";"Adult";"2";"2";32,3;90,00000000000001;"2";92;4,529999999999999;"weiblich";"nein";"nein";"überdurch..";"unterdurch.";"unterdurch.";"unterdurch."
"79184";"Senior";"1";"2";32,5;109,00000000000001;"2";141;3,5;"männlich";"nein";"nein";"überdurch..";"überdurch.";"überdurch.";"unterdurch."
"79187";"Adult";"2";"2";32,8;86,00000000000001;"2";82;7,059999999999999;"weiblich";"nein";"nein";"überdurch..";"unterdurch.";"unterdurch.";"unterdurch."
"79189";"Senior";"1";"1";22,4;94;"2";102,00000000000001;2,51;"männlich";"ja";"nein";"unterdurch.";"unterdurch.";"unterdurch.";"unterdurch."
"79190";"Adult";"1";"1";45,9;112,00000000000001;"2";140;26,75;"männlich";"ja";"nein";"überdurch..";"überdurch.";"überdurch.";"überdurch."
"79199";"Senior";"2";"2";32,6;103,00000000000001;"2";131;44,11;"weiblich";"nein";"nein";"überdurch..";"überdurch.";"überdurch.";"überdurch."
"79201";"Senior";"1";"2";27,5;126,00000000000003;"2";265;11,809999999999999;"männlich";"nein";"nein";"unterdurch.";"überdurch.";"überdurch.";"unterdurch."
"79202";"Adult";"2";"2";31,8;88,00000000000001;"2";102,00000000000001;8,82;"weiblich";"nein";"nein";"überdurch..";"unterdurch.";"unterdurch.";"unterdurch."
"79210";"Adult";"1";"1";20,7;93,00000000000001;"2";93;3,8899999999999997;"männlich";"ja";"nein";"unterdurch.";"unterdurch.";"unterdurch.";"unterdurch."
"79217";"Adult";"1";"2";27,6;83;"2";100;10,099999999999998;"männlich";"nein";"nein";"unterdurch.";"unterdurch.";"unterdurch.";"unterdurch."
"79218";"Adult";"1";"2";18,9;90,00000000000001;"2";90;11,169999999999998;"männlich";"nein";"nein";"unterdurch.";"unterdurch.";"unterdurch.";"unterdurch."
"79223";"Adult";"2";"1";37,1;89;"2";119,99999999999999;26,64;"weiblich";"ja";"nein";"überdurch..";"unterdurch.";"überdurch.";"überdurch."
"79226";"Adult";"1";"2";22,1;92,00000000000001;"2";95,00000000000001;2,169999999999998;"männlich";"nein";"nein";"unterdurch.";"unterdurch.";"unterdurch.";"unterdurch."
"79228";"Adult";"1";"1";19;95,00000000000001;"2";79;7,809999999999999;"männlich";"ja";"nein";"unterdurch.";"unterdurch.";"unterdurch.";"unterdurch."
"79229";"Adult";"1";"2";19,8;91,00000000000001;"2";78;3,789999999999999;"männlich";"nein";"nein";"unterdurch.";"unterdurch.";"unterdurch.";"unterdurch."
"79233";"Adult";"1";"2";35,9;89;"2";108,99999999999999;4,989999999999999;"männlich";"nein";"nein";"überdurch..";"unterdurch.";"unterdurch.";"unterdurch."
"79234";"Adult";"2";"1";17,4;78;"2";133;1,3899999999999988;"weiblich";"ja";"nein";"unterdurch.";"unterdurch.";"überdurch.";"unterdurch."
"79251";"Adult";"2";"2";18,299999999999997;89;"2";100;4,249999999999998;"weiblich";"nein";"nein";"unterdurch.";"unterdurch.";"unterdurch.";"unterdurch."
"79257";"Adult";"2";"2";22,4;89;"2";144;4,369999999999999;"weiblich";"nein";"nein";"unterdurch.";"unterdurch.";"überdurch.";"unterdurch."
"79260";"Adult";"1";"2";19,7;95,00000000000001;"2";82;6,4799999999999995;"männlich";"nein";"nein";"unterdurch.";"unterdurch.";"unterdurch.";"unterdurch."
"79264";"Adult";"2";"2";21,9;91,00000000000001;"2";75;26,08;"weiblich";"nein";"nein";"unterdurch.";"unterdurch.";"unterdurch.";"überdurch."
"79265";"Adult";"1";"2";17,5;96,00000000000001;"2";87;10,199999999999998;"männlich";"nein";"nein";"unterdurch.";"unterdurch.";"unterdurch.";"unterdurch."
"79268";"Adult";"2";"2";26,3;109,00000000000001;"2";122,99999999999999;3,629999999999999;"weiblich";"nein";"nein";"unterdurch.";"überdurch.";"überdurch.";"unterdurch."
"79269";"Adult";"2";"2";33,7;100,00000000000001;"2";149;19,24;"weiblich";"nein";"nein";"überdurch..";"überdurch.";"überdurch.";"überdurch."
"79272";"Adult";"2";"2";20,6;82,00000000000001;"2";74;6,199999999999999;"weiblich";"nein";"nein";"unterdurch.";"unterdurch.";"unterdurch.";"unterdurch."
"79276";"Adult";"2";"2";16,9;80,00000000000001;"2";80;4,33;"weiblich";"nein";"nein";"unterdurch.";"unterdurch.";"unterdurch.";"unterdurch."
"79281";"Adult";"2";"2";22,5;82,00000000000001;"2";93;1,3899999999999988;"weiblich";"nein";"nein";"unterdurch.";"unterdurch.";"unterdurch.";"unterdurch."
"79286";"Senior";"1";"2";27,9;103,00000000000001;"2";122;8,61;"männlich";"nein";"nein";"unterdurch.";"überdurch.";"überdurch.";"unterdurch."
"79287";"Adult";"1";"2";17,6;90,00000000000001;"2";94;6,23;"männlich";"nein";"nein";"unterdurch.";"unterdurch.";"unterdurch.";"unterdurch."
"79290";"Adult";"1";"2";29,2;101,00000000000001;"2";80;9,719999999999999;"männlich";"nein";"nein";"überdurch..";"überdurch.";"unterdurch.";"unterdurch."
"79296";"Adult";"2";"2";29,9;105,00000000000001;"2";98;13,24;"weiblich";"nein";"nein";"überdurch..";"überdurch.";"unterdurch.";"überdurch."
"79300";"Adult";"1";"2";38,2;94;"2";124;20,79;"männlich";"nein";"nein";"überdurch..";"unterdurch.";"überdurch.";"überdurch."
"79305";"Adult";"1";"2";28,999999999999996;118,00000000000001;"2";140;9,46;"männlich";"nein";"nein";"überdurch..";"überdurch.";"überdurch.";"unterdurch."
"79315";"Adult";"1";"2";25,3;94;"2";90;12,329999999999998;"männlich";"nein";"nein";"unterdurch.";"unterdurch.";"unterdurch.";"überdurch."
"79317";"Adult";"2";"2";37,1;96,00000000000001;"2";105,99999999999999;26,83;"weiblich";"nein";"nein";"überdurch..";"unterdurch.";"unterdurch.";"überdurch."
"79318";"Adult";"2";"2";19,5;92,00000000000001;"2";157;5,169999999999999;"weiblich";"nein";"nein";"unterdurch.";"unterdurch.";"überdurch.";"unterdurch."
"79322";"Senior";"1";"2";28,9;83;"2";70;7,549999999999999;"männlich";"nein";"nein";"überdurch..";"unterdurch.";"unterdurch.";"unterdurch."
"79329";"Adult";"1";"1";36,5;103,00000000000001;"2";82;32,14;"männlich";"ja";"nein";"überdurch..";"überdurch.";"unterdurch.";"überdurch."
"79333";"Adult";"2";"2";47,3;183,00000000000003;"2";318;41,02;"weiblich";"nein";"nein";"überdurch..";"überdurch.";"überdurch.";"überdurch."
"79334";"Adult";"1";"1";28,9;99,00000000000001;"2";135;10,029999999999998;"männlich";"ja";"nein";"überdurch..";"unterdurch.";"überdurch.";"unterdurch."
"79335";"Adult";"2";"2";28,3;107,00000000000001;"2";130;12,329999999999998;"weiblich";"nein";"nein";"überdurch..";"überdurch.";"überdurch.";"überdurch."
"79341";"Adult";"2";"2";19,7;83;"2";75;3,2699999999999996;"weiblich";"nein";"nein";"unterdurch.";"unterdurch.";"unterdurch.";"unterdurch."
"79352";"Senior";"1";"2";27,999999999999996;116,00000000000001;"2";155;18,24;"männlich";"nein";"nein";"überdurch..";"überdurch.";"überdurch.";"überdurch."
"79354";"Adult";"2";"2";25,4;87,00000000000001;"2";43;10,61;"weiblich";"nein";"nein";"unterdurch.";"unterdurch.";"unterdurch.";"unterdurch."
"79362";"Adult";"1";"1";27,399999999999995;106,00000000000001;"2";92;6,609999999999999;"männlich";"ja";"nein";"unterdurch.";"überdurch.";"unterdurch.";"unterdurch."
"79369";"Adult";"1";"2";23,799999999999997;103,00000000000001;"2";119,99999999999999;12,989999999999998;"männlich";"nein";"nein";"unterdurch.";"überdurch.";"überdurch.";"überdurch."
"79371";"Adult";"1";"2";27,8;94;"2";115,99999999999999;9,569999999999999;"männlich";"nein";"nein";"unterdurch.";"unterdurch.";"überdurch.";"unterdurch."
"79373";"Adult";"2";"2";26,3;109,00000000000001;"2";119,99999999999999;13,03;"weiblich";"nein";"nein";"unterdurch.";"überdurch.";"überdurch.";"überdurch."
"79375";"Adult";"2";"2";27,6;84;"2";74;5,639999999999999;"weiblich";"nein";"nein";"unterdurch.";"unterdurch.";"unterdurch.";"unterdurch."
"79387";"Adult";"1";"2";27,3;100,00000000000001;"2";52;10,83;"männlich";"nein";"nein";"unterdurch.";"überdurch.";"unterdurch.";"unterdurch."
"79404";"Adult";"2";"2";37,7;93,00000000000001;"2";149;31,769999999999996;"weiblich";"nein";"nein";"überdurch..";"unterdurch.";"überdurch.";"überdurch."
"79409";"Adult";"2";"2";23,799999999999997;88,00000000000001;"2";119;13,03;"weiblich";"nein";"nein";"unterdurch.";"unterdurch.";"überdurch.";"überdurch."
"79416";"Adult";"1";"1";31,1;102,00000000000001;"2";114;16,37;"männlich";"ja";"nein";"überdurch..";"überdurch.";"unterdurch.";"überdurch."
"79417";"Senior";"1";"2";25,3;109,00000000000001;"2";105,99999999999999;7,959999999999999;"männlich";"nein";"nein";"unterdurch.";"überdurch.";"unterdurch.";"unterdurch."
"79422";"Adult";"2";"2";23,9;97,00000000000001;"2";88;5,6;"weiblich";"nein";"nein";"unterdurch.";"unterdurch.";"unterdurch.";"unterdurch."
"79425";"Adult";"1";"2";23;107,00000000000001;"2";134;11,63;"männlich";"nein";"nein";"unterdurch.";"überdurch.";"überdurch.";"unterdurch."
"79426";"Adult";"2";"1";24,1;97,00000000000001;"2";114;3,209999999999999;"weiblich";"ja";"nein";"unterdurch.";"unterdurch.";"unterdurch.";"unterdurch."
"79431";"Adult";"1";"2";29,2;118,00000000000001;"2";100;13,18;"männlich";"nein";"nein";"überdurch..";"überdurch.";"unterdurch.";"überdurch."
"79442";"Adult";"1";"2";26,5;99,00000000000001;"2";89;4,52;"männlich";"nein";"nein";"unterdurch.";"unterdurch.";"unterdurch.";"unterdurch."
"79454";"Adult";"2";"1";20;70;"2";63,00000000000001;4,1899999999999995;"weiblich";"ja";"nein";"unterdurch.";"unterdurch.";"unterdurch.";"unterdurch."
"79456";"Adult";"1";"2";30,100000000000005;63,000000000000014;"2";70;16,39;"männlich";"nein";"nein";"überdurch..";"unterdurch.";"unterdurch.";"überdurch."
"79460";"Adult";"1";"2";25;98,00000000000001;"2";103;5,709999999999999;"männlich";"nein";"nein";"unterdurch.";"unterdurch.";"unterdurch.";"unterdurch."
"79464";"Adult";"2";"2";21,4;95,00000000000001;"2";85;4,889999999999999;"weiblich";"nein";"nein";"unterdurch.";"unterdurch.";"unterdurch.";"unterdurch."
"79466";"Adult";"2";"2";20;98,00000000000001;"2";139;11,04;"weiblich";"nein";"nein";"unterdurch.";"unterdurch.";"überdurch.";"unterdurch."
"79467";"Adult";"1";"2";26,5;97,00000000000001;"2";137;9,19;"männlich";"nein";"nein";"unterdurch.";"unterdurch.";"überdurch.";"unterdurch."
"79469";"Senior";"1";"2";19,7;110;"2";184;3,799999999999999;"männlich";"nein";"nein";"unterdurch.";"überdurch.";"überdurch.";"unterdurch."
"79473";"Adult";"2";"2";30,799999999999997;90,00000000000001;"2";148;7,779999999999999;"weiblich";"nein";"nein";"überdurch..";"unterdurch.";"überdurch.";"unterdurch."
"79476";"Senior";"2";"1";28,8;116,00000000000001;"2";217,99999999999997;13,13;"weiblich";"ja";"nein";"überdurch..";"überdurch.";"überdurch.";"überdurch."
"79490";"Adult";"1";"1";29,799999999999997;94;"2";87;6,17;"männlich";"ja";"nein";"überdurch..";"unterdurch.";"unterdurch.";"unterdurch."
"79496";"Adult";"1";"2";28,4;107,00000000000001;"2";119,99999999999999;10,76;"männlich";"nein";"nein";"überdurch..";"überdurch.";"überdurch.";"unterdurch."
"79501";"Adult";"2";"1";25,9;98,00000000000001;"2";94;11,58;"weiblich";"ja";"nein";"unterdurch.";"unterdurch.";"unterdurch.";"unterdurch."
"79507";"Adult";"1";"1";33,89999999999999;99,00000000000001;"2";101;15,389999999999999;"männlich";"ja";"nein";"überdurch..";"unterdurch.";"unterdurch.";"überdurch."
"79508";"Adult";"1";"2";19,2;104,00000000000001;"2";111;16,17;"männlich";"nein";"nein";"unterdurch.";"überdurch.";"unterdurch.";"überdurch."
"79515";"Senior";"2";"2";25,7;96,00000000000001;"2";210;12,779999999999998;"weiblich";"nein";"nein";"unterdurch.";"unterdurch.";"überdurch.";"überdurch."
"79519";"Adult";"1";"2";41,8;126,00000000000003;"2";149;39,65999999999999;"männlich";"nein";"nein";"überdurch..";"überdurch.";"überdurch.";"überdurch."
"79521";"Adult";"1";"2";25;127,00000000000001;"2";296;7,619999999999999;"männlich";"nein";"nein";"unterdurch.";"überdurch.";"überdurch.";"unterdurch."
"79523";"Adult";"2";"2";25,1;87,00000000000001;"2";77;7,029999999999999;"weiblich";"nein";"nein";"unterdurch.";"unterdurch.";"unterdurch.";"unterdurch."
"79524";"Adult";"1";"2";20;95,00000000000001;"2";112;5,069999999999999;"männlich";"nein";"nein";"unterdurch.";"unterdurch.";"unterdurch.";"unterdurch."
"79536";"Adult";"2";"2";27,5;90,00000000000001;"2";139;6,659999999999999;"weiblich";"nein";"nein";"unterdurch.";"unterdurch.";"überdurch.";"unterdurch."
"79568";"Adult";"2";"2";32,5;90,00000000000001;"2";97;4,739999999999999;"weiblich";"nein";"nein";"überdurch..";"unterdurch.";"unterdurch.";"unterdurch."
"79569";"Adult";"1";"1";27,399999999999995;104,00000000000001;"2";78;34,79;"männlich";"ja";"nein";"unterdurch.";"überdurch.";"unterdurch.";"überdurch."
"79570";"Adult";"2";"2";22,8;91,00000000000001;"2";86;12,899999999999999;"weiblich";"nein";"nein";"unterdurch.";"unterdurch.";"unterdurch.";"überdurch."
"79573";"Adult";"1";"1";24,3;94;"2";98;7,2299999999999995;"männlich";"ja";"nein";"unterdurch.";"unterdurch.";"unterdurch.";"unterdurch."
"79576";"Adult";"1";"1";26,6;99,00000000000001;"2";72;4,489999999999999;"männlich";"ja";"nein";"unterdurch.";"unterdurch.";"unterdurch.";"unterdurch."
"79577";"Senior";"2";"2";25,1;97,00000000000001;"2";114;13,34;"weiblich";"nein";"nein";"unterdurch.";"unterdurch.";"unterdurch.";"überdurch."
"79581";"Adult";"2";"2";36,3;113,00000000000001;"2";204;32,83;"weiblich";"nein";"nein";"überdurch..";"überdurch.";"überdurch.";"überdurch."
"79586";"Senior";"1";"2";24,8;104,00000000000001;"2";151;4,269999999999999;"männlich";"nein";"nein";"unterdurch.";"überdurch.";"überdurch.";"unterdurch."
"79589";"Adult";"2";"1";40,8;97,00000000000001;"2";105;13,989999999999998;"weiblich";"ja";"nein";"überdurch..";"unterdurch.";"unterdurch.";"überdurch."
"79593";"Adult";"1";"2";25,5;108,00000000000001;"2";143;5,549999999999999;"männlich";"nein";"nein";"unterdurch.";"überdurch.";"überdurch.";"unterdurch."
"79599";"Senior";"2";"1";24,899999999999995;105,00000000000001;"2";124;5,869999999999999;"weiblich";"ja";"nein";"unterdurch.";"überdurch.";"überdurch.";"unterdurch."
"79610";"Senior";"2";"1";31,7;87,00000000000001;"1";104;6,449999999999999;"weiblich";"ja";"ja";"überdurch..";"unterdurch.";"unterdurch.";"unterdurch."
"79612";"Adult";"2";"2";56,9;118,00000000000001;"2";134;35,46;"weiblich";"nein";"nein";"überdurch..";"überdurch.";"überdurch.";"überdurch."
"79615";"Adult";"1";"1";23,699999999999996;94;"2";78;6,909999999999999;"männlich";"ja";"nein";"unterdurch.";"unterdurch.";"unterdurch.";"unterdurch."
"79633";"Adult";"1";"2";22,5;85,00000000000001;"2";75;4,839999999999999;"männlich";"nein";"nein";"unterdurch.";"unterdurch.";"unterdurch.";"unterdurch."
"79645";"Adult";"2";"2";37,599999999999994;104,00000000000001;"2";130;20,829999999999995;"weiblich";"nein";"nein";"überdurch..";"überdurch.";"überdurch.";"überdurch."
"79646";"Adult";"1";"1";26,9;95,00000000000001;"2";85;4,809999999999999;"männlich";"ja";"nein";"unterdurch.";"unterdurch.";"unterdurch.";"unterdurch."
"79649";"Adult";"1";"2";25,4;97,00000000000001;"2";136;6,279999999999999;"männlich";"nein";"nein";"unterdurch.";"unterdurch.";"überdurch.";"unterdurch."
"79654";"Adult";"2";"2";30,9;85,00000000000001;"2";115;13,589999999999998;"weiblich";"nein";"nein";"überdurch..";"unterdurch.";"überdurch.";"überdurch."
"79658";"Adult";"2";"2";30,499999999999996;118,00000000000001;"2";125;29,04;"weiblich";"nein";"nein";"überdurch..";"überdurch.";"überdurch.";"überdurch."
"79660";"Adult";"1";"1";48,7;112,00000000000001;"2";91;28,47;"männlich";"ja";"nein";"überdurch..";"überdurch.";"unterdurch.";"überdurch."
"79661";"Adult";"1";"2";23,5;90,00000000000001;"2";115,99999999999999;9,599999999999998;"männlich";"nein";"nein";"unterdurch.";"unterdurch.";"überdurch.";"unterdurch."
"79664";"Adult";"1";"2";26;98,00000000000001;"2";77;16,35;"männlich";"nein";"nein";"unterdurch.";"unterdurch.";"unterdurch.";"überdurch."
"79675";"Adult";"2";"2";24,4;99,00000000000001;"2";172;4,839999999999999;"weiblich";"nein";"nein";"unterdurch.";"unterdurch.";"überdurch.";"unterdurch."
"79677";"Senior";"2";"2";27;94;"2";137;5,679999999999999;"weiblich";"nein";"nein";"unterdurch.";"unterdurch.";"überdurch.";"unterdurch."
"79685";"Adult";"2";"2";43,3;96,00000000000001;"2";98;20,29;"weiblich";"nein";"nein";"überdurch..";"unterdurch.";"unterdurch.";"überdurch."
"79689";"Adult";"1";"2";27,8;78;"2";68;7,749999999999999;"männlich";"nein";"nein";"unterdurch.";"unterdurch.";"unterdurch.";"unterdurch."
"79715";"Adult";"1";"1";20,1;90,00000000000001;"2";91;4,009999999999999;"männlich";"ja";"nein";"unterdurch.";"unterdurch.";"unterdurch.";"unterdurch."
"79719";"Adult";"2";"2";30,100000000000005;96,00000000000001;"2";121;22;"weiblich";"nein";"nein";"überdurch..";"unterdurch.";"überdurch.";"überdurch."
"79720";"Adult";"1";"2";23,4;95,00000000000001;"2";97;3,629999999999999;"männlich";"nein";"nein";"unterdurch.";"unterdurch.";"unterdurch.";"unterdurch."
"79724";"Adult";"2";"2";23,799999999999997;105,00000000000001;"2";125;14,33;"weiblich";"nein";"nein";"unterdurch.";"überdurch.";"überdurch.";"überdurch."
"79734";"Adult";"2";"2";28,999999999999996;102,00000000000001;"2";169;1,1699999999999982;"weiblich";"nein";"nein";"überdurch..";"überdurch.";"überdurch.";"unterdurch."
"79735";"Adult";"2";"2";26,6;91,00000000000001;"2";136;27,129999999999995;"weiblich";"nein";"nein";"unterdurch.";"unterdurch.";"überdurch.";"überdurch."
"79745";"Adult";"1";"2";23,1;99,00000000000001;"2";88;3,1899999999999995;"männlich";"nein";"nein";"unterdurch.";"unterdurch.";"unterdurch.";"unterdurch."
"79746";"Adult";"1";"2";17;95,00000000000001;"2";122,99999999999999;6,499999999999999;"männlich";"nein";"nein";"unterdurch.";"unterdurch.";"überdurch.";"unterdurch."
"79748";"Adult";"2";"1";21,5;91,00000000000001;"2";104;6,059999999999999;"weiblich";"ja";"nein";"unterdurch.";"unterdurch.";"unterdurch.";"unterdurch."
"79752";"Adult";"1";"1";32,9;95,00000000000001;"2";73;15,249999999999998;"männlich";"ja";"nein";"überdurch..";"unterdurch.";"unterdurch.";"überdurch."
"79755";"Adult";"2";"2";19,7;103,00000000000001;"2";93;22,13;"weiblich";"nein";"nein";"unterdurch.";"überdurch.";"unterdurch.";"überdurch."
"79757";"Adult";"2";"2";44,2;87,00000000000001;"2";82;11,73;"weiblich";"nein";"nein";"überdurch..";"unterdurch.";"unterdurch.";"unterdurch."
"79773";"Adult";"2";"2";23,699999999999996;68,00000000000001;"2";59;11,8;"weiblich";"nein";"nein";"unterdurch.";"unterdurch.";"unterdurch.";"unterdurch."
"79782";"Adult";"1";"2";21,2;93,00000000000001;"2";126;2,539999999999999;"männlich";"nein";"nein";"unterdurch.";"unterdurch.";"überdurch.";"unterdurch."
"79783";"Adult";"2";"2";20,4;80,00000000000001;"2";145;5,539999999999999;"weiblich";"nein";"nein";"unterdurch.";"unterdurch.";"überdurch.";"unterdurch."
"79793";"Adult";"1";"2";21,9;101,00000000000001;"2";56,00000000000001;2,629999999999999;"männlich";"nein";"nein";"unterdurch.";"überdurch.";"unterdurch.";"unterdurch."
"79798";"Adult";"2";"2";24,3;91,00000000000001;"2";72;9,27;"weiblich";"nein";"nein";"unterdurch.";"unterdurch.";"unterdurch.";"unterdurch."
"79799";"Adult";"1";"2";19,9;92,00000000000001;"2";81;1,8699999999999992;"männlich";"nein";"nein";"unterdurch.";"unterdurch.";"unterdurch.";"unterdurch."
"79802";"Adult";"1";"1";30,399999999999995;87,00000000000001;"2";92;17,26;"männlich";"ja";"nein";"überdurch..";"unterdurch.";"unterdurch.";"überdurch."
"79804";"Adult";"2";"2";24,3;91,00000000000001;"2";105,99999999999999;12,1;"weiblich";"nein";"nein";"unterdurch.";"unterdurch.";"unterdurch.";"überdurch."
"79805";"Adult";"2";"2";30,499999999999996;96,00000000000001;"2";128;12,49;"weiblich";"nein";"nein";"überdurch..";"unterdurch.";"überdurch.";"überdurch."
"79816";"Senior";"1";"2";27,8;102,00000000000001;"2";122;7,869999999999999;"männlich";"nein";"nein";"unterdurch.";"überdurch.";"überdurch.";"unterdurch."
"79821";"Adult";"1";"2";26,7;94;"2";108,99999999999999;4,239999999999999;"männlich";"nein";"nein";"unterdurch.";"unterdurch.";"unterdurch.";"unterdurch."
"79825";"Senior";"1";"2";31;108,00000000000001;"2";150;15,35;"männlich";"nein";"nein";"überdurch..";"überdurch.";"überdurch.";"überdurch."
"79831";"Adult";"1";"1";23,699999999999996;100,00000000000001;"2";79;3,929999999999999;"männlich";"ja";"nein";"unterdurch.";"überdurch.";"unterdurch.";"unterdurch."
"79835";"Adult";"1";"2";31,499999999999996;100,00000000000001;"2";69;11,35;"männlich";"nein";"nein";"überdurch..";"überdurch.";"unterdurch.";"unterdurch."
"79837";"Adult";"2";"2";20,3;91,00000000000001;"2";82;4,57;"weiblich";"nein";"nein";"unterdurch.";"unterdurch.";"unterdurch.";"unterdurch."
"79847";"Adult";"2";"2";30,2;96,00000000000001;"2";143;12,01;"weiblich";"nein";"nein";"überdurch..";"unterdurch.";"überdurch.";"überdurch."
"79860";"Adult";"1";"2";24,7;84;"2";78;9,199999999999998;"männlich";"nein";"nein";"unterdurch.";"unterdurch.";"unterdurch.";"unterdurch."
"79863";"Adult";"1";"1";27,1;104,00000000000001;"2";124;10,599999999999998;"männlich";"ja";"nein";"unterdurch.";"überdurch.";"überdurch.";"unterdurch."
"79864";"Adult";"2";"2";37,2;104,00000000000001;"2";105;20,359999999999996;"weiblich";"nein";"nein";"überdurch..";"überdurch.";"unterdurch.";"überdurch."
"79868";"Adult";"1";"2";39,2;99,00000000000001;"2";69;44,40999999999999;"männlich";"nein";"nein";"überdurch..";"unterdurch.";"unterdurch.";"überdurch."
"79870";"Adult";"2";"2";20,9;93,00000000000001;"2";94;6,75;"weiblich";"nein";"nein";"unterdurch.";"unterdurch.";"unterdurch.";"unterdurch."
"79878";"Senior";"2";"2";33,1;116,00000000000001;"2";124;5,929999999999999;"weiblich";"nein";"nein";"überdurch..";"überdurch.";"überdurch.";"unterdurch."
"79885";"Senior";"1";"2";29,4;87,00000000000001;"2";105;3,4299999999999997;"männlich";"nein";"nein";"überdurch..";"unterdurch.";"unterdurch.";"unterdurch."
"79886";"Adult";"2";"2";26,199999999999996;89;"2";119;5,239999999999999;"weiblich";"nein";"nein";"unterdurch.";"unterdurch.";"überdurch.";"unterdurch."
"79895";"Adult";"1";"2";41,2;100,00000000000001;"2";112,99999999999999;17,62;"männlich";"nein";"nein";"überdurch..";"überdurch.";"unterdurch.";"überdurch."
"79896";"Adult";"1";"2";32,8;93,00000000000001;"2";96;52,07999999999999;"männlich";"nein";"nein";"überdurch..";"unterdurch.";"unterdurch.";"überdurch."
"79899";"Adult";"1";"2";28,099999999999998;102,00000000000001;"2";108,99999999999999;8,77;"männlich";"nein";"nein";"überdurch..";"überdurch.";"unterdurch.";"unterdurch."
"79910";"Adult";"1";"2";21;94;"2";101;12,659999999999998;"männlich";"nein";"nein";"unterdurch.";"unterdurch.";"unterdurch.";"überdurch."
"79913";"Adult";"1";"1";23,6;100,00000000000001;"2";93;2,8200000000000003;"männlich";"ja";"nein";"unterdurch.";"überdurch.";"unterdurch.";"unterdurch."
"79914";"Adult";"2";"2";45,9;102,00000000000001;"2";100;33,03;"weiblich";"nein";"nein";"überdurch..";"überdurch.";"unterdurch.";"überdurch."
"79919";"Adult";"2";"2";27,5;90,00000000000001;"2";103;9,18;"weiblich";"nein";"nein";"unterdurch.";"unterdurch.";"unterdurch.";"unterdurch."
"79921";"Adult";"2";"2";21,5;85,00000000000001;"2";56,00000000000001;2,2799999999999994;"weiblich";"nein";"nein";"unterdurch.";"unterdurch.";"unterdurch.";"unterdurch."
"79929";"Adult";"2";"2";26,7;107,00000000000001;"2";178;8,1;"weiblich";"nein";"nein";"unterdurch.";"überdurch.";"überdurch.";"unterdurch."
"79934";"Adult";"2";"1";30,399999999999995;108,00000000000001;"2";132;12,03;"weiblich";"ja";"nein";"überdurch..";"überdurch.";"überdurch.";"überdurch."
"79942";"Adult";"1";"2";34,6;113,00000000000001;"3";217,99999999999997;52,73;"männlich";"nein";"Prädiabetes";"überdurch..";"überdurch.";"überdurch.";"überdurch."
"79943";"Adult";"2";"2";18,6;90,00000000000001;"2";111;10,42;"weiblich";"nein";"nein";"unterdurch.";"unterdurch.";"unterdurch.";"unterdurch."
"79958";"Senior";"2";"2";27,1;100,00000000000001;"2";93;5,119999999999999;"weiblich";"nein";"nein";"unterdurch.";"überdurch.";"unterdurch.";"unterdurch."
"79960";"Adult";"2";"2";23,9;85,00000000000001;"2";95,00000000000001;12,329999999999998;"weiblich";"nein";"nein";"unterdurch.";"unterdurch.";"unterdurch.";"überdurch."
"79962";"Adult";"1";"2";25,1;87,00000000000001;"2";73;7,069999999999999;"männlich";"nein";"nein";"unterdurch.";"unterdurch.";"unterdurch.";"unterdurch."
"79965";"Adult";"2";"2";32,4;95,00000000000001;"2";94;3,6799999999999997;"weiblich";"nein";"nein";"überdurch..";"unterdurch.";"unterdurch.";"unterdurch."
"79972";"Adult";"2";"2";29,4;91,00000000000001;"2";92;4,8199999999999985;"weiblich";"nein";"nein";"überdurch..";"unterdurch.";"unterdurch.";"unterdurch."
"79982";"Adult";"1";"1";23,4;99,00000000000001;"2";101;4,52;"männlich";"ja";"nein";"unterdurch.";"unterdurch.";"unterdurch.";"unterdurch."
"79987";"Senior";"2";"2";29,4;87,00000000000001;"2";124;14,439999999999998;"weiblich";"nein";"nein";"überdurch..";"unterdurch.";"überdurch.";"überdurch."
"79989";"Adult";"2";"2";31,8;117,00000000000001;"2";245;9,719999999999999;"weiblich";"nein";"nein";"überdurch..";"überdurch.";"überdurch.";"unterdurch."
"80000";"Adult";"2";"1";20,1;82,00000000000001;"2";61,00000000000001;7,869999999999999;"weiblich";"ja";"nein";"unterdurch.";"unterdurch.";"unterdurch.";"unterdurch."
"80004";"Adult";"1";"2";25,1;114,00000000000001;"2";101;21,74;"männlich";"nein";"nein";"unterdurch.";"überdurch.";"unterdurch.";"überdurch."
"80005";"Adult";"2";"2";31,9;97,00000000000001;"2";104;18,11;"weiblich";"nein";"nein";"überdurch..";"unterdurch.";"unterdurch.";"überdurch."
"80007";"Senior";"1";"2";27,5;103,00000000000001;"2";117;10,4;"männlich";"nein";"nein";"unterdurch.";"überdurch.";"überdurch.";"unterdurch."
"80010";"Adult";"1";"2";25;80,00000000000001;"2";97;5,489999999999999;"männlich";"nein";"nein";"unterdurch.";"unterdurch.";"unterdurch.";"unterdurch."
"80015";"Adult";"1";"2";45,5;105,00000000000001;"2";76;17,11;"männlich";"nein";"nein";"überdurch..";"überdurch.";"unterdurch.";"überdurch."
"80016";"Adult";"1";"1";30,399999999999995;111,00000000000001;"2";92;9,14;"männlich";"ja";"nein";"überdurch..";"überdurch.";"unterdurch.";"unterdurch."
"80020";"Adult";"2";"2";24;82,00000000000001;"2";61,00000000000001;9,059999999999999;"weiblich";"nein";"nein";"unterdurch.";"unterdurch.";"unterdurch.";"unterdurch."
"80021";"Adult";"2";"2";35,4;87,00000000000001;"2";76;22,479999999999997;"weiblich";"nein";"nein";"überdurch..";"unterdurch.";"unterdurch.";"überdurch."
"80023";"Senior";"2";"2";27,6;102,00000000000001;"2";180;12,49;"weiblich";"nein";"nein";"unterdurch.";"überdurch.";"überdurch.";"überdurch."
"80024";"Adult";"2";"2";36,9;100,00000000000001;"2";97;25,43;"weiblich";"nein";"nein";"überdurch..";"überdurch.";"unterdurch.";"überdurch."
"80026";"Adult";"2";"2";43,7;115;"2";184;17,15;"weiblich";"nein";"nein";"überdurch..";"überdurch.";"überdurch.";"überdurch."
"80027";"Adult";"2";"2";24,7;86,00000000000001;"2";140;6,6899999999999995;"weiblich";"nein";"nein";"unterdurch.";"unterdurch.";"überdurch.";"unterdurch."
"80030";"Adult";"1";"2";25,9;100,00000000000001;"2";102,00000000000001;5,91;"männlich";"nein";"nein";"unterdurch.";"überdurch.";"unterdurch.";"unterdurch."
"80031";"Adult";"1";"1";26,4;93,00000000000001;"2";98,99999999999999;7,84;"männlich";"ja";"nein";"unterdurch.";"unterdurch.";"unterdurch.";"unterdurch."
"80040";"Senior";"2";"2";22;91,00000000000001;"2";48;6,139999999999999;"weiblich";"nein";"nein";"unterdurch.";"unterdurch.";"unterdurch.";"unterdurch."
"80041";"Adult";"2";"1";38,6;94;"2";158;8,46;"weiblich";"ja";"nein";"überdurch..";"unterdurch.";"überdurch.";"unterdurch."
"80044";"Senior";"1";"2";30,799999999999997;94;"2";140;15,4;"männlich";"nein";"nein";"überdurch..";"unterdurch.";"überdurch.";"überdurch."
"80055";"Adult";"2";"1";26,7;101,00000000000001;"2";176;6,759999999999999;"weiblich";"ja";"nein";"unterdurch.";"überdurch.";"überdurch.";"unterdurch."
"80056";"Adult";"2";"2";21,5;80,00000000000001;"2";74;3,8199999999999985;"weiblich";"nein";"nein";"unterdurch.";"unterdurch.";"unterdurch.";"unterdurch."
"80059";"Adult";"2";"1";25,7;100,00000000000001;"2";112,99999999999999;3,66;"weiblich";"ja";"nein";"unterdurch.";"überdurch.";"unterdurch.";"unterdurch."
"80060";"Adult";"2";"2";32,3;92,00000000000001;"2";125;12,869999999999997;"weiblich";"nein";"nein";"überdurch..";"unterdurch.";"überdurch.";"überdurch."
"80061";"Adult";"2";"2";31,399999999999995;93,00000000000001;"2";91;4,33;"weiblich";"nein";"nein";"überdurch..";"unterdurch.";"unterdurch.";"unterdurch."
"80082";"Senior";"2";"2";30,6;112,00000000000001;"2";156;12,15;"weiblich";"nein";"nein";"überdurch..";"überdurch.";"überdurch.";"überdurch."
"80091";"Senior";"1";"1";31;99,00000000000001;"2";161;37,47;"männlich";"ja";"nein";"überdurch..";"unterdurch.";"überdurch.";"überdurch."
"80096";"Adult";"2";"2";31,599999999999998;100,00000000000001;"2";108;11,259999999999998;"weiblich";"nein";"nein";"überdurch..";"überdurch.";"unterdurch.";"unterdurch."
"80100";"Adult";"1";"2";43,4;91,00000000000001;"2";171;40,29999999999999;"männlich";"nein";"nein";"überdurch..";"unterdurch.";"überdurch.";"überdurch."
"80103";"Adult";"1";"1";41,3;105,00000000000001;"2";56,00000000000001;18,98;"männlich";"ja";"nein";"überdurch..";"überdurch.";"unterdurch.";"überdurch."
"80107";"Adult";"2";"1";31,9;97,00000000000001;"2";64;5,819999999999999;"weiblich";"ja";"nein";"überdurch..";"unterdurch.";"unterdurch.";"unterdurch."
"80111";"Adult";"2";"2";29,5;94;"2";108,99999999999999;10,859999999999998;"weiblich";"nein";"nein";"überdurch..";"unterdurch.";"unterdurch.";"unterdurch."
"80112";"Adult";"1";"1";28,7;110;"3";157;21,33;"männlich";"ja";"Prädiabetes";"überdurch..";"überdurch.";"überdurch.";"überdurch."
"80119";"Senior";"2";"2";33,5;118,00000000000001;"2";130;6,829999999999999;"weiblich";"nein";"nein";"überdurch..";"überdurch.";"überdurch.";"unterdurch."
"80121";"Senior";"1";"2";25,4;122,00000000000001;"2";139;12,829999999999998;"männlich";"nein";"nein";"unterdurch.";"überdurch.";"überdurch.";"überdurch."
"80122";"Adult";"2";"2";27;101,00000000000001;"2";136;4,9799999999999995;"weiblich";"nein";"nein";"unterdurch.";"überdurch.";"überdurch.";"unterdurch."
"80128";"Adult";"2";"2";34,3;99,00000000000001;"2";122,99999999999999;9,889999999999999;"weiblich";"nein";"nein";"überdurch..";"unterdurch.";"überdurch.";"unterdurch."
"80129";"Senior";"1";"2";46,3;108,00000000000001;"2";108;8,369999999999997;"männlich";"nein";"nein";"überdurch..";"überdurch.";"unterdurch.";"unterdurch."
"80130";"Adult";"1";"2";21,1;106,00000000000001;"2";129;8,13;"männlich";"nein";"nein";"unterdurch.";"überdurch.";"überdurch.";"unterdurch."
"80138";"Adult";"2";"2";35,1;105,00000000000001;"2";224;15,119999999999997;"weiblich";"nein";"nein";"überdurch..";"überdurch.";"überdurch.";"überdurch."
"80140";"Adult";"2";"2";31,199999999999996;95,00000000000001;"2";134;8,7;"weiblich";"nein";"nein";"überdurch..";"unterdurch.";"überdurch.";"unterdurch."
"80145";"Adult";"1";"1";23,799999999999997;87,00000000000001;"2";76;2,119999999999999;"männlich";"ja";"nein";"unterdurch.";"unterdurch.";"unterdurch.";"unterdurch."
"80146";"Adult";"1";"1";28,2;92,00000000000001;"2";74;6,289999999999999;"männlich";"ja";"nein";"überdurch..";"unterdurch.";"unterdurch.";"unterdurch."
"80148";"Senior";"1";"2";41,5;147;"2";284;22,97;"männlich";"nein";"nein";"überdurch..";"überdurch.";"überdurch.";"überdurch."
"80150";"Adult";"2";"2";21,2;96,00000000000001;"2";87;13,399999999999999;"weiblich";"nein";"nein";"unterdurch.";"unterdurch.";"unterdurch.";"überdurch."
"80158";"Adult";"1";"1";37,2;107,00000000000001;"2";66;38,36;"männlich";"ja";"nein";"überdurch..";"überdurch.";"unterdurch.";"überdurch."
"80162";"Adult";"2";"2";45,5;89;"2";115;27,89;"weiblich";"nein";"nein";"überdurch..";"unterdurch.";"überdurch.";"überdurch."
"80164";"Adult";"1";"2";29,6;91,00000000000001;"2";80;6,129999999999999;"männlich";"nein";"nein";"überdurch..";"unterdurch.";"unterdurch.";"unterdurch."
"80170";"Adult";"2";"2";42,9;100,00000000000001;"2";71;21,22;"weiblich";"nein";"nein";"überdurch..";"überdurch.";"unterdurch.";"überdurch."
"80175";"Adult";"1";"1";47,599999999999994;107,00000000000001;"3";126;17,75;"männlich";"ja";"Prädiabetes";"überdurch..";"überdurch.";"überdurch.";"überdurch."
"80181";"Senior";"2";"2";27,1;92,00000000000001;"2";105,99999999999999;9,059999999999999;"weiblich";"nein";"nein";"unterdurch.";"unterdurch.";"unterdurch.";"unterdurch."
"80185";"Adult";"1";"2";25,6;121,00000000000003;"2";132;11,309999999999999;"männlich";"nein";"nein";"unterdurch.";"überdurch.";"überdurch.";"unterdurch."
"80189";"Adult";"1";"2";17,5;99,00000000000001;"2";100;5,879999999999999;"männlich";"nein";"nein";"unterdurch.";"unterdurch.";"unterdurch.";"unterdurch."
"80196";"Adult";"1";"2";15,3;102,00000000000001;"2";108,99999999999999;15,819999999999999;"männlich";"nein";"nein";"unterdurch.";"überdurch.";"unterdurch.";"überdurch."
"80197";"Adult";"1";"2";25,8;100,00000000000001;"2";100;8,9;"männlich";"nein";"nein";"unterdurch.";"überdurch.";"unterdurch.";"unterdurch."
"80199";"Adult";"2";"2";29,6;87,00000000000001;"2";94;6,159999999999999;"weiblich";"nein";"nein";"überdurch..";"unterdurch.";"unterdurch.";"unterdurch."
"80200";"Adult";"1";"1";28,9;113,00000000000001;"2";85;13,229999999999999;"männlich";"ja";"nein";"überdurch..";"überdurch.";"unterdurch.";"überdurch."
"80201";"Adult";"2";"2";15,399999999999999;94;"2";161;2,3499999999999996;"weiblich";"nein";"nein";"unterdurch.";"unterdurch.";"überdurch.";"unterdurch."
"80203";"Senior";"1";"2";24,5;90,00000000000001;"2";112;12,849999999999998;"männlich";"nein";"nein";"unterdurch.";"unterdurch.";"unterdurch.";"überdurch."
"80210";"Adult";"1";"2";29,6;104,00000000000001;"2";158;19,2;"männlich";"nein";"nein";"überdurch..";"überdurch.";"überdurch.";"überdurch."
"80212";"Adult";"2";"2";33,3;92,00000000000001;"2";128;13,01;"weiblich";"nein";"nein";"überdurch..";"unterdurch.";"überdurch.";"überdurch."
"80215";"Adult";"1";"2";22,3;106,00000000000001;"2";102,00000000000001;5,739999999999999;"männlich";"nein";"nein";"unterdurch.";"überdurch.";"unterdurch.";"unterdurch."
"80217";"Adult";"2";"2";45,3;97,00000000000001;"2";86;8,85;"weiblich";"nein";"nein";"überdurch..";"unterdurch.";"unterdurch.";"unterdurch."
"80226";"Adult";"1";"1";22;96,00000000000001;"2";81;4,599999999999999;"männlich";"ja";"nein";"unterdurch.";"unterdurch.";"unterdurch.";"unterdurch."
"80227";"Adult";"1";"1";27,9;112,00000000000001;"2";115;18,72;"männlich";"ja";"nein";"unterdurch.";"überdurch.";"überdurch.";"überdurch."
"80231";"Adult";"2";"1";36,9;89;"2";101;5,739999999999999;"weiblich";"ja";"nein";"überdurch..";"unterdurch.";"unterdurch.";"unterdurch."
"80238";"Adult";"1";"1";28,6;107,00000000000001;"2";125;5,239999999999999;"männlich";"ja";"nein";"überdurch..";"überdurch.";"überdurch.";"unterdurch."
"80241";"Adult";"2";"2";36,599999999999994;126,00000000000003;"2";216;21,58;"weiblich";"nein";"nein";"überdurch..";"überdurch.";"überdurch.";"überdurch."
"80250";"Senior";"1";"2";33,1;110;"3";94;8,439999999999998;"männlich";"nein";"Prädiabetes";"überdurch..";"überdurch.";"unterdurch.";"unterdurch."
"80251";"Adult";"2";"2";25,7;100,00000000000001;"2";80;6,469999999999999;"weiblich";"nein";"nein";"unterdurch.";"überdurch.";"unterdurch.";"unterdurch."
"80254";"Adult";"2";"2";25,1;91,00000000000001;"2";117;12,08;"weiblich";"nein";"nein";"unterdurch.";"unterdurch.";"überdurch.";"überdurch."
"80258";"Adult";"1";"2";21,1;97,00000000000001;"2";74;6,789999999999999;"männlich";"nein";"nein";"unterdurch.";"unterdurch.";"unterdurch.";"unterdurch."
"80259";"Adult";"1";"2";25,4;90,00000000000001;"2";103;5,459999999999999;"männlich";"nein";"nein";"unterdurch.";"unterdurch.";"unterdurch.";"unterdurch."
"80260";"Adult";"1";"2";22,3;104,00000000000001;"2";90;8,73;"männlich";"nein";"nein";"unterdurch.";"überdurch.";"unterdurch.";"unterdurch."
"80262";"Senior";"2";"2";26,1;84;"2";77;3,619999999999999;"weiblich";"nein";"nein";"unterdurch.";"unterdurch.";"unterdurch.";"unterdurch."
"80267";"Adult";"1";"1";26,5;94;"2";40;3,74;"männlich";"ja";"nein";"unterdurch.";"unterdurch.";"unterdurch.";"unterdurch."
"80272";"Adult";"2";"2";35,8;95,00000000000001;"2";128;22,99;"weiblich";"nein";"nein";"überdurch..";"unterdurch.";"überdurch.";"überdurch."
"80274";"Senior";"2";"2";21,5;90,00000000000001;"2";114;5,319999999999999;"weiblich";"nein";"nein";"unterdurch.";"unterdurch.";"unterdurch.";"unterdurch."
"80275";"Adult";"1";"2";17,2;80,00000000000001;"2";126;2,6499999999999986;"männlich";"nein";"nein";"unterdurch.";"unterdurch.";"überdurch.";"unterdurch."
"80278";"Adult";"1";"2";33,5;101,00000000000001;"2";64;8,739999999999998;"männlich";"nein";"nein";"überdurch..";"überdurch.";"unterdurch.";"unterdurch."
"80283";"Adult";"2";"2";23,2;66,00000000000001;"2";78;17,06;"weiblich";"nein";"nein";"unterdurch.";"unterdurch.";"unterdurch.";"überdurch."
"80286";"Adult";"1";"1";33;93,00000000000001;"2";82;7,089999999999999;"männlich";"ja";"nein";"überdurch..";"unterdurch.";"unterdurch.";"unterdurch."
"80287";"Adult";"2";"2";29,3;94;"2";79;9,92;"weiblich";"nein";"nein";"überdurch..";"unterdurch.";"unterdurch.";"unterdurch."
"80289";"Adult";"2";"2";30,399999999999995;91,00000000000001;"2";111;9,939999999999998;"weiblich";"nein";"nein";"überdurch..";"unterdurch.";"unterdurch.";"unterdurch."
"80295";"Adult";"2";"1";22,1;86,00000000000001;"3";110;2,799999999999999;"weiblich";"ja";"Prädiabetes";"unterdurch.";"unterdurch.";"unterdurch.";"unterdurch."
"80300";"Adult";"2";"1";38,3;149,00000000000003;"2";247,99999999999997;22,9;"weiblich";"ja";"nein";"überdurch..";"überdurch.";"überdurch.";"überdurch."
"80312";"Adult";"1";"2";27,5;105,00000000000001;"2";83;10,14;"männlich";"nein";"nein";"unterdurch.";"überdurch.";"unterdurch.";"unterdurch."
"80315";"Adult";"2";"2";58,7;108,00000000000001;"2";186;27,86;"weiblich";"nein";"nein";"überdurch..";"überdurch.";"überdurch.";"überdurch."
"80321";"Senior";"1";"2";28,7;129;"2";346;13,72;"männlich";"nein";"nein";"überdurch..";"überdurch.";"überdurch.";"überdurch."
"80323";"Adult";"1";"1";25,8;105,00000000000001;"2";108,99999999999999;14,45;"männlich";"ja";"nein";"unterdurch.";"überdurch.";"unterdurch.";"überdurch."
"80332";"Adult";"1";"1";22,7;103,00000000000001;"2";161;11,73;"männlich";"ja";"nein";"unterdurch.";"überdurch.";"überdurch.";"unterdurch."
"80336";"Adult";"2";"2";25,1;84;"2";85;5,53;"weiblich";"nein";"nein";"unterdurch.";"unterdurch.";"unterdurch.";"unterdurch."
"80337";"Adult";"2";"2";21,8;89;"2";83;9,319999999999999;"weiblich";"nein";"nein";"unterdurch.";"unterdurch.";"unterdurch.";"unterdurch."
"80338";"Adult";"1";"1";24,899999999999995;95,00000000000001;"2";95,00000000000001;6,889999999999999;"männlich";"ja";"nein";"unterdurch.";"unterdurch.";"unterdurch.";"unterdurch."
"80340";"Adult";"1";"1";28,3;89;"2";124;14,1;"männlich";"ja";"nein";"überdurch..";"unterdurch.";"überdurch.";"überdurch."
"80345";"Senior";"2";"2";33,6;102,00000000000001;"2";162;18,21;"weiblich";"nein";"nein";"überdurch..";"überdurch.";"überdurch.";"überdurch."
"80347";"Adult";"2";"2";26,6;84;"2";95,00000000000001;4,619999999999999;"weiblich";"nein";"nein";"unterdurch.";"unterdurch.";"unterdurch.";"unterdurch."
"80349";"Adult";"2";"2";26,6;96,00000000000001;"2";103;11,099999999999998;"weiblich";"nein";"nein";"unterdurch.";"unterdurch.";"unterdurch.";"unterdurch."
"80352";"Adult";"1";"2";24,4;106,00000000000001;"2";104;8,18;"männlich";"nein";"nein";"unterdurch.";"überdurch.";"unterdurch.";"unterdurch."
"80356";"Adult";"1";"2";19,9;98,00000000000001;"2";97;11,32;"männlich";"nein";"nein";"unterdurch.";"unterdurch.";"unterdurch.";"unterdurch."
"80357";"Adult";"2";"2";44,89999999999999;98,00000000000001;"2";117;10,299999999999999;"weiblich";"nein";"nein";"überdurch..";"unterdurch.";"überdurch.";"unterdurch."
"80360";"Adult";"2";"2";27,2;78;"2";98;3,6099999999999994;"weiblich";"nein";"nein";"unterdurch.";"unterdurch.";"unterdurch.";"unterdurch."
"80362";"Adult";"2";"2";28,2;88,00000000000001;"2";100;6,339999999999999;"weiblich";"nein";"nein";"überdurch..";"unterdurch.";"unterdurch.";"unterdurch."
"80364";"Adult";"2";"2";26,3;92,00000000000001;"2";95,00000000000001;3,01;"weiblich";"nein";"nein";"unterdurch.";"unterdurch.";"unterdurch.";"unterdurch."
"80371";"Adult";"2";"1";26;93,00000000000001;"2";111;3,879999999999999;"weiblich";"ja";"nein";"unterdurch.";"unterdurch.";"unterdurch.";"unterdurch."
"80372";"Adult";"1";"2";26,799999999999997;114,00000000000001;"2";88;4,099999999999999;"männlich";"nein";"nein";"unterdurch.";"überdurch.";"unterdurch.";"unterdurch."
"80377";"Adult";"1";"2";58,400000000000006;101,00000000000001;"2";117;36,16;"männlich";"nein";"nein";"überdurch..";"überdurch.";"überdurch.";"überdurch."
"80379";"Senior";"1";"2";26,7;104,00000000000001;"2";90;7,9799999999999995;"männlich";"nein";"nein";"unterdurch.";"überdurch.";"unterdurch.";"unterdurch."
"80380";"Adult";"1";"1";29,799999999999997;95,00000000000001;"2";85;12,259999999999998;"männlich";"ja";"nein";"überdurch..";"unterdurch.";"unterdurch.";"überdurch."
"80384";"Adult";"2";"2";38,8;179;"2";304;10,47;"weiblich";"nein";"nein";"überdurch..";"überdurch.";"überdurch.";"unterdurch."
"80388";"Adult";"2";"2";21,7;101,00000000000001;"2";89;9,29;"weiblich";"nein";"nein";"unterdurch.";"überdurch.";"unterdurch.";"unterdurch."
"80389";"Senior";"1";"2";31,499999999999996;100,00000000000001;"2";142;41,19;"männlich";"nein";"nein";"überdurch..";"überdurch.";"überdurch.";"überdurch."
"80390";"Senior";"2";"2";22,5;100,00000000000001;"2";100;1,8299999999999983;"weiblich";"nein";"nein";"unterdurch.";"überdurch.";"unterdurch.";"unterdurch."
"80391";"Adult";"1";"1";22,9;105,00000000000001;"2";51,00000000000001;7,679999999999999;"männlich";"ja";"nein";"unterdurch.";"überdurch.";"unterdurch.";"unterdurch."
"80393";"Senior";"1";"2";31,1;110;"2";179;18,66;"männlich";"nein";"nein";"überdurch..";"überdurch.";"überdurch.";"überdurch."
"80396";"Adult";"1";"2";29,6;100,00000000000001;"2";56,00000000000001;5,309999999999999;"männlich";"nein";"nein";"überdurch..";"überdurch.";"unterdurch.";"unterdurch."
"80402";"Senior";"1";"1";35,7;116,00000000000001;"2";156;13,22;"männlich";"ja";"nein";"überdurch..";"überdurch.";"überdurch.";"überdurch."
"80408";"Adult";"2";"2";30,3;94;"2";83;7,919999999999999;"weiblich";"nein";"nein";"überdurch..";"unterdurch.";"unterdurch.";"unterdurch."
"80411";"Adult";"1";"1";25,3;90,00000000000001;"2";66;5,009999999999999;"männlich";"ja";"nein";"unterdurch.";"unterdurch.";"unterdurch.";"unterdurch."
"80417";"Adult";"2";"2";25,8;100,00000000000001;"2";75;4,989999999999999;"weiblich";"nein";"nein";"unterdurch.";"überdurch.";"unterdurch.";"unterdurch."
"80421";"Adult";"2";"2";20,7;94;"2";88;12,239999999999998;"weiblich";"nein";"nein";"unterdurch.";"unterdurch.";"unterdurch.";"überdurch."
"80428";"Adult";"1";"2";31,3;118,00000000000001;"2";101;26,73;"männlich";"nein";"nein";"überdurch..";"überdurch.";"unterdurch.";"überdurch."
"80430";"Adult";"1";"1";27,8;101,00000000000001;"2";145;29,54;"männlich";"ja";"nein";"unterdurch.";"überdurch.";"überdurch.";"überdurch."
"80431";"Adult";"2";"2";18,5;90,00000000000001;"2";115,99999999999999;9,24;"weiblich";"nein";"nein";"unterdurch.";"unterdurch.";"überdurch.";"unterdurch."
"80434";"Adult";"2";"2";24,2;133;"2";133;9,04;"weiblich";"nein";"nein";"unterdurch.";"überdurch.";"überdurch.";"unterdurch."
"80436";"Senior";"2";"2";22,1;98,00000000000001;"2";122;4,339999999999999;"weiblich";"nein";"nein";"unterdurch.";"unterdurch.";"überdurch.";"unterdurch."
"80442";"Adult";"2";"2";27,3;90,00000000000001;"2";92;9,24;"weiblich";"nein";"nein";"unterdurch.";"unterdurch.";"unterdurch.";"unterdurch."
"80446";"Adult";"2";"2";21,9;86,00000000000001;"2";63,00000000000001;2,709999999999999;"weiblich";"nein";"nein";"unterdurch.";"unterdurch.";"unterdurch.";"unterdurch."
"80458";"Adult";"2";"2";26,4;91,00000000000001;"2";122,99999999999999;18,15;"weiblich";"nein";"nein";"unterdurch.";"unterdurch.";"überdurch.";"überdurch."
"80459";"Adult";"2";"2";21,5;96,00000000000001;"2";83;15,98;"weiblich";"nein";"nein";"unterdurch.";"unterdurch.";"unterdurch.";"überdurch."
"80469";"Senior";"2";"2";28,7;94;"2";98,99999999999999;3,509999999999998;"weiblich";"nein";"nein";"überdurch..";"unterdurch.";"unterdurch.";"unterdurch."
"80479";"Adult";"1";"2";26,6;134;"3";312;8,84;"männlich";"nein";"Prädiabetes";"unterdurch.";"überdurch.";"überdurch.";"unterdurch."
"80482";"Adult";"2";"1";25;99,00000000000001;"2";98;10,68;"weiblich";"ja";"nein";"unterdurch.";"unterdurch.";"unterdurch.";"unterdurch."
"80484";"Adult";"1";"2";21,2;95,00000000000001;"2";89;4,929999999999999;"männlich";"nein";"nein";"unterdurch.";"unterdurch.";"unterdurch.";"unterdurch."
"80486";"Senior";"2";"2";23,6;81,00000000000001;"2";79;3,1799999999999997;"weiblich";"nein";"nein";"unterdurch.";"unterdurch.";"unterdurch.";"unterdurch."
"80489";"Adult";"2";"1";22,1;93,00000000000001;"2";111;12,13;"weiblich";"ja";"nein";"unterdurch.";"unterdurch.";"unterdurch.";"überdurch."
"80497";"Adult";"2";"2";29,9;100,00000000000001;"2";146;10,929999999999998;"weiblich";"nein";"nein";"überdurch..";"überdurch.";"überdurch.";"unterdurch."
"80501";"Adult";"1";"2";22,3;95,00000000000001;"2";105;7,919999999999999;"männlich";"nein";"nein";"unterdurch.";"unterdurch.";"unterdurch.";"unterdurch."
"80505";"Adult";"1";"2";26;96,00000000000001;"2";83;5,039999999999999;"männlich";"nein";"nein";"unterdurch.";"unterdurch.";"unterdurch.";"unterdurch."
"80506";"Adult";"1";"1";28,3;97,00000000000001;"2";102,00000000000001;6,62;"männlich";"ja";"nein";"überdurch..";"unterdurch.";"unterdurch.";"unterdurch."
"80513";"Adult";"2";"2";23,9;92,00000000000001;"2";66;8,479999999999999;"weiblich";"nein";"nein";"unterdurch.";"unterdurch.";"unterdurch.";"unterdurch."
"80519";"Adult";"2";"2";31,7;99,00000000000001;"2";162;29,019999999999996;"weiblich";"nein";"nein";"überdurch..";"unterdurch.";"überdurch.";"überdurch."
"80521";"Adult";"1";"2";20,6;101,00000000000001;"2";86;5,02;"männlich";"nein";"nein";"unterdurch.";"überdurch.";"unterdurch.";"unterdurch."
"80523";"Adult";"1";"1";24,3;96,00000000000001;"2";72;9,55;"männlich";"ja";"nein";"unterdurch.";"unterdurch.";"unterdurch.";"unterdurch."
"80525";"Adult";"2";"2";60,9;118,00000000000001;"3";160;37,68;"weiblich";"nein";"Prädiabetes";"überdurch..";"überdurch.";"überdurch.";"überdurch."
"80526";"Adult";"2";"1";20,2;105,00000000000001;"2";90;20,32;"weiblich";"ja";"nein";"unterdurch.";"überdurch.";"unterdurch.";"überdurch."
"80530";"Adult";"1";"2";23,5;94;"2";110;13,86;"männlich";"nein";"nein";"unterdurch.";"unterdurch.";"unterdurch.";"überdurch."
"80531";"Adult";"2";"1";25,2;93,00000000000001;"2";132;6,059999999999999;"weiblich";"ja";"nein";"unterdurch.";"unterdurch.";"überdurch.";"unterdurch."
"80535";"Adult";"2";"2";27,3;69,00000000000001;"2";103;3,129999999999999;"weiblich";"nein";"nein";"unterdurch.";"unterdurch.";"unterdurch.";"unterdurch."
"80539";"Adult";"1";"2";31,399999999999995;368;"3";502,99999999999994;13,069999999999999;"männlich";"nein";"Prädiabetes";"überdurch..";"überdurch.";"überdurch.";"überdurch."
"80542";"Adult";"2";"2";30,399999999999995;86,00000000000001;"2";77;12,29;"weiblich";"nein";"nein";"überdurch..";"unterdurch.";"unterdurch.";"überdurch."
"80548";"Senior";"1";"2";28,7;100,00000000000001;"2";95,00000000000001;12,429999999999998;"männlich";"nein";"nein";"überdurch..";"überdurch.";"unterdurch.";"überdurch."
"80559";"Adult";"1";"1";23,699999999999996;98,00000000000001;"2";103;6,569999999999999;"männlich";"ja";"nein";"unterdurch.";"unterdurch.";"unterdurch.";"unterdurch."
"80561";"Adult";"1";"2";26,3;100,00000000000001;"2";59;3,8099999999999987;"männlich";"nein";"nein";"unterdurch.";"überdurch.";"unterdurch.";"unterdurch."
"80563";"Adult";"2";"2";17;88,00000000000001;"2";97;7,759999999999999;"weiblich";"nein";"nein";"unterdurch.";"unterdurch.";"unterdurch.";"unterdurch."
"80570";"Senior";"2";"2";21,299999999999997;80,00000000000001;"2";74;4,469999999999999;"weiblich";"nein";"nein";"unterdurch.";"unterdurch.";"unterdurch.";"unterdurch."
"80573";"Adult";"2";"1";23,9;103,00000000000001;"2";96;5,92;"weiblich";"ja";"nein";"unterdurch.";"überdurch.";"unterdurch.";"unterdurch."
"80575";"Adult";"2";"1";25,1;98,00000000000001;"2";79;11,449999999999998;"weiblich";"ja";"nein";"unterdurch.";"unterdurch.";"unterdurch.";"unterdurch."
"80583";"Adult";"2";"1";39,6;101,00000000000001;"2";182;40,87;"weiblich";"ja";"nein";"überdurch..";"überdurch.";"überdurch.";"überdurch."
"80587";"Adult";"1";"2";26,3;88,00000000000001;"2";115;5,459999999999999;"männlich";"nein";"nein";"unterdurch.";"unterdurch.";"überdurch.";"unterdurch."
"80588";"Adult";"2";"2";21,9;99,00000000000001;"2";138;9,129999999999999;"weiblich";"nein";"nein";"unterdurch.";"unterdurch.";"überdurch.";"unterdurch."
"80590";"Adult";"2";"1";31,7;99,00000000000001;"2";105;8,619999999999997;"weiblich";"ja";"nein";"überdurch..";"unterdurch.";"unterdurch.";"unterdurch."
"80592";"Adult";"1";"2";30,799999999999997;101,00000000000001;"2";112;12,969999999999999;"männlich";"nein";"nein";"überdurch..";"überdurch.";"unterdurch.";"überdurch."
"80593";"Adult";"1";"2";22,5;96,00000000000001;"2";105,99999999999999;3,7799999999999994;"männlich";"nein";"nein";"unterdurch.";"unterdurch.";"unterdurch.";"unterdurch."
"80605";"Adult";"1";"2";31,1;99,00000000000001;"2";97;30,96;"männlich";"nein";"nein";"überdurch..";"unterdurch.";"unterdurch.";"überdurch."
"80619";"Adult";"1";"2";35;91,00000000000001;"2";142;11,599999999999998;"männlich";"nein";"nein";"überdurch..";"unterdurch.";"überdurch.";"unterdurch."
"80626";"Adult";"1";"2";21,7;103,00000000000001;"2";119;9,309999999999999;"männlich";"nein";"nein";"unterdurch.";"überdurch.";"überdurch.";"unterdurch."
"80627";"Adult";"1";"1";21,9;97,00000000000001;"2";122;7,279999999999999;"männlich";"ja";"nein";"unterdurch.";"unterdurch.";"überdurch.";"unterdurch."
"80629";"Adult";"1";"2";18,4;95,00000000000001;"2";104;9,22;"männlich";"nein";"nein";"unterdurch.";"unterdurch.";"unterdurch.";"unterdurch."
"80633";"Adult";"2";"2";27;94;"2";88;7,919999999999999;"weiblich";"nein";"nein";"unterdurch.";"unterdurch.";"unterdurch.";"unterdurch."
"80636";"Adult";"2";"2";41;106,00000000000001;"2";132;21,05;"weiblich";"nein";"nein";"überdurch..";"überdurch.";"überdurch.";"überdurch."
"80639";"Adult";"1";"2";23,5;110;"2";121;10,289999999999997;"männlich";"nein";"nein";"unterdurch.";"überdurch.";"überdurch.";"unterdurch."
"80641";"Senior";"1";"2";25,5;109,00000000000001;"2";70;12,499999999999998;"männlich";"nein";"nein";"unterdurch.";"überdurch.";"unterdurch.";"überdurch."
"80642";"Adult";"2";"2";20,3;89;"2";100;10,88;"weiblich";"nein";"nein";"unterdurch.";"unterdurch.";"unterdurch.";"unterdurch."
"80645";"Adult";"2";"2";30,499999999999996;93,00000000000001;"2";81;16,43;"weiblich";"nein";"nein";"überdurch..";"unterdurch.";"unterdurch.";"überdurch."
"80646";"Adult";"1";"2";29,3;96,00000000000001;"2";82;10,92;"männlich";"nein";"nein";"überdurch..";"unterdurch.";"unterdurch.";"unterdurch."
"80648";"Adult";"1";"2";23;97,00000000000001;"2";96;4,509999999999998;"männlich";"nein";"nein";"unterdurch.";"unterdurch.";"unterdurch.";"unterdurch."
"80649";"Adult";"1";"1";22,9;101,00000000000001;"2";122;4,759999999999999;"männlich";"ja";"nein";"unterdurch.";"überdurch.";"überdurch.";"unterdurch."
"80650";"Adult";"1";"2";27,1;97,00000000000001;"2";103;9,55;"männlich";"nein";"nein";"unterdurch.";"unterdurch.";"unterdurch.";"unterdurch."
"80652";"Adult";"1";"2";22,6;98,00000000000001;"3";82;11,09;"männlich";"nein";"Prädiabetes";"unterdurch.";"unterdurch.";"unterdurch.";"unterdurch."
"80669";"Adult";"1";"2";32,2;99,00000000000001;"2";157;13,259999999999998;"männlich";"nein";"nein";"überdurch..";"unterdurch.";"überdurch.";"überdurch."
"80676";"Senior";"2";"2";28,9;104,00000000000001;"2";122,99999999999999;9,14;"weiblich";"nein";"nein";"überdurch..";"überdurch.";"überdurch.";"unterdurch."
"80677";"Adult";"1";"2";36,1;98,00000000000001;"2";119,99999999999999;69,16;"männlich";"nein";"nein";"überdurch..";"unterdurch.";"überdurch.";"überdurch."
"80682";"Senior";"2";"2";21,4;112,00000000000001;"3";189;3,9399999999999995;"weiblich";"nein";"Prädiabetes";"unterdurch.";"überdurch.";"überdurch.";"unterdurch."
"80684";"Adult";"1";"2";27,7;111,00000000000001;"2";114;13,569999999999999;"männlich";"nein";"nein";"unterdurch.";"überdurch.";"unterdurch.";"überdurch."
"80688";"Adult";"2";"2";28,6;87,00000000000001;"2";88;6,089999999999999;"weiblich";"nein";"nein";"überdurch..";"unterdurch.";"unterdurch.";"unterdurch."
"80693";"Adult";"1";"1";21,8;93,00000000000001;"2";69;3,5599999999999987;"männlich";"ja";"nein";"unterdurch.";"unterdurch.";"unterdurch.";"unterdurch."
"80696";"Adult";"2";"2";22,6;91,00000000000001;"2";110;17,13;"weiblich";"nein";"nein";"unterdurch.";"unterdurch.";"unterdurch.";"überdurch."
"80699";"Senior";"1";"2";27,399999999999995;88,00000000000001;"2";107;3,7200000000000006;"männlich";"nein";"nein";"unterdurch.";"unterdurch.";"unterdurch.";"unterdurch."
"80701";"Adult";"2";"2";22,6;92,00000000000001;"2";93;9,41;"weiblich";"nein";"nein";"unterdurch.";"unterdurch.";"unterdurch.";"unterdurch."
"80703";"Adult";"2";"1";27,999999999999996;105,00000000000001;"2";126,99999999999999;19,879999999999995;"weiblich";"ja";"nein";"überdurch..";"überdurch.";"überdurch.";"überdurch."
"80704";"Adult";"1";"1";18;104,00000000000001;"2";104;14,819999999999999;"männlich";"ja";"nein";"unterdurch.";"überdurch.";"unterdurch.";"überdurch."
"80705";"Adult";"1";"2";29,799999999999997;120;"2";183;8,059999999999999;"männlich";"nein";"nein";"überdurch..";"überdurch.";"überdurch.";"unterdurch."
"80708";"Senior";"2";"2";29,799999999999997;111,00000000000001;"2";141;11,429999999999998;"weiblich";"nein";"nein";"überdurch..";"überdurch.";"überdurch.";"unterdurch."
"80711";"Adult";"1";"2";20,5;114,00000000000001;"2";142;10,42;"männlich";"nein";"nein";"unterdurch.";"überdurch.";"überdurch.";"unterdurch."
"80714";"Adult";"1";"2";23,2;92,00000000000001;"2";134;4,359999999999999;"männlich";"nein";"nein";"unterdurch.";"unterdurch.";"überdurch.";"unterdurch."
"80717";"Senior";"1";"2";27;109,00000000000001;"2";152;3,3499999999999996;"männlich";"nein";"nein";"unterdurch.";"überdurch.";"überdurch.";"unterdurch."
"80723";"Senior";"1";"2";21,1;97,00000000000001;"2";112;6,409999999999999;"männlich";"nein";"nein";"unterdurch.";"unterdurch.";"unterdurch.";"unterdurch."
"80729";"Adult";"1";"2";30,700000000000003;103,00000000000001;"2";81;22,46;"männlich";"nein";"nein";"überdurch..";"überdurch.";"unterdurch.";"überdurch."
"80735";"Adult";"1";"2";32,5;91,00000000000001;"2";124;36,56;"männlich";"nein";"nein";"überdurch..";"unterdurch.";"überdurch.";"überdurch."
"80739";"Adult";"2";"2";33,6;102,00000000000001;"2";105;13,139999999999999;"weiblich";"nein";"nein";"überdurch..";"überdurch.";"unterdurch.";"überdurch."
"80743";"Senior";"1";"2";23,9;99,00000000000001;"2";183;3,66;"männlich";"nein";"nein";"unterdurch.";"unterdurch.";"überdurch.";"unterdurch."
"80750";"Senior";"2";"2";22,4;93,00000000000001;"2";168;6,989999999999999;"weiblich";"nein";"nein";"unterdurch.";"unterdurch.";"überdurch.";"unterdurch."
"80753";"Adult";"1";"2";23,2;101,00000000000001;"2";94;11,169999999999998;"männlich";"nein";"nein";"unterdurch.";"überdurch.";"unterdurch.";"unterdurch."
"80757";"Adult";"2";"2";27,7;99,00000000000001;"2";133;5,759999999999999;"weiblich";"nein";"nein";"unterdurch.";"unterdurch.";"überdurch.";"unterdurch."
"80761";"Adult";"1";"1";26,9;86,00000000000001;"2";68;5,259999999999999;"männlich";"ja";"nein";"unterdurch.";"unterdurch.";"unterdurch.";"unterdurch."
"80769";"Adult";"1";"1";24;99,00000000000001;"2";79;4,8199999999999985;"männlich";"ja";"nein";"unterdurch.";"unterdurch.";"unterdurch.";"unterdurch."
"80772";"Adult";"1";"2";22,4;116,00000000000001;"3";110;11,999999999999998;"männlich";"nein";"Prädiabetes";"unterdurch.";"überdurch.";"unterdurch.";"überdurch."
"80774";"Senior";"2";"2";22,8;93,00000000000001;"2";139;4,119999999999998;"weiblich";"nein";"nein";"unterdurch.";"unterdurch.";"überdurch.";"unterdurch."
"80781";"Adult";"2";"2";24,5;94;"2";78;4,26;"weiblich";"nein";"nein";"unterdurch.";"unterdurch.";"unterdurch.";"unterdurch."
"80783";"Adult";"2";"2";31,1;91,00000000000001;"2";103;18,56;"weiblich";"nein";"nein";"überdurch..";"unterdurch.";"unterdurch.";"überdurch."
"80792";"Senior";"2";"2";37,4;93,00000000000001;"2";108;8,61;"weiblich";"nein";"nein";"überdurch..";"unterdurch.";"unterdurch.";"unterdurch."
"80793";"Adult";"1";"2";26,9;93,00000000000001;"2";64;7,279999999999999;"männlich";"nein";"nein";"unterdurch.";"unterdurch.";"unterdurch.";"unterdurch."
"80794";"Adult";"1";"1";28,8;106,00000000000001;"2";114;10,199999999999998;"männlich";"ja";"nein";"überdurch..";"überdurch.";"unterdurch.";"unterdurch."
"80795";"Adult";"2";"2";19,300000000000004;92,00000000000001;"2";55;3,9799999999999995;"weiblich";"nein";"nein";"unterdurch.";"unterdurch.";"unterdurch.";"unterdurch."
"80800";"Senior";"1";"1";23,799999999999997;101,00000000000001;"2";87;9,349999999999998;"männlich";"ja";"nein";"unterdurch.";"überdurch.";"unterdurch.";"unterdurch."
"80810";"Adult";"1";"2";27,8;101,00000000000001;"2";84;9,49;"männlich";"nein";"nein";"unterdurch.";"überdurch.";"unterdurch.";"unterdurch."
"80812";"Adult";"1";"2";25,4;100,00000000000001;"2";70;9,5;"männlich";"nein";"nein";"unterdurch.";"überdurch.";"unterdurch.";"unterdurch."
"80815";"Adult";"2";"2";36,1;106,00000000000001;"2";121;10,439999999999998;"weiblich";"nein";"nein";"überdurch..";"überdurch.";"überdurch.";"unterdurch."
"80816";"Adult";"2";"2";26;99,00000000000001;"2";77;5,65;"weiblich";"nein";"nein";"unterdurch.";"unterdurch.";"unterdurch.";"unterdurch."
"80842";"Adult";"2";"2";38,6;89;"2";108,99999999999999;15,5;"weiblich";"nein";"nein";"überdurch..";"unterdurch.";"unterdurch.";"überdurch."
"80846";"Senior";"2";"2";29,2;110;"2";172;4,999999999999999;"weiblich";"nein";"nein";"überdurch..";"überdurch.";"überdurch.";"unterdurch."
"80847";"Adult";"1";"2";31,1;98,00000000000001;"2";160;17,19;"männlich";"nein";"nein";"überdurch..";"unterdurch.";"überdurch.";"überdurch."
"80853";"Adult";"1";"2";25,1;96,00000000000001;"2";84;11,449999999999998;"männlich";"nein";"nein";"unterdurch.";"unterdurch.";"unterdurch.";"unterdurch."
"80854";"Adult";"2";"2";23,4;85,00000000000001;"2";143;6,609999999999999;"weiblich";"nein";"nein";"unterdurch.";"unterdurch.";"überdurch.";"unterdurch."
"80857";"Adult";"1";"2";23;88,00000000000001;"2";77;5,6;"männlich";"nein";"nein";"unterdurch.";"unterdurch.";"unterdurch.";"unterdurch."
"80858";"Senior";"1";"2";22,7;85,00000000000001;"2";98,99999999999999;3,5;"männlich";"nein";"nein";"unterdurch.";"unterdurch.";"unterdurch.";"unterdurch."
"80859";"Senior";"2";"2";25,4;98,00000000000001;"2";112,99999999999999;6,4399999999999995;"weiblich";"nein";"nein";"unterdurch.";"unterdurch.";"unterdurch.";"unterdurch."
"80864";"Adult";"1";"2";22,6;127,00000000000001;"2";164;20,53;"männlich";"nein";"nein";"unterdurch.";"überdurch.";"überdurch.";"überdurch."
"80869";"Adult";"1";"2";22,9;90,00000000000001;"2";88;7,929999999999999;"männlich";"nein";"nein";"unterdurch.";"unterdurch.";"unterdurch.";"unterdurch."
"80873";"Adult";"2";"2";24,7;102,00000000000001;"2";132;13,439999999999998;"weiblich";"nein";"nein";"unterdurch.";"überdurch.";"überdurch.";"überdurch."
"80879";"Adult";"2";"2";36,5;101,00000000000001;"2";112,99999999999999;18,94;"weiblich";"nein";"nein";"überdurch..";"überdurch.";"unterdurch.";"überdurch."
"80880";"Adult";"1";"2";54,2;188;"3";280;51,94;"männlich";"nein";"Prädiabetes";"überdurch..";"überdurch.";"überdurch.";"überdurch."
"80881";"Adult";"2";"2";37,3;110;"2";168;22,31;"weiblich";"nein";"nein";"überdurch..";"überdurch.";"überdurch.";"überdurch."
"80899";"Adult";"2";"2";29,6;99,00000000000001;"2";121;8,18;"weiblich";"nein";"nein";"überdurch..";"unterdurch.";"überdurch.";"unterdurch."
"80903";"Adult";"2";"2";35,6;81,00000000000001;"2";74;8,689999999999998;"weiblich";"nein";"nein";"überdurch..";"unterdurch.";"unterdurch.";"unterdurch."
"80905";"Adult";"2";"2";18,5;97,00000000000001;"2";93;7,1499999999999995;"weiblich";"nein";"nein";"unterdurch.";"unterdurch.";"unterdurch.";"unterdurch."
"80909";"Adult";"2";"2";22,8;96,00000000000001;"2";119,99999999999999;9,66;"weiblich";"nein";"nein";"unterdurch.";"unterdurch.";"überdurch.";"unterdurch."
"80911";"Adult";"1";"2";23,9;94;"2";114;7,629999999999999;"männlich";"nein";"nein";"unterdurch.";"unterdurch.";"unterdurch.";"unterdurch."
"80915";"Senior";"2";"2";26,7;120;"2";221;13,439999999999998;"weiblich";"nein";"nein";"unterdurch.";"überdurch.";"überdurch.";"überdurch."
"80934";"Senior";"1";"1";28,099999999999998;112,00000000000001;"3";110;14,939999999999998;"männlich";"ja";"Prädiabetes";"überdurch..";"überdurch.";"unterdurch.";"überdurch."
"80947";"Adult";"1";"2";19,5;91,00000000000001;"2";115;7,069999999999999;"männlich";"nein";"nein";"unterdurch.";"unterdurch.";"überdurch.";"unterdurch."
"80953";"Adult";"1";"2";21,9;97,00000000000001;"2";95,00000000000001;14,129999999999999;"männlich";"nein";"nein";"unterdurch.";"unterdurch.";"unterdurch.";"überdurch."
"80954";"Adult";"2";"2";29,4;84;"2";75;5,78;"weiblich";"nein";"nein";"überdurch..";"unterdurch.";"unterdurch.";"unterdurch."
"80956";"Adult";"2";"2";19,7;91,00000000000001;"2";158;4,049999999999999;"weiblich";"nein";"nein";"unterdurch.";"unterdurch.";"überdurch.";"unterdurch."
"80957";"Adult";"1";"2";15,699999999999998;89;"2";83;3,769999999999998;"männlich";"nein";"nein";"unterdurch.";"unterdurch.";"unterdurch.";"unterdurch."
"80960";"Senior";"1";"2";33,2;124,00000000000001;"3";304;31,779999999999994;"männlich";"nein";"Prädiabetes";"überdurch..";"überdurch.";"überdurch.";"überdurch."
"80961";"Adult";"2";"1";22,7;77,00000000000001;"2";121;2,8900000000000006;"weiblich";"ja";"nein";"unterdurch.";"unterdurch.";"überdurch.";"unterdurch."
"80962";"Senior";"2";"2";30,700000000000003;102,00000000000001;"2";101;7,239999999999999;"weiblich";"nein";"nein";"überdurch..";"überdurch.";"unterdurch.";"unterdurch."
"80964";"Adult";"2";"2";21,8;81,00000000000001;"2";126;2,619999999999999;"weiblich";"nein";"nein";"unterdurch.";"unterdurch.";"überdurch.";"unterdurch."
"80968";"Adult";"1";"2";20,9;75,00000000000001;"2";73;3,4499999999999993;"männlich";"nein";"nein";"unterdurch.";"unterdurch.";"unterdurch.";"unterdurch."
"80975";"Adult";"2";"1";43,2;85,00000000000001;"2";83;31,08;"weiblich";"ja";"nein";"überdurch..";"unterdurch.";"unterdurch.";"überdurch."
"80976";"Adult";"1";"2";24,2;82,00000000000001;"2";75;4,46;"männlich";"nein";"nein";"unterdurch.";"unterdurch.";"unterdurch.";"unterdurch."
"80979";"Adult";"1";"2";30,2;99,00000000000001;"2";94;4,26;"männlich";"nein";"nein";"überdurch..";"unterdurch.";"unterdurch.";"unterdurch."
"80997";"Adult";"1";"1";23,699999999999996;102,00000000000001;"2";103;7,969999999999999;"männlich";"ja";"nein";"unterdurch.";"überdurch.";"unterdurch.";"unterdurch."
"80999";"Adult";"1";"1";22,2;85,00000000000001;"2";105,99999999999999;11,809999999999999;"männlich";"ja";"nein";"unterdurch.";"unterdurch.";"unterdurch.";"unterdurch."
"81000";"Adult";"1";"2";23,5;89;"2";82;6,519999999999999;"männlich";"nein";"nein";"unterdurch.";"unterdurch.";"unterdurch.";"unterdurch."
"81004";"Adult";"1";"1";27;96,00000000000001;"2";92;2,719999999999999;"männlich";"ja";"nein";"unterdurch.";"unterdurch.";"unterdurch.";"unterdurch."
"81010";"Adult";"1";"2";26,199999999999996;93,00000000000001;"2";132;4,7;"männlich";"nein";"nein";"unterdurch.";"unterdurch.";"überdurch.";"unterdurch."
"81013";"Adult";"1";"2";31,9;90,00000000000001;"2";126,99999999999999;6,129999999999999;"männlich";"nein";"nein";"überdurch..";"unterdurch.";"überdurch.";"unterdurch."
"81015";"Adult";"2";"2";22,1;87,00000000000001;"2";97;10,859999999999998;"weiblich";"nein";"nein";"unterdurch.";"unterdurch.";"unterdurch.";"unterdurch."
"81020";"Adult";"1";"2";30,799999999999997;220;"2";395;11,929999999999998;"männlich";"nein";"nein";"überdurch..";"überdurch.";"überdurch.";"überdurch."
"81030";"Adult";"1";"2";26,6;108,00000000000001;"2";179;6,469999999999999;"männlich";"nein";"nein";"unterdurch.";"überdurch.";"überdurch.";"unterdurch."
"81032";"Senior";"1";"2";22,2;102,00000000000001;"2";158;4,169999999999999;"männlich";"nein";"nein";"unterdurch.";"überdurch.";"überdurch.";"unterdurch."
"81037";"Adult";"1";"2";26,7;118,00000000000001;"2";190;7,39;"männlich";"nein";"nein";"unterdurch.";"überdurch.";"überdurch.";"unterdurch."
"81038";"Adult";"1";"2";24,899999999999995;97,00000000000001;"2";139;4,39;"männlich";"nein";"nein";"unterdurch.";"unterdurch.";"überdurch.";"unterdurch."
"81040";"Adult";"2";"2";34,5;99,00000000000001;"2";178;14,48;"weiblich";"nein";"nein";"überdurch..";"unterdurch.";"überdurch.";"überdurch."
"81048";"Adult";"2";"1";24,6;92,00000000000001;"2";96;5,639999999999999;"weiblich";"ja";"nein";"unterdurch.";"unterdurch.";"unterdurch.";"unterdurch."
"81049";"Adult";"2";"2";18,5;95,00000000000001;"2";98;7,789999999999999;"weiblich";"nein";"nein";"unterdurch.";"unterdurch.";"unterdurch.";"unterdurch."
"81055";"Adult";"2";"2";32,2;94;"2";126;18,14;"weiblich";"nein";"nein";"überdurch..";"unterdurch.";"überdurch.";"überdurch."
"81056";"Adult";"2";"2";27,9;104,00000000000001;"2";73;12,549999999999999;"weiblich";"nein";"nein";"unterdurch.";"überdurch.";"unterdurch.";"überdurch."
"81060";"Adult";"2";"2";22,5;96,00000000000001;"2";107;7,619999999999999;"weiblich";"nein";"nein";"unterdurch.";"unterdurch.";"unterdurch.";"unterdurch."
"81069";"Adult";"2";"1";49,89999999999999;102,00000000000001;"2";95,00000000000001;19,459999999999997;"weiblich";"ja";"nein";"überdurch..";"überdurch.";"unterdurch.";"überdurch."
"81070";"Adult";"1";"2";28,2;107,00000000000001;"2";72;12,019999999999998;"männlich";"nein";"nein";"überdurch..";"überdurch.";"unterdurch.";"überdurch."
"81072";"Adult";"1";"2";21,5;99,00000000000001;"2";96;8,89;"männlich";"nein";"nein";"unterdurch.";"unterdurch.";"unterdurch.";"unterdurch."
"81076";"Adult";"2";"2";20,6;93,00000000000001;"2";87;6,719999999999999;"weiblich";"nein";"nein";"unterdurch.";"unterdurch.";"unterdurch.";"unterdurch."
"81080";"Adult";"2";"2";18,299999999999997;96,00000000000001;"2";91;13,279999999999998;"weiblich";"nein";"nein";"unterdurch.";"unterdurch.";"unterdurch.";"überdurch."
"81082";"Adult";"2";"1";29,799999999999997;92,00000000000001;"2";107;7,909999999999998;"weiblich";"ja";"nein";"überdurch..";"unterdurch.";"unterdurch.";"unterdurch."
"81087";"Adult";"2";"2";22;85,00000000000001;"2";45;2,7799999999999994;"weiblich";"nein";"nein";"unterdurch.";"unterdurch.";"unterdurch.";"unterdurch."
"81090";"Adult";"1";"1";24;93,00000000000001;"2";117;6,449999999999999;"männlich";"ja";"nein";"unterdurch.";"unterdurch.";"überdurch.";"unterdurch."
"81093";"Adult";"2";"2";51,9;85,00000000000001;"2";86;8,59;"weiblich";"nein";"nein";"überdurch..";"unterdurch.";"unterdurch.";"unterdurch."
"81095";"Adult";"1";"2";41,7;96,00000000000001;"2";158;40,81;"männlich";"nein";"nein";"überdurch..";"unterdurch.";"überdurch.";"überdurch."
"81099";"Adult";"2";"1";33,2;92,00000000000001;"2";74;12,56;"weiblich";"ja";"nein";"überdurch..";"unterdurch.";"unterdurch.";"überdurch."
"81100";"Senior";"2";"2";26,4;105,00000000000001;"1";145;4,219999999999999;"weiblich";"nein";"ja";"unterdurch.";"überdurch.";"überdurch.";"unterdurch."
"81101";"Adult";"2";"2";30,700000000000003;100,00000000000001;"2";161;19,12;"weiblich";"nein";"nein";"überdurch..";"überdurch.";"überdurch.";"überdurch."
"81104";"Senior";"2";"2";16,800000000000004;93,00000000000001;"2";121;2,4499999999999993;"weiblich";"nein";"nein";"unterdurch.";"unterdurch.";"überdurch.";"unterdurch."
"81108";"Adult";"2";"2";22,7;93,00000000000001;"2";87;10,38;"weiblich";"nein";"nein";"unterdurch.";"unterdurch.";"unterdurch.";"unterdurch."
"81110";"Adult";"2";"2";23,699999999999996;94;"2";78;9,22;"weiblich";"nein";"nein";"unterdurch.";"unterdurch.";"unterdurch.";"unterdurch."
"81115";"Adult";"1";"2";27,5;107,00000000000001;"2";111;6,1499999999999995;"männlich";"nein";"nein";"unterdurch.";"überdurch.";"unterdurch.";"unterdurch."
"81119";"Adult";"2";"2";38,5;103,00000000000001;"2";124;24,47;"weiblich";"nein";"nein";"überdurch..";"überdurch.";"überdurch.";"überdurch."
"81124";"Adult";"2";"2";25,3;89;"2";98,99999999999999;14,579999999999998;"weiblich";"nein";"nein";"unterdurch.";"unterdurch.";"unterdurch.";"überdurch."
"81131";"Adult";"1";"2";29,6;97,00000000000001;"2";156;33,64;"männlich";"nein";"nein";"überdurch..";"unterdurch.";"überdurch.";"überdurch."
"81138";"Adult";"2";"2";19,300000000000004;87,00000000000001;"2";91;2,7399999999999984;"weiblich";"nein";"nein";"unterdurch.";"unterdurch.";"unterdurch.";"unterdurch."
"81144";"Adult";"1";"2";32,3;111,00000000000001;"2";118;11,669999999999998;"männlich";"nein";"nein";"überdurch..";"überdurch.";"überdurch.";"unterdurch."
"81149";"Adult";"1";"2";26,199999999999996;95,00000000000001;"2";121;4,359999999999999;"männlich";"nein";"nein";"unterdurch.";"unterdurch.";"überdurch.";"unterdurch."
"81151";"Adult";"1";"2";24,899999999999995;102,00000000000001;"2";93;8,119999999999997;"männlich";"nein";"nein";"unterdurch.";"überdurch.";"unterdurch.";"unterdurch."
"81155";"Adult";"2";"2";30,2;101,00000000000001;"2";135;17,239999999999995;"weiblich";"nein";"nein";"überdurch..";"überdurch.";"überdurch.";"überdurch."
"81162";"Senior";"2";"2";21,8;102,00000000000001;"2";128;5,239999999999999;"weiblich";"nein";"nein";"unterdurch.";"überdurch.";"überdurch.";"unterdurch."
"81168";"Adult";"2";"2";19;97,00000000000001;"2";128;1,3000000000000007;"weiblich";"nein";"nein";"unterdurch.";"unterdurch.";"überdurch.";"unterdurch."
"81169";"Adult";"1";"2";33,5;96,00000000000001;"2";115;10,76;"männlich";"nein";"nein";"überdurch..";"unterdurch.";"überdurch.";"unterdurch."
"81170";"Adult";"2";"2";40,4;98,00000000000001;"2";86;14,72;"weiblich";"nein";"nein";"überdurch..";"unterdurch.";"unterdurch.";"überdurch."
"81171";"Adult";"2";"2";26,4;114,00000000000001;"2";189;21,79;"weiblich";"nein";"nein";"unterdurch.";"überdurch.";"überdurch.";"überdurch."
"81173";"Adult";"2";"2";44,89999999999999;105,00000000000001;"2";111;12,32;"weiblich";"nein";"nein";"überdurch..";"überdurch.";"unterdurch.";"überdurch."
"81177";"Adult";"2";"2";41,3;99,00000000000001;"2";144;18,5;"weiblich";"nein";"nein";"überdurch..";"unterdurch.";"überdurch.";"überdurch."
"81182";"Adult";"2";"2";18,700000000000003;94;"2";102,00000000000001;13,34;"weiblich";"nein";"nein";"unterdurch.";"unterdurch.";"unterdurch.";"überdurch."
"81188";"Adult";"2";"2";22,9;99,00000000000001;"2";119;22,83;"weiblich";"nein";"nein";"unterdurch.";"unterdurch.";"überdurch.";"überdurch."
"81190";"Adult";"2";"2";21,9;86,00000000000001;"2";88;5,409999999999999;"weiblich";"nein";"nein";"unterdurch.";"unterdurch.";"unterdurch.";"unterdurch."
"81196";"Adult";"2";"2";19,9;94;"2";132;3,9899999999999984;"weiblich";"nein";"nein";"unterdurch.";"unterdurch.";"überdurch.";"unterdurch."
"81207";"Adult";"1";"2";23,4;76,00000000000001;"2";51,00000000000001;2,8099999999999987;"männlich";"nein";"nein";"unterdurch.";"unterdurch.";"unterdurch.";"unterdurch."
"81212";"Adult";"2";"1";27;79;"2";54,00000000000001;3,6500000000000004;"weiblich";"ja";"nein";"unterdurch.";"unterdurch.";"unterdurch.";"unterdurch."
"81214";"Adult";"1";"1";23,5;131,00000000000003;"2";147;7,429999999999999;"männlich";"ja";"nein";"unterdurch.";"überdurch.";"überdurch.";"unterdurch."
"81218";"Adult";"1";"2";27,399999999999995;79;"2";52;5,319999999999999;"männlich";"nein";"nein";"unterdurch.";"unterdurch.";"unterdurch.";"unterdurch."
"81219";"Adult";"1";"1";30,700000000000003;100,00000000000001;"2";142;17;"männlich";"ja";"nein";"überdurch..";"überdurch.";"überdurch.";"überdurch."
"81222";"Adult";"1";"2";32,6;99,00000000000001;"2";112,99999999999999;25,3;"männlich";"nein";"nein";"überdurch..";"unterdurch.";"unterdurch.";"überdurch."
"81225";"Adult";"1";"2";24,4;104,00000000000001;"2";89;10,459999999999999;"männlich";"nein";"nein";"unterdurch.";"überdurch.";"unterdurch.";"unterdurch."
"81228";"Senior";"2";"2";20,9;90,00000000000001;"2";105,99999999999999;2,2799999999999994;"weiblich";"nein";"nein";"unterdurch.";"unterdurch.";"unterdurch.";"unterdurch."
"81229";"Senior";"1";"2";23,799999999999997;89;"2";107;3,219999999999999;"männlich";"nein";"nein";"unterdurch.";"unterdurch.";"unterdurch.";"unterdurch."
"81230";"Adult";"2";"2";35;94;"2";82;10,54;"weiblich";"nein";"nein";"überdurch..";"unterdurch.";"unterdurch.";"unterdurch."
"81232";"Adult";"2";"2";28,6;89;"2";105;13,019999999999998;"weiblich";"nein";"nein";"überdurch..";"unterdurch.";"unterdurch.";"überdurch."
"81241";"Adult";"1";"2";23,6;97,00000000000001;"2";112,99999999999999;3,4299999999999997;"männlich";"nein";"nein";"unterdurch.";"unterdurch.";"unterdurch.";"unterdurch."
"81250";"Adult";"1";"2";30,2;93,00000000000001;"2";104;6,939999999999999;"männlich";"nein";"nein";"überdurch..";"unterdurch.";"unterdurch.";"unterdurch."
"81252";"Adult";"1";"2";19,9;85,00000000000001;"2";74;8,05;"männlich";"nein";"nein";"unterdurch.";"unterdurch.";"unterdurch.";"unterdurch."
"81270";"Adult";"1";"2";26,1;112,00000000000001;"2";157;15,689999999999998;"männlich";"nein";"nein";"unterdurch.";"überdurch.";"überdurch.";"überdurch."
"81273";"Adult";"1";"2";35,3;101,00000000000001;"2";112,99999999999999;7,749999999999999;"männlich";"nein";"nein";"überdurch..";"überdurch.";"unterdurch.";"unterdurch."
"81283";"Senior";"2";"2";21,2;96,00000000000001;"2";153;4,089999999999999;"weiblich";"nein";"nein";"unterdurch.";"unterdurch.";"überdurch.";"unterdurch."
"81285";"Senior";"2";"2";35,5;101,00000000000001;"2";160;28,760000000000005;"weiblich";"nein";"nein";"überdurch..";"überdurch.";"überdurch.";"überdurch."
"81288";"Senior";"2";"2";26,799999999999997;95,00000000000001;"2";124;6,809999999999999;"weiblich";"nein";"nein";"unterdurch.";"unterdurch.";"überdurch.";"unterdurch."
"81289";"Adult";"2";"2";21,1;85,00000000000001;"2";85;4,44;"weiblich";"nein";"nein";"unterdurch.";"unterdurch.";"unterdurch.";"unterdurch."
"81295";"Adult";"1";"2";27,399999999999995;94;"2";154;14,96;"männlich";"nein";"nein";"unterdurch.";"unterdurch.";"überdurch.";"überdurch."
"81296";"Adult";"2";"2";27,3;102,00000000000001;"2";82;7,45;"weiblich";"nein";"nein";"unterdurch.";"überdurch.";"unterdurch.";"unterdurch."
"81297";"Senior";"1";"1";22,5;99,00000000000001;"2";197;11,409999999999998;"männlich";"ja";"nein";"unterdurch.";"unterdurch.";"überdurch.";"unterdurch."
"81303";"Adult";"1";"1";28,999999999999996;100,00000000000001;"2";125;17,28;"männlich";"ja";"nein";"überdurch..";"überdurch.";"überdurch.";"überdurch."
"81306";"Adult";"1";"2";34,2;109,00000000000001;"2";61,00000000000001;8,579999999999998;"männlich";"nein";"nein";"überdurch..";"überdurch.";"unterdurch.";"unterdurch."
"81316";"Adult";"2";"2";32,6;100,00000000000001;"2";98,99999999999999;12,89;"weiblich";"nein";"nein";"überdurch..";"überdurch.";"unterdurch.";"überdurch."
"81317";"Adult";"2";"2";22,3;88,00000000000001;"2";71;2,91;"weiblich";"nein";"nein";"unterdurch.";"unterdurch.";"unterdurch.";"unterdurch."
"81319";"Adult";"2";"2";31,8;91,00000000000001;"2";217;17,17;"weiblich";"nein";"nein";"überdurch..";"unterdurch.";"überdurch.";"überdurch."
"81320";"Adult";"1";"1";20,1;100,00000000000001;"2";115,99999999999999;2,219999999999999;"männlich";"ja";"nein";"unterdurch.";"überdurch.";"überdurch.";"unterdurch."
"81322";"Adult";"2";"2";21,4;107,00000000000001;"2";105;4,449999999999999;"weiblich";"nein";"nein";"unterdurch.";"überdurch.";"unterdurch.";"unterdurch."
"81326";"Adult";"2";"2";20,6;80,00000000000001;"2";77;3,3199999999999985;"weiblich";"nein";"nein";"unterdurch.";"unterdurch.";"unterdurch.";"unterdurch."
"81328";"Adult";"1";"2";24,2;96,00000000000001;"2";90;13,17;"männlich";"nein";"nein";"unterdurch.";"unterdurch.";"unterdurch.";"überdurch."
"81329";"Adult";"2";"2";32,9;97,00000000000001;"2";115,99999999999999;14,1;"weiblich";"nein";"nein";"überdurch..";"unterdurch.";"überdurch.";"überdurch."
"81339";"Adult";"1";"2";31,7;124,00000000000001;"3";195;33,97;"männlich";"nein";"Prädiabetes";"überdurch..";"überdurch.";"überdurch.";"überdurch."
"81342";"Adult";"1";"2";28,3;87,00000000000001;"2";50;2,3099999999999987;"männlich";"nein";"nein";"überdurch..";"unterdurch.";"unterdurch.";"unterdurch."
"81345";"Adult";"2";"2";33,79999999999999;88,00000000000001;"2";80;6,669999999999999;"weiblich";"nein";"nein";"überdurch..";"unterdurch.";"unterdurch.";"unterdurch."
"81349";"Adult";"1";"2";29,099999999999998;101,00000000000001;"2";115;9,23;"männlich";"nein";"nein";"überdurch..";"überdurch.";"überdurch.";"unterdurch."
"81359";"Adult";"2";"2";29,3;89;"2";131;8,479999999999999;"weiblich";"nein";"nein";"überdurch..";"unterdurch.";"überdurch.";"unterdurch."
"81366";"Adult";"1";"1";28,4;110;"2";193;4,8199999999999985;"männlich";"ja";"nein";"überdurch..";"überdurch.";"überdurch.";"unterdurch."
"81367";"Adult";"1";"2";27,1;110;"2";122,99999999999999;6,789999999999999;"männlich";"nein";"nein";"unterdurch.";"überdurch.";"überdurch.";"unterdurch."
"81368";"Senior";"2";"2";24;108,00000000000001;"2";115,99999999999999;7,289999999999999;"weiblich";"nein";"nein";"unterdurch.";"überdurch.";"überdurch.";"unterdurch."
"81374";"Adult";"2";"2";29,3;92,00000000000001;"2";95,00000000000001;5,979999999999999;"weiblich";"nein";"nein";"überdurch..";"unterdurch.";"unterdurch.";"unterdurch."
"81377";"Senior";"1";"2";26,3;105,00000000000001;"2";140;6,379999999999999;"männlich";"nein";"nein";"unterdurch.";"überdurch.";"überdurch.";"unterdurch."
"81381";"Senior";"2";"2";36,5;89;"2";111;6,849999999999999;"weiblich";"nein";"nein";"überdurch..";"unterdurch.";"unterdurch.";"unterdurch."
"81382";"Senior";"1";"2";29,4;103,00000000000001;"2";115;19,41;"männlich";"nein";"nein";"überdurch..";"überdurch.";"überdurch.";"überdurch."
"81383";"Adult";"1";"2";35,3;108,00000000000001;"2";139;18,32;"männlich";"nein";"nein";"überdurch..";"überdurch.";"überdurch.";"überdurch."
"81384";"Adult";"1";"2";18,799999999999997;86,00000000000001;"2";74;4,379999999999998;"männlich";"nein";"nein";"unterdurch.";"unterdurch.";"unterdurch.";"unterdurch."
"81385";"Senior";"1";"2";33,7;112,00000000000001;"3";206;19,92;"männlich";"nein";"Prädiabetes";"überdurch..";"überdurch.";"überdurch.";"überdurch."
"81396";"Adult";"1";"2";27,2;89;"2";76;11,47;"männlich";"nein";"nein";"unterdurch.";"unterdurch.";"unterdurch.";"unterdurch."
"81406";"Adult";"2";"2";42,4;93,00000000000001;"2";83;15,87;"weiblich";"nein";"nein";"überdurch..";"unterdurch.";"unterdurch.";"überdurch."
"81407";"Adult";"2";"2";32,6;97,00000000000001;"2";95,00000000000001;18,98;"weiblich";"nein";"nein";"überdurch..";"unterdurch.";"unterdurch.";"überdurch."
"81413";"Adult";"2";"2";20,5;99,00000000000001;"2";108,99999999999999;4,099999999999999;"weiblich";"nein";"nein";"unterdurch.";"unterdurch.";"unterdurch.";"unterdurch."
"81416";"Senior";"1";"2";26,7;128;"2";235;10,389999999999999;"männlich";"nein";"nein";"unterdurch.";"überdurch.";"überdurch.";"unterdurch."
"81419";"Adult";"2";"2";21,2;95,00000000000001;"2";100;8,259999999999998;"weiblich";"nein";"nein";"unterdurch.";"unterdurch.";"unterdurch.";"unterdurch."
"81427";"Adult";"1";"2";26,3;94;"2";112;6,679999999999999;"männlich";"nein";"nein";"unterdurch.";"unterdurch.";"unterdurch.";"unterdurch."
"81429";"Senior";"2";"2";33,7;92,00000000000001;"2";140;13,27;"weiblich";"nein";"nein";"überdurch..";"unterdurch.";"überdurch.";"überdurch."
"81430";"Adult";"1";"2";34,7;98,00000000000001;"2";80;24,64;"männlich";"nein";"nein";"überdurch..";"unterdurch.";"unterdurch.";"überdurch."
"81433";"Adult";"1";"2";42,1;137,00000000000003;"2";210;64,27;"männlich";"nein";"nein";"überdurch..";"überdurch.";"überdurch.";"überdurch."
"81435";"Adult";"1";"2";19,9;89;"2";84;7,7299999999999995;"männlich";"nein";"nein";"unterdurch.";"unterdurch.";"unterdurch.";"unterdurch."
"81437";"Adult";"1";"2";19,6;95,00000000000001;"2";70;19,57;"männlich";"nein";"nein";"unterdurch.";"unterdurch.";"unterdurch.";"überdurch."
"81442";"Adult";"2";"1";29,2;89;"2";90;6,679999999999999;"weiblich";"ja";"nein";"überdurch..";"unterdurch.";"unterdurch.";"unterdurch."
"81452";"Adult";"1";"2";27,1;113,00000000000001;"2";102,00000000000001;4,4799999999999995;"männlich";"nein";"nein";"unterdurch.";"überdurch.";"unterdurch.";"unterdurch."
"81462";"Adult";"2";"2";27,8;101,00000000000001;"2";108,99999999999999;13,86;"weiblich";"nein";"nein";"unterdurch.";"überdurch.";"unterdurch.";"überdurch."
"81471";"Adult";"2";"2";17,6;92,00000000000001;"2";136;7,309999999999999;"weiblich";"nein";"nein";"unterdurch.";"unterdurch.";"überdurch.";"unterdurch."
"81472";"Adult";"1";"2";32,8;98,00000000000001;"2";98;29,32;"männlich";"nein";"nein";"überdurch..";"unterdurch.";"unterdurch.";"überdurch."
"81477";"Senior";"2";"2";24,1;104,00000000000001;"2";105;3,469999999999999;"weiblich";"nein";"nein";"unterdurch.";"überdurch.";"unterdurch.";"unterdurch."
"81484";"Adult";"1";"2";52,599999999999994;123,00000000000001;"2";143;22,690000000000005;"männlich";"nein";"nein";"überdurch..";"überdurch.";"überdurch.";"überdurch."
"81486";"Senior";"1";"2";27,7;100,00000000000001;"2";126;6,239999999999999;"männlich";"nein";"nein";"unterdurch.";"überdurch.";"überdurch.";"unterdurch."
"81490";"Adult";"2";"2";46,39999999999999;95,00000000000001;"2";67;19,11;"weiblich";"nein";"nein";"überdurch..";"unterdurch.";"unterdurch.";"überdurch."
"81492";"Adult";"2";"2";23,4;101,00000000000001;"2";132;8,689999999999998;"weiblich";"nein";"nein";"unterdurch.";"überdurch.";"überdurch.";"unterdurch."
"81494";"Adult";"1";"1";27,399999999999995;105,00000000000001;"2";80;7,639999999999999;"männlich";"ja";"nein";"unterdurch.";"überdurch.";"unterdurch.";"unterdurch."
"81508";"Adult";"2";"2";34,1;98,00000000000001;"2";154;13,82;"weiblich";"nein";"nein";"überdurch..";"unterdurch.";"überdurch.";"überdurch."
"81509";"Adult";"1";"2";20,2;103,00000000000001;"2";118;3,219999999999999;"männlich";"nein";"nein";"unterdurch.";"überdurch.";"überdurch.";"unterdurch."
"81510";"Adult";"2";"2";35,6;106,00000000000001;"2";122,99999999999999;52,46999999999999;"weiblich";"nein";"nein";"überdurch..";"überdurch.";"überdurch.";"überdurch."
"81518";"Adult";"2";"2";19,5;90,00000000000001;"2";117;15,199999999999998;"weiblich";"nein";"nein";"unterdurch.";"unterdurch.";"überdurch.";"überdurch."
"81519";"Adult";"1";"2";25,8;110;"2";155;15,57;"männlich";"nein";"nein";"unterdurch.";"überdurch.";"überdurch.";"überdurch."
"81521";"Adult";"2";"2";21,7;94;"2";84;4,279999999999999;"weiblich";"nein";"nein";"unterdurch.";"unterdurch.";"unterdurch.";"unterdurch."
"81530";"Senior";"2";"2";22,3;103,00000000000001;"2";122,99999999999999;4,209999999999999;"weiblich";"nein";"nein";"unterdurch.";"überdurch.";"überdurch.";"unterdurch."
"81535";"Adult";"2";"2";25,2;77,00000000000001;"2";279;2,119999999999999;"weiblich";"nein";"nein";"unterdurch.";"unterdurch.";"überdurch.";"unterdurch."
"81541";"Adult";"2";"2";32,8;100,00000000000001;"2";83;18,3;"weiblich";"nein";"nein";"überdurch..";"überdurch.";"unterdurch.";"überdurch."
"81545";"Adult";"1";"2";23,3;96,00000000000001;"2";115;6,609999999999999;"männlich";"nein";"nein";"unterdurch.";"unterdurch.";"überdurch.";"unterdurch."
"81556";"Adult";"2";"2";24,4;75,00000000000001;"2";90;2,8099999999999987;"weiblich";"nein";"nein";"unterdurch.";"unterdurch.";"unterdurch.";"unterdurch."
"81557";"Adult";"1";"2";19,1;107,00000000000001;"2";102,00000000000001;11,339999999999998;"männlich";"nein";"nein";"unterdurch.";"überdurch.";"unterdurch.";"unterdurch."
"81563";"Adult";"1";"1";24;100,00000000000001;"2";80;6,4399999999999995;"männlich";"ja";"nein";"unterdurch.";"überdurch.";"unterdurch.";"unterdurch."
"81564";"Adult";"1";"2";24,7;97,00000000000001;"2";137;5,039999999999999;"männlich";"nein";"nein";"unterdurch.";"unterdurch.";"überdurch.";"unterdurch."
"81566";"Adult";"1";"2";23,2;104,00000000000001;"2";85;7,419999999999999;"männlich";"nein";"nein";"unterdurch.";"überdurch.";"unterdurch.";"unterdurch."
"81570";"Adult";"2";"2";51,1;121,00000000000003;"2";83;18,49;"weiblich";"nein";"nein";"überdurch..";"überdurch.";"unterdurch.";"überdurch."
"81576";"Adult";"2";"2";33,7;92,00000000000001;"2";134;21,969999999999995;"weiblich";"nein";"nein";"überdurch..";"unterdurch.";"überdurch.";"überdurch."
"81578";"Adult";"1";"2";31,7;130;"2";125;17,67;"männlich";"nein";"nein";"überdurch..";"überdurch.";"überdurch.";"überdurch."
"81579";"Senior";"2";"2";52,2;110;"2";190;22,51;"weiblich";"nein";"nein";"überdurch..";"überdurch.";"überdurch.";"überdurch."
"81580";"Senior";"2";"2";27,3;98,00000000000001;"2";119;6,109999999999999;"weiblich";"nein";"nein";"unterdurch.";"unterdurch.";"überdurch.";"unterdurch."
"81584";"Adult";"2";"2";26,799999999999997;104,00000000000001;"2";119,99999999999999;9,23;"weiblich";"nein";"nein";"unterdurch.";"überdurch.";"überdurch.";"unterdurch."
"81594";"Adult";"1";"2";27;102,00000000000001;"2";140;17,08;"männlich";"nein";"nein";"unterdurch.";"überdurch.";"überdurch.";"überdurch."
"81600";"Senior";"2";"2";23,799999999999997;125;"2";158;9,34;"weiblich";"nein";"nein";"unterdurch.";"überdurch.";"überdurch.";"unterdurch."
"81601";"Senior";"1";"2";24,2;106,00000000000001;"2";104;13,24;"männlich";"nein";"nein";"unterdurch.";"überdurch.";"unterdurch.";"überdurch."
"81602";"Adult";"2";"2";35,3;87,00000000000001;"2";102,00000000000001;4,039999999999999;"weiblich";"nein";"nein";"überdurch..";"unterdurch.";"unterdurch.";"unterdurch."
"81605";"Adult";"1";"2";25,4;87,00000000000001;"2";92;6,3999999999999995;"männlich";"nein";"nein";"unterdurch.";"unterdurch.";"unterdurch.";"unterdurch."
"81606";"Adult";"2";"2";20,3;94;"2";132;8,14;"weiblich";"nein";"nein";"unterdurch.";"unterdurch.";"überdurch.";"unterdurch."
"81607";"Adult";"2";"1";47,1;94;"2";112,99999999999999;19,77;"weiblich";"ja";"nein";"überdurch..";"unterdurch.";"unterdurch.";"überdurch."
"81608";"Adult";"2";"2";21,2;82,00000000000001;"2";82;1,6799999999999997;"weiblich";"nein";"nein";"unterdurch.";"unterdurch.";"unterdurch.";"unterdurch."
"81622";"Senior";"2";"2";37,9;118,00000000000001;"2";177;34,84;"weiblich";"nein";"nein";"überdurch..";"überdurch.";"überdurch.";"überdurch."
"81625";"Adult";"2";"2";24,899999999999995;92,00000000000001;"2";95,00000000000001;4,369999999999999;"weiblich";"nein";"nein";"unterdurch.";"unterdurch.";"unterdurch.";"unterdurch."
"81630";"Adult";"2";"2";28,099999999999998;98,00000000000001;"2";107;14,76;"weiblich";"nein";"nein";"überdurch..";"unterdurch.";"unterdurch.";"überdurch."
"81636";"Senior";"1";"2";24,8;97,00000000000001;"2";118;2,8499999999999996;"männlich";"nein";"nein";"unterdurch.";"unterdurch.";"überdurch.";"unterdurch."
"81642";"Adult";"1";"2";24,1;93,00000000000001;"2";112;2,3499999999999996;"männlich";"nein";"nein";"unterdurch.";"unterdurch.";"unterdurch.";"unterdurch."
"81643";"Adult";"2";"1";25,1;95,00000000000001;"2";95,00000000000001;8,64;"weiblich";"ja";"nein";"unterdurch.";"unterdurch.";"unterdurch.";"unterdurch."
"81662";"Adult";"2";"1";27,999999999999996;111,00000000000001;"2";105,99999999999999;9,71;"weiblich";"ja";"nein";"überdurch..";"überdurch.";"unterdurch.";"unterdurch."
"81683";"Adult";"2";"2";24;94;"2";74;8,04;"weiblich";"nein";"nein";"unterdurch.";"unterdurch.";"unterdurch.";"unterdurch."
"81685";"Adult";"1";"2";17,4;90,00000000000001;"2";102,00000000000001;6,249999999999999;"männlich";"nein";"nein";"unterdurch.";"unterdurch.";"unterdurch.";"unterdurch."
"81686";"Adult";"2";"2";26,199999999999996;103,00000000000001;"2";134;10,149999999999999;"weiblich";"nein";"nein";"unterdurch.";"überdurch.";"überdurch.";"unterdurch."
"81687";"Adult";"1";"1";25,3;98,00000000000001;"2";124;4,169999999999999;"männlich";"ja";"nein";"unterdurch.";"unterdurch.";"überdurch.";"unterdurch."
"81689";"Adult";"2";"2";43,5;89;"2";105;12,219999999999999;"weiblich";"nein";"nein";"überdurch..";"unterdurch.";"unterdurch.";"überdurch."
"81698";"Adult";"1";"2";29,2;99,00000000000001;"2";103;4,859999999999999;"männlich";"nein";"nein";"überdurch..";"unterdurch.";"unterdurch.";"unterdurch."
"81701";"Adult";"1";"2";38,4;112,00000000000001;"3";141;35,07;"männlich";"nein";"Prädiabetes";"überdurch..";"überdurch.";"überdurch.";"überdurch."
"81704";"Adult";"1";"1";27;95,00000000000001;"2";187;13,06;"männlich";"ja";"nein";"unterdurch.";"unterdurch.";"überdurch.";"überdurch."
"81707";"Adult";"1";"2";25,7;91,00000000000001;"2";66;6,43;"männlich";"nein";"nein";"unterdurch.";"unterdurch.";"unterdurch.";"unterdurch."
"81711";"Adult";"2";"2";37,4;111,00000000000001;"2";97;63,68999999999999;"weiblich";"nein";"nein";"überdurch..";"überdurch.";"unterdurch.";"überdurch."
"81714";"Adult";"2";"2";33,6;104,00000000000001;"2";110;12,779999999999998;"weiblich";"nein";"nein";"überdurch..";"überdurch.";"unterdurch.";"überdurch."
"81715";"Adult";"2";"2";38,5;113,00000000000001;"2";103;25,68;"weiblich";"nein";"nein";"überdurch..";"überdurch.";"unterdurch.";"überdurch."
"81721";"Adult";"2";"1";27,7;100,00000000000001;"2";101;13,98;"weiblich";"ja";"nein";"unterdurch.";"überdurch.";"unterdurch.";"überdurch."
"81725";"Adult";"2";"2";20,2;101,00000000000001;"2";108;5,799999999999999;"weiblich";"nein";"nein";"unterdurch.";"überdurch.";"unterdurch.";"unterdurch."
"81736";"Senior";"2";"1";28,5;100,00000000000001;"2";147;20,67;"weiblich";"ja";"nein";"überdurch..";"überdurch.";"überdurch.";"überdurch."
"81738";"Adult";"2";"2";24,5;92,00000000000001;"2";133;9,11;"weiblich";"nein";"nein";"unterdurch.";"unterdurch.";"überdurch.";"unterdurch."
"81740";"Adult";"1";"2";36,5;99,00000000000001;"2";160;64,45;"männlich";"nein";"nein";"überdurch..";"unterdurch.";"überdurch.";"überdurch."
"81741";"Adult";"1";"1";26,5;109,00000000000001;"2";101;7,26;"männlich";"ja";"nein";"unterdurch.";"überdurch.";"unterdurch.";"unterdurch."
"81748";"Adult";"1";"2";22,9;87,00000000000001;"2";131;5,629999999999999;"männlich";"nein";"nein";"unterdurch.";"unterdurch.";"überdurch.";"unterdurch."
"81750";"Adult";"2";"2";26,3;91,00000000000001;"2";64;12,589999999999998;"weiblich";"nein";"nein";"unterdurch.";"unterdurch.";"unterdurch.";"überdurch."
"81752";"Adult";"1";"2";25,9;104,00000000000001;"2";62;7,629999999999999;"männlich";"nein";"nein";"unterdurch.";"überdurch.";"unterdurch.";"unterdurch."
"81764";"Senior";"1";"2";30,100000000000005;95,00000000000001;"2";111;6,959999999999999;"männlich";"nein";"nein";"überdurch..";"unterdurch.";"unterdurch.";"unterdurch."
"81765";"Adult";"1";"1";22;103,00000000000001;"2";164;4,379999999999998;"männlich";"ja";"nein";"unterdurch.";"überdurch.";"überdurch.";"unterdurch."
"81768";"Adult";"2";"1";27,7;87,00000000000001;"2";98;4,6499999999999995;"weiblich";"ja";"nein";"unterdurch.";"unterdurch.";"unterdurch.";"unterdurch."
"81772";"Adult";"1";"1";27,399999999999995;89;"2";103;8,84;"männlich";"ja";"nein";"unterdurch.";"unterdurch.";"unterdurch.";"unterdurch."
"81784";"Adult";"2";"2";30,399999999999995;100,00000000000001;"2";103;19,77;"weiblich";"nein";"nein";"überdurch..";"überdurch.";"unterdurch.";"überdurch."
"81787";"Adult";"1";"1";28,099999999999998;85,00000000000001;"2";118;12,6;"männlich";"ja";"nein";"überdurch..";"unterdurch.";"überdurch.";"überdurch."
"81797";"Senior";"2";"2";23,4;101,00000000000001;"3";151;5,009999999999999;"weiblich";"nein";"Prädiabetes";"unterdurch.";"überdurch.";"überdurch.";"unterdurch."
"81798";"Senior";"1";"2";40,8;117,00000000000001;"2";163;52,88999999999999;"männlich";"nein";"nein";"überdurch..";"überdurch.";"überdurch.";"überdurch."
"81803";"Adult";"1";"1";19,8;100,00000000000001;"2";81;6,17;"männlich";"ja";"nein";"unterdurch.";"überdurch.";"unterdurch.";"unterdurch."
"81808";"Adult";"2";"2";25,8;102,00000000000001;"2";129;18,65;"weiblich";"nein";"nein";"unterdurch.";"überdurch.";"überdurch.";"überdurch."
"81815";"Senior";"1";"2";25,9;106,00000000000001;"2";209;12,999999999999998;"männlich";"nein";"nein";"unterdurch.";"überdurch.";"überdurch.";"überdurch."
"81816";"Adult";"2";"2";27,3;93,00000000000001;"2";100;8,629999999999999;"weiblich";"nein";"nein";"unterdurch.";"unterdurch.";"unterdurch.";"unterdurch."
"81820";"Senior";"1";"2";22,7;95,00000000000001;"2";112;2,919999999999998;"männlich";"nein";"nein";"unterdurch.";"unterdurch.";"unterdurch.";"unterdurch."
"81822";"Adult";"2";"2";25,4;96,00000000000001;"2";100;13,36;"weiblich";"nein";"nein";"unterdurch.";"unterdurch.";"unterdurch.";"überdurch."
"81824";"Senior";"1";"2";25,3;100,00000000000001;"2";95,00000000000001;6,959999999999999;"männlich";"nein";"nein";"unterdurch.";"überdurch.";"unterdurch.";"unterdurch."
"81830";"Adult";"1";"1";23,9;96,00000000000001;"2";77;3,5199999999999996;"männlich";"ja";"nein";"unterdurch.";"unterdurch.";"unterdurch.";"unterdurch."
"81833";"Senior";"1";"2";24,5;90,00000000000001;"2";98,99999999999999;5,419999999999999;"männlich";"nein";"nein";"unterdurch.";"unterdurch.";"unterdurch.";"unterdurch."
"81846";"Adult";"2";"2";20,3;88,00000000000001;"2";85;7,83;"weiblich";"nein";"nein";"unterdurch.";"unterdurch.";"unterdurch.";"unterdurch."
"81854";"Adult";"1";"2";24,4;90,00000000000001;"2";139;10,859999999999998;"männlich";"nein";"nein";"unterdurch.";"unterdurch.";"überdurch.";"unterdurch."
"81855";"Adult";"2";"1";37,5;118,00000000000001;"2";169;17,92;"weiblich";"ja";"nein";"überdurch..";"überdurch.";"überdurch.";"überdurch."
"81865";"Adult";"1";"2";35,4;97,00000000000001;"2";130;22,14;"männlich";"nein";"nein";"überdurch..";"unterdurch.";"überdurch.";"überdurch."
"81866";"Adult";"2";"2";30,499999999999996;118,00000000000001;"3";161;11,549999999999999;"weiblich";"nein";"Prädiabetes";"überdurch..";"überdurch.";"überdurch.";"unterdurch."
"81872";"Senior";"1";"2";28,999999999999996;102,00000000000001;"2";105,99999999999999;13,209999999999999;"männlich";"nein";"nein";"überdurch..";"überdurch.";"unterdurch.";"überdurch."
"81883";"Adult";"1";"2";29,099999999999998;92,00000000000001;"2";92;11,97;"männlich";"nein";"nein";"überdurch..";"unterdurch.";"unterdurch.";"überdurch."
"81890";"Senior";"2";"2";25,6;95,00000000000001;"2";108,99999999999999;4,549999999999999;"weiblich";"nein";"nein";"unterdurch.";"unterdurch.";"unterdurch.";"unterdurch."
"81891";"Adult";"2";"2";19,9;91,00000000000001;"2";67;6,56;"weiblich";"nein";"nein";"unterdurch.";"unterdurch.";"unterdurch.";"unterdurch."
"81894";"Adult";"2";"2";51,39999999999999;101,00000000000001;"2";100;20,359999999999996;"weiblich";"nein";"nein";"überdurch..";"überdurch.";"unterdurch.";"überdurch."
"81899";"Adult";"1";"1";28,3;121,00000000000003;"2";114;19,259999999999998;"männlich";"ja";"nein";"überdurch..";"überdurch.";"unterdurch.";"überdurch."
"81900";"Adult";"2";"2";19,300000000000004;91,00000000000001;"2";68;2,8200000000000003;"weiblich";"nein";"nein";"unterdurch.";"unterdurch.";"unterdurch.";"unterdurch."
"81903";"Adult";"1";"1";23,799999999999997;112,00000000000001;"2";86;10,75;"männlich";"ja";"nein";"unterdurch.";"überdurch.";"unterdurch.";"unterdurch."
"81907";"Adult";"1";"2";18,799999999999997;96,00000000000001;"2";90;5,679999999999999;"männlich";"nein";"nein";"unterdurch.";"unterdurch.";"unterdurch.";"unterdurch."
"81911";"Adult";"1";"2";21,9;91,00000000000001;"2";94;5,029999999999999;"männlich";"nein";"nein";"unterdurch.";"unterdurch.";"unterdurch.";"unterdurch."
"81921";"Adult";"2";"2";22,4;92,00000000000001;"2";70;12,739999999999998;"weiblich";"nein";"nein";"unterdurch.";"unterdurch.";"unterdurch.";"überdurch."
"81926";"Adult";"1";"2";22,5;96,00000000000001;"2";76;11,259999999999998;"männlich";"nein";"nein";"unterdurch.";"unterdurch.";"unterdurch.";"unterdurch."
"81933";"Senior";"2";"2";32,8;95,00000000000001;"3";219;13,439999999999998;"weiblich";"nein";"Prädiabetes";"überdurch..";"unterdurch.";"überdurch.";"überdurch."
"81943";"Adult";"2";"2";22,3;95,00000000000001;"2";102,00000000000001;14,67;"weiblich";"nein";"nein";"unterdurch.";"unterdurch.";"unterdurch.";"überdurch."
"81949";"Adult";"1";"1";29,5;110;"2";122,99999999999999;7,359999999999999;"männlich";"ja";"nein";"überdurch..";"überdurch.";"überdurch.";"unterdurch."
"81950";"Adult";"1";"1";28,5;98,00000000000001;"2";93;31,259999999999998;"männlich";"ja";"nein";"überdurch..";"unterdurch.";"unterdurch.";"überdurch."
"81954";"Adult";"1";"2";34,4;103,00000000000001;"2";91;12,949999999999998;"männlich";"nein";"nein";"überdurch..";"überdurch.";"unterdurch.";"überdurch."
"81955";"Adult";"1";"2";25,4;82,00000000000001;"2";87;6,769999999999999;"männlich";"nein";"nein";"unterdurch.";"unterdurch.";"unterdurch.";"unterdurch."
"81967";"Adult";"2";"1";27,8;109,00000000000001;"2";103;10,809999999999999;"weiblich";"ja";"nein";"unterdurch.";"überdurch.";"unterdurch.";"unterdurch."
"81968";"Adult";"2";"2";21,299999999999997;67;"2";129;3,3499999999999996;"weiblich";"nein";"nein";"unterdurch.";"unterdurch.";"überdurch.";"unterdurch."
"81975";"Adult";"2";"2";31,3;94;"2";117;10,129999999999999;"weiblich";"nein";"nein";"überdurch..";"unterdurch.";"überdurch.";"unterdurch."
"81977";"Adult";"2";"2";24;94;"2";93;11,06;"weiblich";"nein";"nein";"unterdurch.";"unterdurch.";"unterdurch.";"unterdurch."
"81978";"Adult";"2";"2";29,5;99,00000000000001;"1";100;18,34;"weiblich";"nein";"ja";"überdurch..";"unterdurch.";"unterdurch.";"überdurch."
"81987";"Senior";"2";"2";27,5;129;"2";240;14,439999999999998;"weiblich";"nein";"nein";"unterdurch.";"überdurch.";"überdurch.";"überdurch."
"81989";"Adult";"2";"2";37,3;115;"2";124;8,92;"weiblich";"nein";"nein";"überdurch..";"überdurch.";"überdurch.";"unterdurch."
"81991";"Adult";"2";"2";26,1;91,00000000000001;"2";115;11,06;"weiblich";"nein";"nein";"unterdurch.";"unterdurch.";"überdurch.";"unterdurch."
"81992";"Adult";"2";"2";20,3;98,00000000000001;"2";100;6,75;"weiblich";"nein";"nein";"unterdurch.";"unterdurch.";"unterdurch.";"unterdurch."
"81993";"Adult";"1";"2";30,499999999999996;110;"2";138;15,45;"männlich";"nein";"nein";"überdurch..";"überdurch.";"überdurch.";"überdurch."
"81996";"Adult";"1";"1";23,699999999999996;83;"2";101;4,7;"männlich";"ja";"nein";"unterdurch.";"unterdurch.";"unterdurch.";"unterdurch."
"81997";"Senior";"1";"1";30,2;98,00000000000001;"2";143;6,339999999999999;"männlich";"ja";"nein";"überdurch..";"unterdurch.";"überdurch.";"unterdurch."
"82001";"Adult";"1";"2";27,399999999999995;98,00000000000001;"2";91;5,47;"männlich";"nein";"nein";"unterdurch.";"unterdurch.";"unterdurch.";"unterdurch."
"82005";"Senior";"1";"2";27,9;110;"2";162;16,68;"männlich";"nein";"nein";"unterdurch.";"überdurch.";"überdurch.";"überdurch."
"82007";"Adult";"2";"2";19;91,00000000000001;"2";64;4,799999999999999;"weiblich";"nein";"nein";"unterdurch.";"unterdurch.";"unterdurch.";"unterdurch."
"82012";"Senior";"2";"2";26,9;82,00000000000001;"2";94;4,13;"weiblich";"nein";"nein";"unterdurch.";"unterdurch.";"unterdurch.";"unterdurch."
"82014";"Adult";"1";"2";21,299999999999997;96,00000000000001;"2";91;11,14;"männlich";"nein";"nein";"unterdurch.";"unterdurch.";"unterdurch.";"unterdurch."
"82017";"Adult";"2";"1";20,1;88,00000000000001;"2";90;11,879999999999999;"weiblich";"ja";"nein";"unterdurch.";"unterdurch.";"unterdurch.";"überdurch."
"82019";"Adult";"1";"1";27,7;155;"1";332;4,619999999999999;"männlich";"ja";"ja";"unterdurch.";"überdurch.";"überdurch.";"unterdurch."
"82020";"Adult";"1";"2";28,5;97,00000000000001;"2";41;8,4;"männlich";"nein";"nein";"überdurch..";"unterdurch.";"unterdurch.";"unterdurch."
"82021";"Adult";"2";"2";22,7;94;"2";115,99999999999999;6,4399999999999995;"weiblich";"nein";"nein";"unterdurch.";"unterdurch.";"überdurch.";"unterdurch."
"82023";"Adult";"2";"2";22;86,00000000000001;"2";75;6,609999999999999;"weiblich";"nein";"nein";"unterdurch.";"unterdurch.";"unterdurch.";"unterdurch."
"82027";"Senior";"1";"2";27,3;103,00000000000001;"2";153;9,449999999999998;"männlich";"nein";"nein";"unterdurch.";"überdurch.";"überdurch.";"unterdurch."
"82028";"Adult";"2";"2";40,5;87,00000000000001;"2";115;13,1;"weiblich";"nein";"nein";"überdurch..";"unterdurch.";"überdurch.";"überdurch."
"82036";"Adult";"1";"2";22,7;94;"2";71;6,609999999999999;"männlich";"nein";"nein";"unterdurch.";"unterdurch.";"unterdurch.";"unterdurch."
"82039";"Adult";"2";"2";18,6;87,00000000000001;"2";75;5,979999999999999;"weiblich";"nein";"nein";"unterdurch.";"unterdurch.";"unterdurch.";"unterdurch."
"82047";"Adult";"1";"1";24,7;91,00000000000001;"2";105;3,119999999999999;"männlich";"ja";"nein";"unterdurch.";"unterdurch.";"unterdurch.";"unterdurch."
"82049";"Adult";"2";"2";24,2;89;"2";78;36,5;"weiblich";"nein";"nein";"unterdurch.";"unterdurch.";"unterdurch.";"überdurch."
"82052";"Adult";"2";"2";29,4;98,00000000000001;"2";138;6,779999999999999;"weiblich";"nein";"nein";"überdurch..";"unterdurch.";"überdurch.";"unterdurch."
"82053";"Adult";"2";"2";30,399999999999995;99,00000000000001;"2";156;14,029999999999998;"weiblich";"nein";"nein";"überdurch..";"unterdurch.";"überdurch.";"überdurch."
"82066";"Adult";"2";"1";30,399999999999995;103,00000000000001;"2";98;9,599999999999998;"weiblich";"ja";"nein";"überdurch..";"überdurch.";"unterdurch.";"unterdurch."
"82068";"Adult";"1";"2";30,100000000000005;99,00000000000001;"2";100;12,949999999999998;"männlich";"nein";"nein";"überdurch..";"unterdurch.";"unterdurch.";"überdurch."
"82085";"Adult";"1";"2";28,7;120;"2";197;9,85;"männlich";"nein";"nein";"überdurch..";"überdurch.";"überdurch.";"unterdurch."
"82087";"Adult";"1";"2";30,799999999999997;88,00000000000001;"2";50;5,829999999999999;"männlich";"nein";"nein";"überdurch..";"unterdurch.";"unterdurch.";"unterdurch."
"82091";"Senior";"2";"2";42,8;96,00000000000001;"2";92;10,07;"weiblich";"nein";"nein";"überdurch..";"unterdurch.";"unterdurch.";"unterdurch."
"82093";"Adult";"1";"2";24,8;99,00000000000001;"2";132;5,579999999999999;"männlich";"nein";"nein";"unterdurch.";"unterdurch.";"überdurch.";"unterdurch."
"82096";"Adult";"1";"2";23,5;92,00000000000001;"2";66;3,969999999999999;"männlich";"nein";"nein";"unterdurch.";"unterdurch.";"unterdurch.";"unterdurch."
"82102";"Adult";"2";"2";20,4;82,00000000000001;"2";117;1,9100000000000001;"weiblich";"nein";"nein";"unterdurch.";"unterdurch.";"überdurch.";"unterdurch."
"82103";"Adult";"1";"2";27,9;113,00000000000001;"2";91;7,249999999999999;"männlich";"nein";"nein";"unterdurch.";"überdurch.";"unterdurch.";"unterdurch."
"82107";"Adult";"1";"1";31,8;115;"2";122;10,179999999999998;"männlich";"ja";"nein";"überdurch..";"überdurch.";"überdurch.";"unterdurch."
"82110";"Adult";"1";"1";21,2;75,00000000000001;"2";53;9,049999999999999;"männlich";"ja";"nein";"unterdurch.";"unterdurch.";"unterdurch.";"unterdurch."
"82111";"Adult";"1";"2";22;98,00000000000001;"2";90;7,6499999999999995;"männlich";"nein";"nein";"unterdurch.";"unterdurch.";"unterdurch.";"unterdurch."
"82112";"Adult";"2";"2";23,699999999999996;75,00000000000001;"2";91;9,95;"weiblich";"nein";"nein";"unterdurch.";"unterdurch.";"unterdurch.";"unterdurch."
"82116";"Adult";"2";"2";46,7;97,00000000000001;"2";155;60,06999999999999;"weiblich";"nein";"nein";"überdurch..";"unterdurch.";"überdurch.";"überdurch."
"82122";"Adult";"1";"2";19,2;103,00000000000001;"2";91;8,369999999999997;"männlich";"nein";"nein";"unterdurch.";"überdurch.";"unterdurch.";"unterdurch."
"82126";"Adult";"1";"2";23,5;96,00000000000001;"2";59;3,839999999999999;"männlich";"nein";"nein";"unterdurch.";"unterdurch.";"unterdurch.";"unterdurch."
"82133";"Adult";"2";"2";33,4;117,00000000000001;"2";115;34,02;"weiblich";"nein";"nein";"überdurch..";"überdurch.";"überdurch.";"überdurch."
"82138";"Adult";"1";"1";23,3;115;"2";128;7,14;"männlich";"ja";"nein";"unterdurch.";"überdurch.";"überdurch.";"unterdurch."
"82141";"Adult";"2";"2";19,4;83;"2";126;14,26;"weiblich";"nein";"nein";"unterdurch.";"unterdurch.";"überdurch.";"überdurch."
"82144";"Adult";"2";"2";23,699999999999996;94;"2";117;18,85;"weiblich";"nein";"nein";"unterdurch.";"unterdurch.";"überdurch.";"überdurch."
"82147";"Adult";"2";"2";47,5;99,00000000000001;"2";121;4,349999999999999;"weiblich";"nein";"nein";"überdurch..";"unterdurch.";"überdurch.";"unterdurch."
"82152";"Adult";"1";"2";23,699999999999996;87,00000000000001;"2";98;4,639999999999998;"männlich";"nein";"nein";"unterdurch.";"unterdurch.";"unterdurch.";"unterdurch."
"82164";"Adult";"1";"1";32,4;92,00000000000001;"2";81;8,27;"männlich";"ja";"nein";"überdurch..";"unterdurch.";"unterdurch.";"unterdurch."
"82169";"Adult";"2";"2";26,199999999999996;91,00000000000001;"2";83;7,609999999999999;"weiblich";"nein";"nein";"unterdurch.";"unterdurch.";"unterdurch.";"unterdurch."
"82170";"Adult";"2";"2";24,3;104,00000000000001;"2";137;8,559999999999999;"weiblich";"nein";"nein";"unterdurch.";"überdurch.";"überdurch.";"unterdurch."
"82171";"Adult";"1";"2";23,9;98,00000000000001;"2";122;3,209999999999999;"männlich";"nein";"nein";"unterdurch.";"unterdurch.";"überdurch.";"unterdurch."
"82176";"Adult";"1";"1";35,8;96,00000000000001;"2";91;11,2;"männlich";"ja";"nein";"überdurch..";"unterdurch.";"unterdurch.";"unterdurch."
"82181";"Adult";"2";"2";32,2;94;"2";95,00000000000001;6,87;"weiblich";"nein";"nein";"überdurch..";"unterdurch.";"unterdurch.";"unterdurch."
"82187";"Adult";"2";"2";25,1;88,00000000000001;"2";66;6,609999999999999;"weiblich";"nein";"nein";"unterdurch.";"unterdurch.";"unterdurch.";"unterdurch."
"82190";"Adult";"1";"2";22,2;107,00000000000001;"2";103;11,959999999999999;"männlich";"nein";"nein";"unterdurch.";"überdurch.";"unterdurch.";"überdurch."
"82195";"Adult";"1";"1";22,9;104,00000000000001;"2";60;8,08;"männlich";"ja";"nein";"unterdurch.";"überdurch.";"unterdurch.";"unterdurch."
"82198";"Adult";"2";"1";25,8;97,00000000000001;"2";88;11,129999999999999;"weiblich";"ja";"nein";"unterdurch.";"unterdurch.";"unterdurch.";"unterdurch."
"82199";"Adult";"2";"2";31,1;91,00000000000001;"2";152;13,369999999999997;"weiblich";"nein";"nein";"überdurch..";"unterdurch.";"überdurch.";"überdurch."
"82201";"Senior";"2";"2";27,2;98,00000000000001;"2";220;13,22;"weiblich";"nein";"nein";"unterdurch.";"unterdurch.";"überdurch.";"überdurch."
"82207";"Adult";"2";"2";32,8;84;"2";68;3,3199999999999985;"weiblich";"nein";"nein";"überdurch..";"unterdurch.";"unterdurch.";"unterdurch."
"82218";"Adult";"2";"2";22,9;76,00000000000001;"2";94;5,419999999999999;"weiblich";"nein";"nein";"unterdurch.";"unterdurch.";"unterdurch.";"unterdurch."
"82223";"Adult";"1";"2";28,8;84;"2";75;6,449999999999999;"männlich";"nein";"nein";"überdurch..";"unterdurch.";"unterdurch.";"unterdurch."
"82227";"Senior";"2";"2";20,2;101,00000000000001;"2";167;5,359999999999999;"weiblich";"nein";"nein";"unterdurch.";"überdurch.";"überdurch.";"unterdurch."
"82228";"Adult";"1";"2";19,6;92,00000000000001;"2";59;7,369999999999999;"männlich";"nein";"nein";"unterdurch.";"unterdurch.";"unterdurch.";"unterdurch."
"82229";"Adult";"1";"2";27,999999999999996;96,00000000000001;"2";114;20,04;"männlich";"nein";"nein";"überdurch..";"unterdurch.";"unterdurch.";"überdurch."
"82240";"Adult";"2";"2";27,9;96,00000000000001;"2";98;18,48;"weiblich";"nein";"nein";"unterdurch.";"unterdurch.";"unterdurch.";"überdurch."
"82242";"Adult";"2";"2";21,299999999999997;97,00000000000001;"2";174;10,129999999999999;"weiblich";"nein";"nein";"unterdurch.";"unterdurch.";"überdurch.";"unterdurch."
"82243";"Adult";"1";"2";26,1;92,00000000000001;"2";52;2,5600000000000005;"männlich";"nein";"nein";"unterdurch.";"unterdurch.";"unterdurch.";"unterdurch."
"82248";"Adult";"2";"2";30,9;90,00000000000001;"2";93;8,66;"weiblich";"nein";"nein";"überdurch..";"unterdurch.";"unterdurch.";"unterdurch."
"82253";"Adult";"2";"2";21,299999999999997;106,00000000000001;"2";126,99999999999999;11,87;"weiblich";"nein";"nein";"unterdurch.";"überdurch.";"überdurch.";"überdurch."
"82254";"Senior";"1";"2";27,5;88,00000000000001;"2";90;5,6899999999999995;"männlich";"nein";"nein";"unterdurch.";"unterdurch.";"unterdurch.";"unterdurch."
"82257";"Adult";"2";"1";25,9;89;"2";108;4,44;"weiblich";"ja";"nein";"unterdurch.";"unterdurch.";"unterdurch.";"unterdurch."
"82259";"Adult";"1";"2";21,9;87,00000000000001;"2";85;6,859999999999999;"männlich";"nein";"nein";"unterdurch.";"unterdurch.";"unterdurch.";"unterdurch."
"82278";"Adult";"1";"2";20,7;91,00000000000001;"2";125;3,509999999999998;"männlich";"nein";"nein";"unterdurch.";"unterdurch.";"überdurch.";"unterdurch."
"82281";"Adult";"2";"1";42,1;122,00000000000001;"2";162;14,439999999999998;"weiblich";"ja";"nein";"überdurch..";"überdurch.";"überdurch.";"überdurch."
"82282";"Adult";"1";"2";24,899999999999995;87,00000000000001;"2";61,00000000000001;5,549999999999999;"männlich";"nein";"nein";"unterdurch.";"unterdurch.";"unterdurch.";"unterdurch."
"82288";"Adult";"1";"2";23,3;96,00000000000001;"2";148;3,119999999999999;"männlich";"nein";"nein";"unterdurch.";"unterdurch.";"überdurch.";"unterdurch."
"82290";"Adult";"1";"1";31,399999999999995;118,00000000000001;"2";95,00000000000001;8,759999999999998;"männlich";"ja";"nein";"überdurch..";"überdurch.";"unterdurch.";"unterdurch."
"82295";"Senior";"1";"2";24,1;94;"2";165;6,079999999999999;"männlich";"nein";"nein";"unterdurch.";"unterdurch.";"überdurch.";"unterdurch."
"82296";"Adult";"2";"2";22,2;92,00000000000001;"2";119;8,629999999999999;"weiblich";"nein";"nein";"unterdurch.";"unterdurch.";"überdurch.";"unterdurch."
"82308";"Adult";"1";"2";24,6;107,00000000000001;"2";54,00000000000001;3,119999999999999;"männlich";"nein";"nein";"unterdurch.";"überdurch.";"unterdurch.";"unterdurch."
"82311";"Adult";"1";"2";25;89;"2";71;7,989999999999999;"männlich";"nein";"nein";"unterdurch.";"unterdurch.";"unterdurch.";"unterdurch."
"82314";"Adult";"1";"2";16,7;92,00000000000001;"2";98;5,129999999999999;"männlich";"nein";"nein";"unterdurch.";"unterdurch.";"unterdurch.";"unterdurch."
"82315";"Adult";"1";"2";23,3;83;"2";76;6,319999999999999;"männlich";"nein";"nein";"unterdurch.";"unterdurch.";"unterdurch.";"unterdurch."
"82321";"Adult";"1";"1";22,9;109,00000000000001;"2";122,99999999999999;4,779999999999999;"männlich";"ja";"nein";"unterdurch.";"überdurch.";"überdurch.";"unterdurch."
"82329";"Adult";"1";"2";25,3;95,00000000000001;"2";141;8,39;"männlich";"nein";"nein";"unterdurch.";"unterdurch.";"überdurch.";"unterdurch."
"82334";"Adult";"2";"1";52;128;"2";132;12,34;"weiblich";"ja";"nein";"überdurch..";"überdurch.";"überdurch.";"überdurch."
"82337";"Adult";"2";"2";25,7;101,00000000000001;"2";94;8,159999999999998;"weiblich";"nein";"nein";"unterdurch.";"überdurch.";"unterdurch.";"unterdurch."
"82338";"Adult";"2";"2";32,2;119,00000000000001;"2";112;34,22;"weiblich";"nein";"nein";"überdurch..";"überdurch.";"unterdurch.";"überdurch."
"82341";"Adult";"1";"2";29,2;91,00000000000001;"2";98,99999999999999;11,66;"männlich";"nein";"nein";"überdurch..";"unterdurch.";"unterdurch.";"unterdurch."
"82345";"Adult";"1";"2";31;100,00000000000001;"2";112;19,48;"männlich";"nein";"nein";"überdurch..";"überdurch.";"unterdurch.";"überdurch."
"82351";"Senior";"1";"2";24,899999999999995;89;"2";91;2,709999999999999;"männlich";"nein";"nein";"unterdurch.";"unterdurch.";"unterdurch.";"unterdurch."
"82353";"Adult";"1";"1";27,3;137,00000000000003;"2";195;7,7;"männlich";"ja";"nein";"unterdurch.";"überdurch.";"überdurch.";"unterdurch."
"82354";"Adult";"2";"2";49;110;"2";163;32,209999999999994;"weiblich";"nein";"nein";"überdurch..";"überdurch.";"überdurch.";"überdurch."
"82358";"Adult";"1";"2";24,6;86,00000000000001;"2";101;6,699999999999999;"männlich";"nein";"nein";"unterdurch.";"unterdurch.";"unterdurch.";"unterdurch."
"82363";"Adult";"1";"2";38;104,00000000000001;"2";85;19,03;"männlich";"nein";"nein";"überdurch..";"überdurch.";"unterdurch.";"überdurch."
"82378";"Adult";"1";"2";19,9;97,00000000000001;"2";108,99999999999999;13,06;"männlich";"nein";"nein";"unterdurch.";"unterdurch.";"unterdurch.";"überdurch."
"82384";"Senior";"2";"2";31,1;85,00000000000001;"2";83;5,279999999999999;"weiblich";"nein";"nein";"überdurch..";"unterdurch.";"unterdurch.";"unterdurch."
"82389";"Adult";"2";"2";67,5;114,00000000000001;"2";119,99999999999999;47,309999999999995;"weiblich";"nein";"nein";"überdurch..";"überdurch.";"überdurch.";"überdurch."
"82394";"Adult";"1";"2";25,3;89;"2";90;4,8199999999999985;"männlich";"nein";"nein";"unterdurch.";"unterdurch.";"unterdurch.";"unterdurch."
"82395";"Adult";"2";"2";17,7;76,00000000000001;"2";76;3,87;"weiblich";"nein";"nein";"unterdurch.";"unterdurch.";"unterdurch.";"unterdurch."
"82397";"Adult";"1";"1";29,2;97,00000000000001;"2";60;4,789999999999999;"männlich";"ja";"nein";"überdurch..";"unterdurch.";"unterdurch.";"unterdurch."
"82401";"Adult";"2";"2";21,7;92,00000000000001;"2";87;8,879999999999999;"weiblich";"nein";"nein";"unterdurch.";"unterdurch.";"unterdurch.";"unterdurch."
"82408";"Adult";"1";"1";27,9;95,00000000000001;"2";115;13,109999999999998;"männlich";"ja";"nein";"unterdurch.";"unterdurch.";"überdurch.";"überdurch."
"82412";"Adult";"2";"2";33,6;101,00000000000001;"2";91;13,879999999999999;"weiblich";"nein";"nein";"überdurch..";"überdurch.";"unterdurch.";"überdurch."
"82413";"Adult";"2";"1";36,1;100,00000000000001;"2";88;5,119999999999999;"weiblich";"ja";"nein";"überdurch..";"überdurch.";"unterdurch.";"unterdurch."
"82416";"Adult";"1";"2";32,3;108,00000000000001;"2";130;12,91;"männlich";"nein";"nein";"überdurch..";"überdurch.";"überdurch.";"überdurch."
"82420";"Adult";"1";"2";27,6;86,00000000000001;"2";73;3,789999999999999;"männlich";"nein";"nein";"unterdurch.";"unterdurch.";"unterdurch.";"unterdurch."
"82423";"Adult";"1";"1";30,2;105,00000000000001;"2";85;8,489999999999998;"männlich";"ja";"nein";"überdurch..";"überdurch.";"unterdurch.";"unterdurch."
"82424";"Senior";"2";"2";26,799999999999997;95,00000000000001;"2";130;5,299999999999999;"weiblich";"nein";"nein";"unterdurch.";"unterdurch.";"überdurch.";"unterdurch."
"82426";"Adult";"1";"2";23,9;102,00000000000001;"2";76;17,879999999999995;"männlich";"nein";"nein";"unterdurch.";"überdurch.";"unterdurch.";"überdurch."
"82428";"Adult";"2";"2";21,4;88,00000000000001;"2";84;4,669999999999999;"weiblich";"nein";"nein";"unterdurch.";"unterdurch.";"unterdurch.";"unterdurch."
"82430";"Adult";"2";"2";31,1;104,00000000000001;"2";161;25,46;"weiblich";"nein";"nein";"überdurch..";"überdurch.";"überdurch.";"überdurch."
"82434";"Senior";"2";"2";26,4;103,00000000000001;"2";122;13,53;"weiblich";"nein";"nein";"unterdurch.";"überdurch.";"überdurch.";"überdurch."
"82441";"Senior";"2";"2";27,6;121,00000000000003;"2";104;2,3099999999999987;"weiblich";"nein";"nein";"unterdurch.";"überdurch.";"unterdurch.";"unterdurch."
"82448";"Adult";"1";"2";29,3;98,00000000000001;"2";45;8,45;"männlich";"nein";"nein";"überdurch..";"unterdurch.";"unterdurch.";"unterdurch."
"82449";"Adult";"1";"1";32,5;102,00000000000001;"2";149;13,159999999999998;"männlich";"ja";"nein";"überdurch..";"überdurch.";"überdurch.";"überdurch."
"82450";"Adult";"2";"1";39,5;89;"2";108,99999999999999;8,119999999999997;"weiblich";"ja";"nein";"überdurch..";"unterdurch.";"unterdurch.";"unterdurch."
"82454";"Adult";"2";"2";17,6;96,00000000000001;"2";101;11,479999999999999;"weiblich";"nein";"nein";"unterdurch.";"unterdurch.";"unterdurch.";"unterdurch."
"82455";"Adult";"2";"2";20,6;94;"2";101;2,2799999999999994;"weiblich";"nein";"nein";"unterdurch.";"unterdurch.";"unterdurch.";"unterdurch."
"82464";"Adult";"1";"2";22,8;103,00000000000001;"2";82;1,589999999999998;"männlich";"nein";"nein";"unterdurch.";"überdurch.";"unterdurch.";"unterdurch."
"82470";"Adult";"1";"1";39,5;106,00000000000001;"2";128;16,38;"männlich";"ja";"nein";"überdurch..";"überdurch.";"überdurch.";"überdurch."
"82472";"Adult";"1";"2";18,799999999999997;92,00000000000001;"2";108;5,65;"männlich";"nein";"nein";"unterdurch.";"unterdurch.";"unterdurch.";"unterdurch."
"82477";"Adult";"1";"1";31,499999999999996;99,00000000000001;"2";96;21,13;"männlich";"ja";"nein";"überdurch..";"unterdurch.";"unterdurch.";"überdurch."
"82478";"Adult";"1";"2";22;102,00000000000001;"2";107;10,02;"männlich";"nein";"nein";"unterdurch.";"überdurch.";"unterdurch.";"unterdurch."
"82479";"Adult";"1";"2";22,6;107,00000000000001;"2";184;5,159999999999999;"männlich";"nein";"nein";"unterdurch.";"überdurch.";"überdurch.";"unterdurch."
"82480";"Adult";"1";"1";16,5;102,00000000000001;"2";85;8,3;"männlich";"ja";"nein";"unterdurch.";"überdurch.";"unterdurch.";"unterdurch."
"82483";"Adult";"1";"2";26,199999999999996;105,00000000000001;"2";100;14,489999999999998;"männlich";"nein";"nein";"unterdurch.";"überdurch.";"unterdurch.";"überdurch."
"82485";"Adult";"2";"2";24,7;96,00000000000001;"2";78;11,44;"weiblich";"nein";"nein";"unterdurch.";"unterdurch.";"unterdurch.";"unterdurch."
"82486";"Adult";"1";"2";22,8;90,00000000000001;"2";77;3,259999999999998;"männlich";"nein";"nein";"unterdurch.";"unterdurch.";"unterdurch.";"unterdurch."
"82487";"Adult";"1";"2";20,8;99,00000000000001;"2";73;8,429999999999998;"männlich";"nein";"nein";"unterdurch.";"unterdurch.";"unterdurch.";"unterdurch."
"82488";"Adult";"1";"1";25,5;107,00000000000001;"2";62;5,999999999999999;"männlich";"ja";"nein";"unterdurch.";"überdurch.";"unterdurch.";"unterdurch."
"82494";"Adult";"2";"2";45,5;95,00000000000001;"2";125;35,57;"weiblich";"nein";"nein";"überdurch..";"unterdurch.";"überdurch.";"überdurch."
"82495";"Adult";"2";"2";43,4;104,00000000000001;"2";133;17;"weiblich";"nein";"nein";"überdurch..";"überdurch.";"überdurch.";"überdurch."
"82502";"Adult";"2";"2";41,3;95,00000000000001;"2";132;25,519999999999996;"weiblich";"nein";"nein";"überdurch..";"unterdurch.";"überdurch.";"überdurch."
"82503";"Adult";"2";"2";25,8;91,00000000000001;"3";110;17,29;"weiblich";"nein";"Prädiabetes";"unterdurch.";"unterdurch.";"unterdurch.";"überdurch."
"82504";"Senior";"1";"1";25,9;102,00000000000001;"2";56,00000000000001;8,04;"männlich";"ja";"nein";"unterdurch.";"überdurch.";"unterdurch.";"unterdurch."
"82512";"Adult";"2";"1";28,9;92,00000000000001;"2";77;7,889999999999999;"weiblich";"ja";"nein";"überdurch..";"unterdurch.";"unterdurch.";"unterdurch."
"82529";"Adult";"2";"2";23,699999999999996;93,00000000000001;"2";58;5,059999999999999;"weiblich";"nein";"nein";"unterdurch.";"unterdurch.";"unterdurch.";"unterdurch."
"82532";"Adult";"1";"2";21,7;92,00000000000001;"2";74;6,829999999999999;"männlich";"nein";"nein";"unterdurch.";"unterdurch.";"unterdurch.";"unterdurch."
"82535";"Adult";"2";"2";21,5;98,00000000000001;"2";125;8,52;"weiblich";"nein";"nein";"unterdurch.";"unterdurch.";"überdurch.";"unterdurch."
"82536";"Adult";"2";"1";30;101,00000000000001;"2";118;13,86;"weiblich";"ja";"nein";"überdurch..";"überdurch.";"überdurch.";"überdurch."
"82538";"Adult";"2";"1";20;95,00000000000001;"2";85;6,959999999999999;"weiblich";"ja";"nein";"unterdurch.";"unterdurch.";"unterdurch.";"unterdurch."
"82542";"Senior";"1";"2";27,6;125;"2";139;15,66;"männlich";"nein";"nein";"unterdurch.";"überdurch.";"überdurch.";"überdurch."
"82543";"Adult";"2";"2";25,6;79;"2";125;42,03999999999999;"weiblich";"nein";"nein";"unterdurch.";"unterdurch.";"überdurch.";"überdurch."
"82550";"Adult";"2";"1";33,3;95,00000000000001;"2";77;6,36;"weiblich";"ja";"nein";"überdurch..";"unterdurch.";"unterdurch.";"unterdurch."
"82558";"Adult";"2";"2";30,3;94;"2";175;8,239999999999998;"weiblich";"nein";"nein";"überdurch..";"unterdurch.";"überdurch.";"unterdurch."
"82566";"Senior";"1";"1";27,7;115;"2";86;18,36;"männlich";"ja";"nein";"unterdurch.";"überdurch.";"unterdurch.";"überdurch."
"82569";"Adult";"1";"1";28,7;104,00000000000001;"2";93;5,849999999999999;"männlich";"ja";"nein";"überdurch..";"überdurch.";"unterdurch.";"unterdurch."
"82572";"Senior";"1";"2";33,7;110;"2";48;16;"männlich";"nein";"nein";"überdurch..";"überdurch.";"unterdurch.";"überdurch."
"82581";"Adult";"1";"2";30;89;"2";108,99999999999999;15,669999999999998;"männlich";"nein";"nein";"überdurch..";"unterdurch.";"unterdurch.";"überdurch."
"82582";"Senior";"1";"2";31,9;120;"2";213;13,15;"männlich";"nein";"nein";"überdurch..";"überdurch.";"überdurch.";"überdurch."
"82587";"Adult";"1";"2";33;98,00000000000001;"2";140;14,139999999999999;"männlich";"nein";"nein";"überdurch..";"unterdurch.";"überdurch.";"überdurch."
"82595";"Adult";"1";"2";33,1;107,00000000000001;"2";133;19,25;"männlich";"nein";"nein";"überdurch..";"überdurch.";"überdurch.";"überdurch."
"82600";"Adult";"1";"2";22;89;"2";94;7,529999999999999;"männlich";"nein";"nein";"unterdurch.";"unterdurch.";"unterdurch.";"unterdurch."
"82603";"Adult";"2";"2";22;100,00000000000001;"2";155;5,449999999999999;"weiblich";"nein";"nein";"unterdurch.";"überdurch.";"überdurch.";"unterdurch."
"82608";"Senior";"1";"2";26,199999999999996;97,00000000000001;"2";139;7,309999999999999;"männlich";"nein";"nein";"unterdurch.";"unterdurch.";"überdurch.";"unterdurch."
"82611";"Adult";"1";"2";28,5;92,00000000000001;"2";119,99999999999999;11,42;"männlich";"nein";"nein";"überdurch..";"unterdurch.";"überdurch.";"unterdurch."
"82614";"Adult";"2";"2";20,3;93,00000000000001;"2";77;14,249999999999998;"weiblich";"nein";"nein";"unterdurch.";"unterdurch.";"unterdurch.";"überdurch."
"82618";"Adult";"1";"2";33,1;103,00000000000001;"2";128;10,52;"männlich";"nein";"nein";"überdurch..";"überdurch.";"überdurch.";"unterdurch."
"82626";"Adult";"1";"2";24,899999999999995;104,00000000000001;"2";130;31,879999999999995;"männlich";"nein";"nein";"unterdurch.";"überdurch.";"überdurch.";"überdurch."
"82628";"Adult";"2";"2";19,9;94;"2";75;3,5299999999999994;"weiblich";"nein";"nein";"unterdurch.";"unterdurch.";"unterdurch.";"unterdurch."
"82634";"Adult";"1";"2";40,5;99,00000000000001;"2";97;18,17;"männlich";"nein";"nein";"überdurch..";"unterdurch.";"unterdurch.";"überdurch."
"82636";"Adult";"2";"2";20,2;90,00000000000001;"2";63,00000000000001;5,929999999999999;"weiblich";"nein";"nein";"unterdurch.";"unterdurch.";"unterdurch.";"unterdurch."
"82637";"Senior";"1";"2";37,3;114,00000000000001;"2";94;17,9;"männlich";"nein";"nein";"überdurch..";"überdurch.";"unterdurch.";"überdurch."
"82640";"Adult";"2";"2";22,4;85,00000000000001;"2";72;4,039999999999999;"weiblich";"nein";"nein";"unterdurch.";"unterdurch.";"unterdurch.";"unterdurch."
"82648";"Adult";"2";"2";30,499999999999996;96,00000000000001;"2";112,99999999999999;14,38;"weiblich";"nein";"nein";"überdurch..";"unterdurch.";"unterdurch.";"überdurch."
"82652";"Senior";"1";"2";24,3;97,00000000000001;"2";167;3,419999999999998;"männlich";"nein";"nein";"unterdurch.";"unterdurch.";"überdurch.";"unterdurch."
"82654";"Adult";"2";"2";24,2;96,00000000000001;"2";77;15,689999999999998;"weiblich";"nein";"nein";"unterdurch.";"unterdurch.";"unterdurch.";"überdurch."
"82657";"Senior";"2";"2";38,6;96,00000000000001;"2";126;7,589999999999999;"weiblich";"nein";"nein";"überdurch..";"unterdurch.";"überdurch.";"unterdurch."
"82660";"Adult";"2";"2";56,3;118,00000000000001;"2";73;26,04;"weiblich";"nein";"nein";"überdurch..";"überdurch.";"unterdurch.";"überdurch."
"82665";"Adult";"2";"2";40,5;155;"2";315;24,69;"weiblich";"nein";"nein";"überdurch..";"überdurch.";"überdurch.";"überdurch."
"82675";"Senior";"1";"1";23,2;102,00000000000001;"2";165;20,980000000000004;"männlich";"ja";"nein";"unterdurch.";"überdurch.";"überdurch.";"überdurch."
"82678";"Adult";"2";"2";18,700000000000003;93,00000000000001;"2";96;4,709999999999999;"weiblich";"nein";"nein";"unterdurch.";"unterdurch.";"unterdurch.";"unterdurch."
"82682";"Adult";"1";"2";30,3;100,00000000000001;"2";65;35,72;"männlich";"nein";"nein";"überdurch..";"überdurch.";"unterdurch.";"überdurch."
"82685";"Adult";"1";"1";33,1;100,00000000000001;"2";84;9,49;"männlich";"ja";"nein";"überdurch..";"überdurch.";"unterdurch.";"unterdurch."
"82691";"Adult";"1";"1";28,999999999999996;128;"2";155;4,06;"männlich";"ja";"nein";"überdurch..";"überdurch.";"überdurch.";"unterdurch."
"82708";"Senior";"2";"2";18,1;84;"2";176;1,4399999999999995;"weiblich";"nein";"nein";"unterdurch.";"unterdurch.";"überdurch.";"unterdurch."
"82712";"Adult";"2";"2";53;100,00000000000001;"2";155;26,4;"weiblich";"nein";"nein";"überdurch..";"überdurch.";"überdurch.";"überdurch."
"82714";"Adult";"2";"2";16,800000000000004;86,00000000000001;"2";94;6,75;"weiblich";"nein";"nein";"unterdurch.";"unterdurch.";"unterdurch.";"unterdurch."
"82717";"Adult";"1";"2";23,799999999999997;91,00000000000001;"2";108;10,19;"männlich";"nein";"nein";"unterdurch.";"unterdurch.";"unterdurch.";"unterdurch."
"82718";"Adult";"1";"1";18,199999999999996;106,00000000000001;"2";89;3,2299999999999986;"männlich";"ja";"nein";"unterdurch.";"überdurch.";"unterdurch.";"unterdurch."
"82723";"Senior";"2";"2";21,6;100,00000000000001;"2";102,00000000000001;9,319999999999999;"weiblich";"nein";"nein";"unterdurch.";"überdurch.";"unterdurch.";"unterdurch."
"82724";"Adult";"2";"1";43,2;96,00000000000001;"2";110;18,01;"weiblich";"ja";"nein";"überdurch..";"unterdurch.";"unterdurch.";"überdurch."
"82730";"Adult";"2";"2";18,6;101,00000000000001;"2";78;13,98;"weiblich";"nein";"nein";"unterdurch.";"überdurch.";"unterdurch.";"überdurch."
"82733";"Adult";"2";"2";19,4;86,00000000000001;"2";103;2,4799999999999986;"weiblich";"nein";"nein";"unterdurch.";"unterdurch.";"unterdurch.";"unterdurch."
"82737";"Senior";"2";"1";22,5;97,00000000000001;"2";140;5,269999999999999;"weiblich";"ja";"nein";"unterdurch.";"unterdurch.";"überdurch.";"unterdurch."
"82739";"Adult";"2";"2";28,4;98,00000000000001;"2";154;4,879999999999999;"weiblich";"nein";"nein";"überdurch..";"unterdurch.";"überdurch.";"unterdurch."
"82749";"Adult";"1";"2";50,7;114,00000000000001;"2";138;81,79;"männlich";"nein";"nein";"überdurch..";"überdurch.";"überdurch.";"überdurch."
"82755";"Adult";"2";"1";50,8;160,00000000000003;"1";288;79,74999999999999;"weiblich";"ja";"ja";"überdurch..";"überdurch.";"überdurch.";"überdurch."
"82756";"Adult";"1";"2";24;89;"2";154;4,049999999999999;"männlich";"nein";"nein";"unterdurch.";"unterdurch.";"überdurch.";"unterdurch."
"82766";"Adult";"2";"1";21;106,00000000000001;"2";117;5,099999999999999;"weiblich";"ja";"nein";"unterdurch.";"überdurch.";"überdurch.";"unterdurch."
"82770";"Adult";"2";"1";23,9;90,00000000000001;"2";103;3,119999999999999;"weiblich";"ja";"nein";"unterdurch.";"unterdurch.";"unterdurch.";"unterdurch."
"82771";"Adult";"1";"2";36,8;106,00000000000001;"2";131;8,219999999999999;"männlich";"nein";"nein";"überdurch..";"überdurch.";"überdurch.";"unterdurch."
"82775";"Adult";"1";"1";27,2;117,00000000000001;"2";143;8,989999999999998;"männlich";"ja";"nein";"unterdurch.";"überdurch.";"überdurch.";"unterdurch."
"82782";"Adult";"1";"1";25,8;108,00000000000001;"2";71;5,119999999999999;"männlich";"ja";"nein";"unterdurch.";"überdurch.";"unterdurch.";"unterdurch."
"82788";"Adult";"1";"2";21,4;108,00000000000001;"2";90;4,679999999999999;"männlich";"nein";"nein";"unterdurch.";"überdurch.";"unterdurch.";"unterdurch."
"82790";"Senior";"1";"1";29,2;123,00000000000001;"2";203;10,37;"männlich";"ja";"nein";"überdurch..";"überdurch.";"überdurch.";"unterdurch."
"82794";"Adult";"2";"1";18,6;99,00000000000001;"2";145;4,499999999999999;"weiblich";"ja";"nein";"unterdurch.";"unterdurch.";"überdurch.";"unterdurch."
"82797";"Adult";"2";"2";21,1;102,00000000000001;"2";76;8,59;"weiblich";"nein";"nein";"unterdurch.";"überdurch.";"unterdurch.";"unterdurch."
"82803";"Adult";"2";"2";31,7;95,00000000000001;"2";101;15,94;"weiblich";"nein";"nein";"überdurch..";"unterdurch.";"unterdurch.";"überdurch."
"82805";"Adult";"2";"2";36,599999999999994;86,00000000000001;"3";98;11,23;"weiblich";"nein";"Prädiabetes";"überdurch..";"unterdurch.";"unterdurch.";"unterdurch."
"82813";"Adult";"2";"2";23,4;90,00000000000001;"2";64;8,59;"weiblich";"nein";"nein";"unterdurch.";"unterdurch.";"unterdurch.";"unterdurch."
"82821";"Adult";"1";"2";17,5;97,00000000000001;"2";122;9,029999999999998;"männlich";"nein";"nein";"unterdurch.";"unterdurch.";"überdurch.";"unterdurch."
"82825";"Adult";"2";"2";27,999999999999996;93,00000000000001;"2";111;5,53;"weiblich";"nein";"nein";"überdurch..";"unterdurch.";"unterdurch.";"unterdurch."
"82829";"Adult";"1";"2";31,3;132,00000000000003;"3";225,99999999999997;34,669999999999995;"männlich";"nein";"Prädiabetes";"überdurch..";"überdurch.";"überdurch.";"überdurch."
"82831";"Adult";"2";"2";29,5;105,00000000000001;"2";133;15,45;"weiblich";"nein";"nein";"überdurch..";"überdurch.";"überdurch.";"überdurch."
"82832";"Adult";"2";"2";23,2;88,00000000000001;"2";108;4,739999999999999;"weiblich";"nein";"nein";"unterdurch.";"unterdurch.";"unterdurch.";"unterdurch."
"82839";"Adult";"2";"2";19,1;95,00000000000001;"2";92;2,049999999999999;"weiblich";"nein";"nein";"unterdurch.";"unterdurch.";"unterdurch.";"unterdurch."
"82844";"Adult";"1";"1";24,4;92,00000000000001;"2";74;6,279999999999999;"männlich";"ja";"nein";"unterdurch.";"unterdurch.";"unterdurch.";"unterdurch."
"82848";"Adult";"2";"2";29,3;89;"2";119,99999999999999;18,74;"weiblich";"nein";"nein";"überdurch..";"unterdurch.";"überdurch.";"überdurch."
"82849";"Senior";"1";"2";25,8;105,00000000000001;"2";128;20,37;"männlich";"nein";"nein";"unterdurch.";"überdurch.";"überdurch.";"überdurch."
"82851";"Adult";"2";"2";21,1;83;"2";76;4,099999999999999;"weiblich";"nein";"nein";"unterdurch.";"unterdurch.";"unterdurch.";"unterdurch."
"82854";"Senior";"1";"2";31,9;121,00000000000003;"2";145;17,3;"männlich";"nein";"nein";"überdurch..";"überdurch.";"überdurch.";"überdurch."
"82857";"Adult";"2";"2";48,4;100,00000000000001;"2";124;33,41;"weiblich";"nein";"nein";"überdurch..";"überdurch.";"überdurch.";"überdurch."
"82862";"Adult";"2";"2";20,7;101,00000000000001;"2";166;6,549999999999999;"weiblich";"nein";"nein";"unterdurch.";"überdurch.";"überdurch.";"unterdurch."
"82864";"Adult";"1";"1";20,2;82,00000000000001;"2";75;3,9099999999999993;"männlich";"ja";"nein";"unterdurch.";"unterdurch.";"unterdurch.";"unterdurch."
"82876";"Senior";"1";"2";28,6;127,00000000000001;"2";252;15;"männlich";"nein";"nein";"überdurch..";"überdurch.";"überdurch.";"überdurch."
"82881";"Senior";"1";"2";26,1;92,00000000000001;"2";91;6,989999999999999;"männlich";"nein";"nein";"unterdurch.";"unterdurch.";"unterdurch.";"unterdurch."
"82896";"Adult";"2";"2";27,3;92,00000000000001;"2";63,00000000000001;12,969999999999999;"weiblich";"nein";"nein";"unterdurch.";"unterdurch.";"unterdurch.";"überdurch."
"82897";"Adult";"2";"2";23,6;100,00000000000001;"2";98,99999999999999;4,119999999999998;"weiblich";"nein";"nein";"unterdurch.";"überdurch.";"unterdurch.";"unterdurch."
"82904";"Senior";"2";"2";29,4;84;"2";68;4,33;"weiblich";"nein";"nein";"überdurch..";"unterdurch.";"unterdurch.";"unterdurch."
"82906";"Senior";"1";"2";19,8;83;"2";97;1,1499999999999986;"männlich";"nein";"nein";"unterdurch.";"unterdurch.";"unterdurch.";"unterdurch."
"82916";"Adult";"2";"2";24;103,00000000000001;"2";91;10,11;"weiblich";"nein";"nein";"unterdurch.";"überdurch.";"unterdurch.";"unterdurch."
"82917";"Adult";"1";"2";30,700000000000003;103,00000000000001;"2";81;11,169999999999998;"männlich";"nein";"nein";"überdurch..";"überdurch.";"unterdurch.";"unterdurch."
"82920";"Adult";"2";"2";19,1;88,00000000000001;"2";90;2,6099999999999977;"weiblich";"nein";"nein";"unterdurch.";"unterdurch.";"unterdurch.";"unterdurch."
"82925";"Adult";"1";"2";27,999999999999996;105,00000000000001;"2";114;6,469999999999999;"männlich";"nein";"nein";"überdurch..";"überdurch.";"unterdurch.";"unterdurch."
"82926";"Adult";"2";"1";24,1;93,00000000000001;"2";144;11,029999999999998;"weiblich";"ja";"nein";"unterdurch.";"unterdurch.";"überdurch.";"unterdurch."
"82930";"Adult";"2";"2";30,399999999999995;90,00000000000001;"2";142;19,979999999999997;"weiblich";"nein";"nein";"überdurch..";"unterdurch.";"überdurch.";"überdurch."
"82940";"Adult";"2";"1";22,8;94;"2";119;6,469999999999999;"weiblich";"ja";"nein";"unterdurch.";"unterdurch.";"überdurch.";"unterdurch."
"82942";"Adult";"1";"2";21,6;98,00000000000001;"2";82;7,249999999999999;"männlich";"nein";"nein";"unterdurch.";"unterdurch.";"unterdurch.";"unterdurch."
"82945";"Senior";"2";"2";36,9;105,00000000000001;"2";102,00000000000001;8,05;"weiblich";"nein";"nein";"überdurch..";"überdurch.";"unterdurch.";"unterdurch."
"82956";"Senior";"1";"2";17,7;107,00000000000001;"2";102,00000000000001;3,1799999999999997;"männlich";"nein";"nein";"unterdurch.";"überdurch.";"unterdurch.";"unterdurch."
"82957";"Adult";"2";"2";24,899999999999995;85,00000000000001;"2";70;2,549999999999999;"weiblich";"nein";"nein";"unterdurch.";"unterdurch.";"unterdurch.";"unterdurch."
"82959";"Adult";"1";"1";21,8;89;"2";90;2,83;"männlich";"ja";"nein";"unterdurch.";"unterdurch.";"unterdurch.";"unterdurch."
"82963";"Adult";"2";"2";38,89999999999999;101,00000000000001;"2";135;6,609999999999999;"weiblich";"nein";"nein";"überdurch..";"überdurch.";"überdurch.";"unterdurch."
"82967";"Senior";"2";"2";22,8;92,00000000000001;"2";133;6,499999999999999;"weiblich";"nein";"nein";"unterdurch.";"unterdurch.";"überdurch.";"unterdurch."
"82970";"Adult";"1";"2";32;104,00000000000001;"2";92;13,51;"männlich";"nein";"nein";"überdurch..";"überdurch.";"unterdurch.";"überdurch."
"82975";"Adult";"2";"2";27,9;86,00000000000001;"2";85;7,539999999999999;"weiblich";"nein";"nein";"unterdurch.";"unterdurch.";"unterdurch.";"unterdurch."
"82978";"Adult";"2";"2";21,7;97,00000000000001;"2";105;6,75;"weiblich";"nein";"nein";"unterdurch.";"unterdurch.";"unterdurch.";"unterdurch."
"82980";"Adult";"2";"2";24,1;79;"2";67;16,7;"weiblich";"nein";"nein";"unterdurch.";"unterdurch.";"unterdurch.";"überdurch."
"82984";"Adult";"2";"2";29,699999999999996;95,00000000000001;"2";92;16,9;"weiblich";"nein";"nein";"überdurch..";"unterdurch.";"unterdurch.";"überdurch."
"82991";"Adult";"2";"2";30,6;100,00000000000001;"2";128;12,72;"weiblich";"nein";"nein";"überdurch..";"überdurch.";"überdurch.";"überdurch."
"82995";"Senior";"1";"2";23,9;114,00000000000001;"2";242,99999999999997;6,9799999999999995;"männlich";"nein";"nein";"unterdurch.";"überdurch.";"überdurch.";"unterdurch."
"82998";"Adult";"1";"2";30,700000000000003;117,00000000000001;"3";137;22,79;"männlich";"nein";"Prädiabetes";"überdurch..";"überdurch.";"überdurch.";"überdurch."
"82999";"Adult";"1";"2";28,6;98,00000000000001;"2";96;8,09;"männlich";"nein";"nein";"überdurch..";"unterdurch.";"unterdurch.";"unterdurch."
"83001";"Adult";"2";"2";26;101,00000000000001;"2";130;10,669999999999998;"weiblich";"nein";"nein";"unterdurch.";"überdurch.";"überdurch.";"unterdurch."
"83005";"Senior";"1";"2";31,3;109,00000000000001;"2";183;13,399999999999999;"männlich";"nein";"nein";"überdurch..";"überdurch.";"überdurch.";"überdurch."
"83009";"Adult";"1";"1";24;97,00000000000001;"2";93;8,439999999999998;"männlich";"ja";"nein";"unterdurch.";"unterdurch.";"unterdurch.";"unterdurch."
"83010";"Senior";"2";"2";18,1;119,00000000000001;"3";228,99999999999997;8,439999999999998;"weiblich";"nein";"Prädiabetes";"unterdurch.";"überdurch.";"überdurch.";"unterdurch."
"83012";"Adult";"2";"2";16,9;107,00000000000001;"2";136;12,94;"weiblich";"nein";"nein";"unterdurch.";"überdurch.";"überdurch.";"überdurch."
"83016";"Senior";"2";"2";24,3;101,00000000000001;"2";139;9,95;"weiblich";"nein";"nein";"unterdurch.";"überdurch.";"überdurch.";"unterdurch."
"83017";"Adult";"2";"1";26,6;89;"2";86;8,13;"weiblich";"ja";"nein";"unterdurch.";"unterdurch.";"unterdurch.";"unterdurch."
"83021";"Adult";"2";"2";26,3;91,00000000000001;"2";96;14,9;"weiblich";"nein";"nein";"unterdurch.";"unterdurch.";"unterdurch.";"überdurch."
"83024";"Adult";"2";"2";17,3;101,00000000000001;"2";105;10,009999999999998;"weiblich";"nein";"nein";"unterdurch.";"überdurch.";"unterdurch.";"unterdurch."
"83027";"Adult";"2";"2";27,2;97,00000000000001;"2";141;3,5299999999999994;"weiblich";"nein";"nein";"unterdurch.";"unterdurch.";"überdurch.";"unterdurch."
"83031";"Adult";"1";"2";30,2;101,00000000000001;"2";138;9,729999999999999;"männlich";"nein";"nein";"überdurch..";"überdurch.";"überdurch.";"unterdurch."
"83033";"Adult";"2";"2";24,2;91,00000000000001;"2";137;8,89;"weiblich";"nein";"nein";"unterdurch.";"unterdurch.";"überdurch.";"unterdurch."
"83037";"Senior";"2";"2";31;107,00000000000001;"2";148;8,7;"weiblich";"nein";"nein";"überdurch..";"überdurch.";"überdurch.";"unterdurch."
"83039";"Adult";"1";"2";16,200000000000003;93,00000000000001;"2";96;9,769999999999998;"männlich";"nein";"nein";"unterdurch.";"unterdurch.";"unterdurch.";"unterdurch."
"83045";"Adult";"1";"1";22,9;120;"2";150;4,209999999999999;"männlich";"ja";"nein";"unterdurch.";"überdurch.";"überdurch.";"unterdurch."
"83046";"Senior";"2";"2";28,099999999999998;96,00000000000001;"2";118;6,589999999999999;"weiblich";"nein";"nein";"überdurch..";"unterdurch.";"überdurch.";"unterdurch."
"83047";"Adult";"1";"2";20,9;106,00000000000001;"2";89;5,379999999999999;"männlich";"nein";"nein";"unterdurch.";"überdurch.";"unterdurch.";"unterdurch."
"83048";"Adult";"1";"1";32,1;94;"2";105;12,969999999999999;"männlich";"ja";"nein";"überdurch..";"unterdurch.";"unterdurch.";"überdurch."
"83052";"Senior";"1";"2";28,099999999999998;100,00000000000001;"2";210;4;"männlich";"nein";"nein";"überdurch..";"überdurch.";"überdurch.";"unterdurch."
"83058";"Adult";"1";"2";22,4;108,00000000000001;"2";80;7,539999999999999;"männlich";"nein";"nein";"unterdurch.";"überdurch.";"unterdurch.";"unterdurch."
"83063";"Adult";"2";"2";30,100000000000005;88,00000000000001;"2";76;11,289999999999997;"weiblich";"nein";"nein";"überdurch..";"unterdurch.";"unterdurch.";"unterdurch."
"83069";"Adult";"2";"2";23,699999999999996;113,00000000000001;"2";107;11,58;"weiblich";"nein";"nein";"unterdurch.";"überdurch.";"unterdurch.";"unterdurch."
"83073";"Adult";"2";"2";25,9;86,00000000000001;"2";126,99999999999999;6,669999999999999;"weiblich";"nein";"nein";"unterdurch.";"unterdurch.";"überdurch.";"unterdurch."
"83074";"Adult";"2";"2";24,6;89;"2";94;5,91;"weiblich";"nein";"nein";"unterdurch.";"unterdurch.";"unterdurch.";"unterdurch."
"83078";"Adult";"1";"2";30,3;105,00000000000001;"2";111;6,369999999999999;"männlich";"nein";"nein";"überdurch..";"überdurch.";"unterdurch.";"unterdurch."
"83093";"Adult";"1";"2";23,6;90,00000000000001;"2";78;6,56;"männlich";"nein";"nein";"unterdurch.";"unterdurch.";"unterdurch.";"unterdurch."
"83096";"Adult";"2";"2";34,3;82,00000000000001;"2";119;9,74;"weiblich";"nein";"nein";"überdurch..";"unterdurch.";"überdurch.";"unterdurch."
"83100";"Adult";"2";"2";42,9;86,00000000000001;"2";57;23,23;"weiblich";"nein";"nein";"überdurch..";"unterdurch.";"unterdurch.";"überdurch."
"83101";"Adult";"2";"2";27,399999999999995;75,00000000000001;"2";82;9,309999999999999;"weiblich";"nein";"nein";"unterdurch.";"unterdurch.";"unterdurch.";"unterdurch."
"83104";"Adult";"1";"2";22,7;92,00000000000001;"2";108;2,5699999999999985;"männlich";"nein";"nein";"unterdurch.";"unterdurch.";"unterdurch.";"unterdurch."
"83114";"Senior";"1";"2";28,8;111,00000000000001;"2";117;15,619999999999997;"männlich";"nein";"nein";"überdurch..";"überdurch.";"überdurch.";"überdurch."
"83144";"Adult";"2";"2";40,5;101,00000000000001;"2";107;28,699999999999996;"weiblich";"nein";"nein";"überdurch..";"überdurch.";"unterdurch.";"überdurch."
"83146";"Senior";"1";"2";28,8;99,00000000000001;"2";132;10,61;"männlich";"nein";"nein";"überdurch..";"unterdurch.";"überdurch.";"unterdurch."
"83147";"Senior";"1";"2";39,4;127,00000000000001;"2";89;11,9;"männlich";"nein";"nein";"überdurch..";"überdurch.";"unterdurch.";"überdurch."
"83148";"Adult";"1";"1";22,9;91,00000000000001;"2";112,99999999999999;1,0699999999999985;"männlich";"ja";"nein";"unterdurch.";"unterdurch.";"unterdurch.";"unterdurch."
"83152";"Adult";"1";"1";26,4;89;"2";98,99999999999999;5,65;"männlich";"ja";"nein";"unterdurch.";"unterdurch.";"unterdurch.";"unterdurch."
"83153";"Adult";"1";"2";18,6;94;"2";70;6,369999999999999;"männlich";"nein";"nein";"unterdurch.";"unterdurch.";"unterdurch.";"unterdurch."
"83158";"Adult";"1";"2";23,3;84;"2";115;2,84;"männlich";"nein";"nein";"unterdurch.";"unterdurch.";"überdurch.";"unterdurch."
"83165";"Adult";"2";"2";21,5;98,00000000000001;"2";155;4,859999999999999;"weiblich";"nein";"nein";"unterdurch.";"unterdurch.";"überdurch.";"unterdurch."
"83180";"Adult";"1";"1";27,7;99,00000000000001;"2";163;10,269999999999998;"männlich";"ja";"nein";"unterdurch.";"unterdurch.";"überdurch.";"unterdurch."
"83181";"Adult";"1";"1";25,5;96,00000000000001;"2";102,00000000000001;5,039999999999999;"männlich";"ja";"nein";"unterdurch.";"unterdurch.";"unterdurch.";"unterdurch."
"83182";"Adult";"2";"2";22,7;97,00000000000001;"2";121;6,969999999999999;"weiblich";"nein";"nein";"unterdurch.";"unterdurch.";"überdurch.";"unterdurch."
"83184";"Adult";"2";"2";22,7;97,00000000000001;"2";145;3,549999999999999;"weiblich";"nein";"nein";"unterdurch.";"unterdurch.";"überdurch.";"unterdurch."
"83192";"Adult";"1";"2";32,5;101,00000000000001;"2";88;18,46;"männlich";"nein";"nein";"überdurch..";"überdurch.";"unterdurch.";"überdurch."
"83197";"Adult";"2";"2";19,2;95,00000000000001;"2";76;8,829999999999998;"weiblich";"nein";"nein";"unterdurch.";"unterdurch.";"unterdurch.";"unterdurch."
"83211";"Adult";"1";"1";20;97,00000000000001;"2";80;10,509999999999998;"männlich";"ja";"nein";"unterdurch.";"unterdurch.";"unterdurch.";"unterdurch."
"83212";"Adult";"1";"2";29,6;102,00000000000001;"2";52;7,899999999999999;"männlich";"nein";"nein";"überdurch..";"überdurch.";"unterdurch.";"unterdurch."
"83227";"Adult";"1";"2";26,1;91,00000000000001;"2";108,99999999999999;8,52;"männlich";"nein";"nein";"unterdurch.";"unterdurch.";"unterdurch.";"unterdurch."
"83241";"Adult";"1";"2";32,7;128;"2";77;25,049999999999997;"männlich";"nein";"nein";"überdurch..";"überdurch.";"unterdurch.";"überdurch."
"83251";"Adult";"2";"2";16,9;99,00000000000001;"2";94;14,95;"weiblich";"nein";"nein";"unterdurch.";"unterdurch.";"unterdurch.";"überdurch."
"83252";"Adult";"2";"2";28,8;88,00000000000001;"2";96;8,429999999999998;"weiblich";"nein";"nein";"überdurch..";"unterdurch.";"unterdurch.";"unterdurch."
"83253";"Adult";"2";"2";23,9;100,00000000000001;"2";152;12,15;"weiblich";"nein";"nein";"unterdurch.";"überdurch.";"überdurch.";"überdurch."
"83255";"Senior";"2";"2";21,299999999999997;97,00000000000001;"2";96;6,499999999999999;"weiblich";"nein";"nein";"unterdurch.";"unterdurch.";"unterdurch.";"unterdurch."
"83260";"Adult";"2";"2";21,4;90,00000000000001;"2";91;6,839999999999999;"weiblich";"nein";"nein";"unterdurch.";"unterdurch.";"unterdurch.";"unterdurch."
"83275";"Adult";"1";"2";24,1;86,00000000000001;"2";69;6,919999999999999;"männlich";"nein";"nein";"unterdurch.";"unterdurch.";"unterdurch.";"unterdurch."
"83276";"Adult";"1";"1";24,2;99,00000000000001;"2";95,00000000000001;5,409999999999999;"männlich";"ja";"nein";"unterdurch.";"unterdurch.";"unterdurch.";"unterdurch."
"83277";"Adult";"1";"2";22,7;108,00000000000001;"2";85;7,4399999999999995;"männlich";"nein";"nein";"unterdurch.";"überdurch.";"unterdurch.";"unterdurch."
"83282";"Senior";"2";"2";27,8;110;"2";98;21,42;"weiblich";"nein";"nein";"unterdurch.";"überdurch.";"unterdurch.";"überdurch."
"83284";"Adult";"2";"2";18,299999999999997;89;"2";98;3,5999999999999996;"weiblich";"nein";"nein";"unterdurch.";"unterdurch.";"unterdurch.";"unterdurch."
"83294";"Senior";"1";"2";24,2;158;"1";304;7,32;"männlich";"nein";"ja";"unterdurch.";"überdurch.";"überdurch.";"unterdurch."
"83295";"Adult";"2";"2";26,799999999999997;91,00000000000001;"2";94;20,38;"weiblich";"nein";"nein";"unterdurch.";"unterdurch.";"unterdurch.";"überdurch."
"83296";"Adult";"2";"2";21,4;85,00000000000001;"2";101;3,41;"weiblich";"nein";"nein";"unterdurch.";"unterdurch.";"unterdurch.";"unterdurch."
"83297";"Senior";"2";"2";27,3;96,00000000000001;"2";161;4,529999999999999;"weiblich";"nein";"nein";"unterdurch.";"unterdurch.";"überdurch.";"unterdurch."
"83309";"Adult";"2";"2";23;99,00000000000001;"2";89;5,999999999999999;"weiblich";"nein";"nein";"unterdurch.";"unterdurch.";"unterdurch.";"unterdurch."
"83316";"Adult";"2";"2";34,9;100,00000000000001;"2";125;25,03;"weiblich";"nein";"nein";"überdurch..";"überdurch.";"überdurch.";"überdurch."
"83323";"Senior";"1";"2";30,6;101,00000000000001;"2";121;12,32;"männlich";"nein";"nein";"überdurch..";"überdurch.";"überdurch.";"überdurch."
"83325";"Adult";"2";"2";16,6;93,00000000000001;"2";108;9,649999999999999;"weiblich";"nein";"nein";"unterdurch.";"unterdurch.";"unterdurch.";"unterdurch."
"83326";"Senior";"2";"2";25,7;89;"2";82;4,489999999999999;"weiblich";"nein";"nein";"unterdurch.";"unterdurch.";"unterdurch.";"unterdurch."
"83332";"Adult";"2";"2";31,599999999999998;105,00000000000001;"2";121;18,27;"weiblich";"nein";"nein";"überdurch..";"überdurch.";"überdurch.";"überdurch."
"83333";"Adult";"1";"2";25,5;106,00000000000001;"2";126,99999999999999;6,859999999999999;"männlich";"nein";"nein";"unterdurch.";"überdurch.";"überdurch.";"unterdurch."
"83334";"Adult";"1";"2";25,6;84;"2";122,99999999999999;8,71;"männlich";"nein";"nein";"unterdurch.";"unterdurch.";"überdurch.";"unterdurch."
"83358";"Adult";"1";"2";36,9;113,00000000000001;"2";197;40,33;"männlich";"nein";"nein";"überdurch..";"überdurch.";"überdurch.";"überdurch."
"83360";"Adult";"1";"1";21,9;96,00000000000001;"2";41;6,059999999999999;"männlich";"ja";"nein";"unterdurch.";"unterdurch.";"unterdurch.";"unterdurch."
"83362";"Adult";"2";"2";20,6;97,00000000000001;"2";135;4,919999999999999;"weiblich";"nein";"nein";"unterdurch.";"unterdurch.";"überdurch.";"unterdurch."
"83364";"Adult";"1";"1";33,7;91,00000000000001;"2";160;42,03;"männlich";"ja";"nein";"überdurch..";"unterdurch.";"überdurch.";"überdurch."
"83371";"Adult";"1";"2";26,3;103,00000000000001;"2";129;14,17;"männlich";"nein";"nein";"unterdurch.";"überdurch.";"überdurch.";"überdurch."
"83372";"Adult";"2";"2";25,5;95,00000000000001;"2";91;12,689999999999998;"weiblich";"nein";"nein";"unterdurch.";"unterdurch.";"unterdurch.";"überdurch."
"83373";"Adult";"1";"1";22,7;90,00000000000001;"2";110;10,409999999999998;"männlich";"ja";"nein";"unterdurch.";"unterdurch.";"unterdurch.";"unterdurch."
"83376";"Adult";"2";"2";50;131,00000000000003;"2";172;23,75;"weiblich";"nein";"nein";"überdurch..";"überdurch.";"überdurch.";"überdurch."
"83382";"Adult";"1";"2";27,1;102,00000000000001;"2";130;12,08;"männlich";"nein";"nein";"unterdurch.";"überdurch.";"überdurch.";"überdurch."
"83383";"Adult";"2";"2";24;91,00000000000001;"2";97;12,01;"weiblich";"nein";"nein";"unterdurch.";"unterdurch.";"unterdurch.";"überdurch."
"83395";"Senior";"2";"2";34,5;87,00000000000001;"2";122,99999999999999;6,529999999999999;"weiblich";"nein";"nein";"überdurch..";"unterdurch.";"überdurch.";"unterdurch."
"83396";"Adult";"1";"2";16,7;99,00000000000001;"2";94;2,4099999999999984;"männlich";"nein";"nein";"unterdurch.";"unterdurch.";"unterdurch.";"unterdurch."
"83398";"Adult";"2";"2";24,8;104,00000000000001;"2";89;7,209999999999999;"weiblich";"nein";"nein";"unterdurch.";"überdurch.";"unterdurch.";"unterdurch."
"83409";"Adult";"2";"2";30,100000000000005;111,00000000000001;"2";164;19,29;"weiblich";"nein";"nein";"überdurch..";"überdurch.";"überdurch.";"überdurch."
"83415";"Adult";"2";"2";19,9;79;"2";62;10,61;"weiblich";"nein";"nein";"unterdurch.";"unterdurch.";"unterdurch.";"unterdurch."
"83427";"Adult";"2";"2";28,8;93,00000000000001;"2";94;9,91;"weiblich";"nein";"nein";"überdurch..";"unterdurch.";"unterdurch.";"unterdurch."
"83428";"Adult";"2";"2";25,1;87,00000000000001;"2";94;6,349999999999999;"weiblich";"nein";"nein";"unterdurch.";"unterdurch.";"unterdurch.";"unterdurch."
"83429";"Adult";"2";"2";35,2;92,00000000000001;"2";166;9,629999999999999;"weiblich";"nein";"nein";"überdurch..";"unterdurch.";"überdurch.";"unterdurch."
"83431";"Adult";"2";"2";23,699999999999996;110;"3";82;9,649999999999999;"weiblich";"nein";"Prädiabetes";"unterdurch.";"überdurch.";"unterdurch.";"unterdurch."
"83433";"Adult";"2";"1";22,8;94;"2";90;7,489999999999999;"weiblich";"ja";"nein";"unterdurch.";"unterdurch.";"unterdurch.";"unterdurch."
"83438";"Adult";"1";"2";28,3;99,00000000000001;"2";105;8,64;"männlich";"nein";"nein";"überdurch..";"unterdurch.";"unterdurch.";"unterdurch."
"83440";"Adult";"2";"2";19,7;92,00000000000001;"2";153;11,99;"weiblich";"nein";"nein";"unterdurch.";"unterdurch.";"überdurch.";"überdurch."
"83441";"Adult";"1";"1";22,3;84;"2";87;1,4399999999999995;"männlich";"ja";"nein";"unterdurch.";"unterdurch.";"unterdurch.";"unterdurch."
"83447";"Adult";"1";"2";38,2;107,00000000000001;"2";95,00000000000001;18,42;"männlich";"nein";"nein";"überdurch..";"überdurch.";"unterdurch.";"überdurch."
"83448";"Adult";"2";"1";32,8;127,00000000000001;"2";287;13,639999999999999;"weiblich";"ja";"nein";"überdurch..";"überdurch.";"überdurch.";"überdurch."
"83450";"Senior";"1";"2";29,4;118,00000000000001;"2";231;9,649999999999999;"männlich";"nein";"nein";"überdurch..";"überdurch.";"überdurch.";"unterdurch."
"83453";"Adult";"2";"2";21;86,00000000000001;"2";54,00000000000001;7,179999999999999;"weiblich";"nein";"nein";"unterdurch.";"unterdurch.";"unterdurch.";"unterdurch."
"83454";"Adult";"1";"2";20;100,00000000000001;"2";115;13,779999999999998;"männlich";"nein";"nein";"unterdurch.";"überdurch.";"überdurch.";"überdurch."
"83455";"Adult";"2";"2";21,6;97,00000000000001;"2";111;5,539999999999999;"weiblich";"nein";"nein";"unterdurch.";"unterdurch.";"unterdurch.";"unterdurch."
"83465";"Adult";"1";"2";25,1;98,00000000000001;"2";129;7,159999999999999;"männlich";"nein";"nein";"unterdurch.";"unterdurch.";"überdurch.";"unterdurch."
"83472";"Adult";"2";"2";25,1;88,00000000000001;"2";91;4,709999999999999;"weiblich";"nein";"nein";"unterdurch.";"unterdurch.";"unterdurch.";"unterdurch."
"83476";"Adult";"1";"2";23;89;"2";60;7,909999999999998;"männlich";"nein";"nein";"unterdurch.";"unterdurch.";"unterdurch.";"unterdurch."
"83477";"Adult";"1";"2";25,3;94;"2";112;7,199999999999999;"männlich";"nein";"nein";"unterdurch.";"unterdurch.";"unterdurch.";"unterdurch."
"83485";"Adult";"1";"2";19,7;92,00000000000001;"2";89;8,829999999999998;"männlich";"nein";"nein";"unterdurch.";"unterdurch.";"unterdurch.";"unterdurch."
"83487";"Adult";"1";"2";27;95,00000000000001;"2";78;8,15;"männlich";"nein";"nein";"unterdurch.";"unterdurch.";"unterdurch.";"unterdurch."
"83491";"Adult";"2";"2";40;97,00000000000001;"2";128;13,18;"weiblich";"nein";"nein";"überdurch..";"unterdurch.";"überdurch.";"überdurch."
"83494";"Adult";"2";"2";30;84;"2";130;13,1;"weiblich";"nein";"nein";"überdurch..";"unterdurch.";"überdurch.";"überdurch."
"83516";"Senior";"2";"2";23,9;93,00000000000001;"2";151;14,05;"weiblich";"nein";"nein";"unterdurch.";"unterdurch.";"überdurch.";"überdurch."
"83523";"Adult";"2";"2";20;88,00000000000001;"2";91;9,399999999999999;"weiblich";"nein";"nein";"unterdurch.";"unterdurch.";"unterdurch.";"unterdurch."
"83524";"Adult";"2";"2";19,9;84;"2";118;4,369999999999999;"weiblich";"nein";"nein";"unterdurch.";"unterdurch.";"überdurch.";"unterdurch."
"83527";"Adult";"1";"2";25,8;84;"2";104;18,11;"männlich";"nein";"nein";"unterdurch.";"unterdurch.";"unterdurch.";"überdurch."
"83540";"Adult";"1";"2";26,9;92,00000000000001;"2";117;30;"männlich";"nein";"nein";"unterdurch.";"unterdurch.";"überdurch.";"überdurch."
"83541";"Adult";"1";"2";27,1;98,00000000000001;"2";146;9,509999999999998;"männlich";"nein";"nein";"unterdurch.";"unterdurch.";"überdurch.";"unterdurch."
"83553";"Senior";"1";"1";36,1;114,00000000000001;"2";90;22,71;"männlich";"ja";"nein";"überdurch..";"überdurch.";"unterdurch.";"überdurch."
"83554";"Adult";"1";"2";31,3;98,00000000000001;"2";122;11,759999999999998;"männlich";"nein";"nein";"überdurch..";"unterdurch.";"überdurch.";"unterdurch."
"83561";"Adult";"1";"1";20,5;93,00000000000001;"2";76;6,659999999999999;"männlich";"ja";"nein";"unterdurch.";"unterdurch.";"unterdurch.";"unterdurch."
"83562";"Adult";"2";"2";21,1;96,00000000000001;"2";83;6,849999999999999;"weiblich";"nein";"nein";"unterdurch.";"unterdurch.";"unterdurch.";"unterdurch."
"83563";"Adult";"2";"2";30,100000000000005;101,00000000000001;"2";114;11;"weiblich";"nein";"nein";"überdurch..";"überdurch.";"unterdurch.";"unterdurch."
"83576";"Senior";"2";"2";44;81,00000000000001;"2";74;21,46;"weiblich";"nein";"nein";"überdurch..";"unterdurch.";"unterdurch.";"überdurch."
"83580";"Adult";"1";"2";29,799999999999997;89;"2";79;7,079999999999999;"männlich";"nein";"nein";"überdurch..";"unterdurch.";"unterdurch.";"unterdurch."
"83585";"Adult";"1";"1";37,3;138;"2";126;32,79;"männlich";"ja";"nein";"überdurch..";"überdurch.";"überdurch.";"überdurch."
"83586";"Adult";"1";"2";21,9;97,00000000000001;"2";85;4,049999999999999;"männlich";"nein";"nein";"unterdurch.";"unterdurch.";"unterdurch.";"unterdurch."
"83589";"Adult";"1";"2";26,6;96,00000000000001;"2";117;6,449999999999999;"männlich";"nein";"nein";"unterdurch.";"unterdurch.";"überdurch.";"unterdurch."
"83612";"Senior";"1";"2";30,499999999999996;114,00000000000001;"2";134;15,86;"männlich";"nein";"nein";"überdurch..";"überdurch.";"überdurch.";"überdurch."
"83615";"Senior";"1";"2";24,899999999999995;105,00000000000001;"2";100;9,5;"männlich";"nein";"nein";"unterdurch.";"überdurch.";"unterdurch.";"unterdurch."
"83618";"Adult";"1";"2";29,4;96,00000000000001;"2";92;10,099999999999998;"männlich";"nein";"nein";"überdurch..";"unterdurch.";"unterdurch.";"unterdurch."
"83619";"Adult";"1";"2";26,7;94;"2";117;5,039999999999999;"männlich";"nein";"nein";"unterdurch.";"unterdurch.";"überdurch.";"unterdurch."
"83624";"Adult";"2";"2";34,3;333;"2";510;21,869999999999997;"weiblich";"nein";"nein";"überdurch..";"überdurch.";"überdurch.";"überdurch."
"83625";"Adult";"2";"2";24,6;96,00000000000001;"2";107;10,079999999999998;"weiblich";"nein";"nein";"unterdurch.";"unterdurch.";"unterdurch.";"unterdurch."
"83628";"Adult";"1";"2";36,39999999999999;96,00000000000001;"2";107;29,18;"männlich";"nein";"nein";"überdurch..";"unterdurch.";"unterdurch.";"überdurch."
"83630";"Senior";"2";"2";26;106,00000000000001;"2";166;13,32;"weiblich";"nein";"nein";"unterdurch.";"überdurch.";"überdurch.";"überdurch."
"83633";"Adult";"1";"1";29,699999999999996;96,00000000000001;"2";110;7,039999999999999;"männlich";"ja";"nein";"überdurch..";"unterdurch.";"unterdurch.";"unterdurch."
"83637";"Adult";"1";"2";48;98,00000000000001;"2";83;52,63999999999999;"männlich";"nein";"nein";"überdurch..";"unterdurch.";"unterdurch.";"überdurch."
"83638";"Senior";"1";"2";24,2;116,00000000000001;"2";157;13,81;"männlich";"nein";"nein";"unterdurch.";"überdurch.";"überdurch.";"überdurch."
"83642";"Adult";"1";"2";27,399999999999995;100,00000000000001;"2";115;12,86;"männlich";"nein";"nein";"unterdurch.";"überdurch.";"überdurch.";"überdurch."
"83648";"Adult";"2";"2";20,5;88,00000000000001;"2";144;3,74;"weiblich";"nein";"nein";"unterdurch.";"unterdurch.";"überdurch.";"unterdurch."
"83658";"Adult";"2";"2";32,7;106,00000000000001;"2";126;7,71;"weiblich";"nein";"nein";"überdurch..";"überdurch.";"überdurch.";"unterdurch."
"83673";"Adult";"2";"2";29,099999999999998;90,00000000000001;"2";111;9,74;"weiblich";"nein";"nein";"überdurch..";"unterdurch.";"unterdurch.";"unterdurch."
"83677";"Adult";"2";"2";26,799999999999997;98,00000000000001;"2";114;9,85;"weiblich";"nein";"nein";"unterdurch.";"unterdurch.";"unterdurch.";"unterdurch."
"83678";"Adult";"2";"2";18,299999999999997;97,00000000000001;"2";154;3,3900000000000006;"weiblich";"nein";"nein";"unterdurch.";"unterdurch.";"überdurch.";"unterdurch."
"83679";"Adult";"2";"2";19,300000000000004;94;"2";100;16,1;"weiblich";"nein";"nein";"unterdurch.";"unterdurch.";"unterdurch.";"überdurch."
"83683";"Adult";"2";"2";30;101,00000000000001;"2";149;15,819999999999999;"weiblich";"nein";"nein";"überdurch..";"überdurch.";"überdurch.";"überdurch."
"83692";"Senior";"1";"2";19,1;89;"2";136;1,5600000000000005;"männlich";"nein";"nein";"unterdurch.";"unterdurch.";"überdurch.";"unterdurch."
"83694";"Adult";"2";"2";25,3;99,00000000000001;"2";128;20,72;"weiblich";"nein";"nein";"unterdurch.";"unterdurch.";"überdurch.";"überdurch."
"83699";"Adult";"2";"2";20,8;83;"2";112,99999999999999;1,929999999999998;"weiblich";"nein";"nein";"unterdurch.";"unterdurch.";"unterdurch.";"unterdurch."
"83702";"Senior";"2";"2";27,9;111,00000000000001;"2";72;13,91;"weiblich";"nein";"nein";"unterdurch.";"überdurch.";"unterdurch.";"überdurch."
"83707";"Adult";"1";"2";22,5;98,00000000000001;"2";79;3,509999999999998;"männlich";"nein";"nein";"unterdurch.";"unterdurch.";"unterdurch.";"unterdurch."
"83711";"Adult";"2";"2";33,5;100,00000000000001;"2";73;6,529999999999999;"weiblich";"nein";"nein";"überdurch..";"überdurch.";"unterdurch.";"unterdurch."
"83712";"Adult";"1";"2";30;93,00000000000001;"2";208;13,019999999999998;"männlich";"nein";"nein";"überdurch..";"unterdurch.";"überdurch.";"überdurch."
"83713";"Adult";"1";"2";23,699999999999996;103,00000000000001;"2";124;21,410000000000004;"männlich";"nein";"nein";"unterdurch.";"überdurch.";"überdurch.";"überdurch."
"83718";"Adult";"2";"2";27,399999999999995;90,00000000000001;"2";108;4,989999999999999;"weiblich";"nein";"nein";"unterdurch.";"unterdurch.";"unterdurch.";"unterdurch."
"83727";"Adult";"1";"2";24,5;108,00000000000001;"2";108;3,76;"männlich";"nein";"nein";"unterdurch.";"überdurch.";"unterdurch.";"unterdurch."
